ISO-10303-21;
HEADER;
FILE_DESCRIPTION (( 'STEP AP214' ),
    '1' );
FILE_NAME ('module rail block v2.STEP',
    '2026-03-17T15:28:48',
    ( '' ),
    ( '' ),
    'SwSTEP 2.0',
    'SolidWorks 2025',
    '' );
FILE_SCHEMA (( 'AUTOMOTIVE_DESIGN' ));
ENDSEC;

DATA;
#1 = EDGE_CURVE ( 'NONE', #544, #1148, #242, .T. ) ;
#2 = AXIS2_PLACEMENT_3D ( 'NONE', #204, #464, #681 ) ;
#3 = ORIENTED_EDGE ( 'NONE', *, *, #421, .F. ) ;
#4 = DIRECTION ( 'NONE',  ( 0.000000000000000000, 0.000000000000000000, 1.000000000000000000 ) ) ;
#5 = ORIENTED_EDGE ( 'NONE', *, *, #216, .T. ) ;
#6 = DIRECTION ( 'NONE',  ( -1.000000000000000000, -0.000000000000000000, 0.000000000000000000 ) ) ;
#7 =( LENGTH_UNIT ( ) NAMED_UNIT ( * ) SI_UNIT ( $, .METRE. ) );
#8 = ORIENTED_EDGE ( 'NONE', *, *, #869, .T. ) ;
#9 = CARTESIAN_POINT ( 'NONE',  ( 6.125002459999994819, 3.209904510000012756, 43.55217851000001161 ) ) ;
#10 = ORIENTED_EDGE ( 'NONE', *, *, #260, .F. ) ;
#11 = PLANE ( 'NONE',  #890 ) ;
#12 = DIRECTION ( 'NONE',  ( 0.000000000000000000, 1.000000000000000000, 0.000000000000000000 ) ) ;
#13 = AXIS2_PLACEMENT_3D ( 'NONE', #1147, #677, #1157 ) ;
#14 = CARTESIAN_POINT ( 'NONE',  ( 5.343752460000001037, 6.079904510000015527, 42.72145959611692945 ) ) ;
#15 = EDGE_CURVE ( 'NONE', #728, #222, #1396, .T. ) ;
#16 = DIRECTION ( 'NONE',  ( 0.000000000000000000, 0.000000000000000000, 1.000000000000000000 ) ) ;
#17 = VERTEX_POINT ( 'NONE', #1174 ) ;
#18 = DIRECTION ( 'NONE',  ( -0.000000000000000000, -0.000000000000000000, -1.000000000000000000 ) ) ;
#19 = MANIFOLD_SOLID_BREP ( 'Chamfer2', #35 ) ;
#20 = CYLINDRICAL_SURFACE ( 'NONE', #794, 0.1406000000000034167 ) ;
#21 = CARTESIAN_POINT ( 'NONE',  ( 5.635419126666667111, 5.621571176666674496, 42.84384517666668302 ) ) ;
#22 = AXIS2_PLACEMENT_3D ( 'NONE', #1392, #235, #4 ) ;
#23 = PLANE ( 'NONE',  #1232 ) ;
#24 = DIRECTION ( 'NONE',  ( 0.000000000000000000, -1.000000000000000000, 0.000000000000000000 ) ) ;
#25 = DIRECTION ( 'NONE',  ( 0.000000000000000000, 1.000000000000000000, 0.000000000000000000 ) ) ;
#26 = AXIS2_PLACEMENT_3D ( 'NONE', #1249, #175, #1226 ) ;
#27 = FACE_OUTER_BOUND ( 'NONE', #112, .T. ) ;
#28 = ADVANCED_FACE ( 'NONE', ( #694 ), #1170, .F. ) ;
#29 = CARTESIAN_POINT ( 'NONE',  ( 5.281252460000000148, 5.267404510000007534, 42.11467851000000451 ) ) ;
#30 = FACE_OUTER_BOUND ( 'NONE', #689, .T. ) ;
#31 = VECTOR ( 'NONE', #628, 39.37007874015748854 ) ;
#32 = DIRECTION ( 'NONE',  ( 1.000000000000000000, -0.000000000000000000, -0.000000000000000000 ) ) ;
#33 = EDGE_CURVE ( 'NONE', #1001, #686, #574, .T. ) ;
#34 = ORIENTED_EDGE ( 'NONE', *, *, #773, .T. ) ;
#35 = CLOSED_SHELL ( 'NONE', ( #1025, #1461, #413, #349, #28, #926, #1013, #1156, #748, #374, #445, #1034, #898, #426, #1187, #379, #1224, #1188, #650, #852, #1197, #269, #1352, #573, #482, #307, #801, #40, #1080, #1167, #557, #1428, #179, #714, #100, #1118, #308, #1294, #911, #1087, #799, #1500, #830, #1389, #1053, #587, #298, #57, #333, #862 ) ) ;
#36 =( BOUNDED_CURVE ( )  B_SPLINE_CURVE ( 3, ( #435, #425, #679, #1383 ),
 .UNSPECIFIED., .F., .F. ) 
 B_SPLINE_CURVE_WITH_KNOTS ( ( 4, 4 ),
 ( 2.418858405776378895, 3.141592653589810435 ),
 .UNSPECIFIED. ) 
 CURVE ( )  GEOMETRIC_REPRESENTATION_ITEM ( )  RATIONAL_B_SPLINE_CURVE ( ( 1.000000000000000000, 0.9569428977956550009, 0.9569428977956550009, 1.000000000000000000 ) ) 
 REPRESENTATION_ITEM ( '' )  );
#37 = AXIS2_PLACEMENT_3D ( 'NONE', #1414, #1292, #829 ) ;
#38 = DIRECTION ( 'NONE',  ( 1.000000000000000000, -0.000000000000000000, -0.000000000000000000 ) ) ;
#39 = CARTESIAN_POINT ( 'NONE',  ( 5.031252460000002813, 5.704904510000012863, 43.05217851000001161 ) ) ;
#40 = ADVANCED_FACE ( 'NONE', ( #1288 ), #127, .T. ) ;
#41 = CARTESIAN_POINT ( 'NONE',  ( 5.437502459999995708, 3.459904510000012756, 41.67717851000001161 ) ) ;
#42 = VERTEX_POINT ( 'NONE', #369 ) ;
#43 = CARTESIAN_POINT ( 'NONE',  ( 5.281252460000000148, 5.704904510000007534, 42.11467851000000451 ) ) ;
#44 = VECTOR ( 'NONE', #1049, 39.37007874015748143 ) ;
#45 = ORIENTED_EDGE ( 'NONE', *, *, #967, .F. ) ;
#46 = DIRECTION ( 'NONE',  ( 0.000000000000000000, 0.000000000000000000, 1.000000000000000000 ) ) ;
#47 = LINE ( 'NONE', #747, #906 ) ;
#48 = VECTOR ( 'NONE', #545, 39.37007874015748143 ) ;
#49 = EDGE_CURVE ( 'NONE', #524, #1334, #602, .T. ) ;
#50 = ORIENTED_EDGE ( 'NONE', *, *, #111, .T. ) ;
#51 = DIRECTION ( 'NONE',  ( 0.000000000000000000, 0.000000000000000000, 1.000000000000000000 ) ) ;
#52 = DIRECTION ( 'NONE',  ( 0.000000000000000000, 0.000000000000000000, -1.000000000000000000 ) ) ;
#53 = VERTEX_POINT ( 'NONE', #1420 ) ;
#54 = LINE ( 'NONE', #1464, #767 ) ;
#55 = LINE ( 'NONE', #1456, #707 ) ;
#56 = VERTEX_POINT ( 'NONE', #1306 ) ;
#57 = ADVANCED_FACE ( 'NONE', ( #916 ), #790, .T. ) ;
#58 = CARTESIAN_POINT ( 'NONE',  ( 5.375002459999995708, 3.397404510000013200, 42.05217851000001161 ) ) ;
#59 = VERTEX_POINT ( 'NONE', #334 ) ;
#60 = DIRECTION ( 'NONE',  ( 0.000000000000000000, 0.000000000000000000, -1.000000000000000000 ) ) ;
#61 = VECTOR ( 'NONE', #951, 39.37007874015748143 ) ;
#62 = AXIS2_PLACEMENT_3D ( 'NONE', #210, #1141, #92 ) ;
#63 = DIRECTION ( 'NONE',  ( 1.000000000000000000, -0.000000000000000000, -0.000000000000000000 ) ) ;
#64 = EDGE_CURVE ( 'NONE', #638, #236, #149, .T. ) ;
#65 = EDGE_LOOP ( 'NONE', ( #591, #1237, #675, #388 ) ) ;
#66 = DIRECTION ( 'NONE',  ( -0.000000000000000000, 1.000000000000000000, -0.000000000000000000 ) ) ;
#67 = FACE_BOUND ( 'NONE', #322, .T. ) ;
#68 = ORIENTED_EDGE ( 'NONE', *, *, #319, .T. ) ;
#69 = CARTESIAN_POINT ( 'NONE',  ( 6.125002459999994819, 5.704904510000016415, 43.05217851000000451 ) ) ;
#70 = EDGE_LOOP ( 'NONE', ( #10, #1330, #314, #446 ) ) ;
#71 = CYLINDRICAL_SURFACE ( 'NONE', #629, 0.3750000000000002220 ) ;
#72 = ORIENTED_EDGE ( 'NONE', *, *, #1084, .F. ) ;
#73 = CARTESIAN_POINT ( 'NONE',  ( 6.125002459999994819, 3.709904510000012756, 42.30217851000000451 ) ) ;
#74 = AXIS2_PLACEMENT_3D ( 'NONE', #625, #1333, #189 ) ;
#75 = EDGE_CURVE ( 'NONE', #339, #630, #1072, .T. ) ;
#76 = DIRECTION ( 'NONE',  ( -0.000000000000000000, 1.000000000000000000, -0.000000000000000000 ) ) ;
#77 = ORIENTED_EDGE ( 'NONE', *, *, #105, .T. ) ;
#78 = CARTESIAN_POINT ( 'NONE',  ( 5.218752460000001037, 5.704904510000007534, 42.11467851000000451 ) ) ;
#79 = VERTEX_POINT ( 'NONE', #927 ) ;
#80 = VERTEX_POINT ( 'NONE', #1279 ) ;
#81 = CARTESIAN_POINT ( 'NONE',  ( 5.750002459999996596, 3.459904510000012756, 42.05217851000001161 ) ) ;
#82 = ORIENTED_EDGE ( 'NONE', *, *, #1228, .T. ) ;
#83 = CARTESIAN_POINT ( 'NONE',  ( 6.125002459999994819, 5.704904510000016415, 43.55217851000001161 ) ) ;
#84 = DIRECTION ( 'NONE',  ( 0.000000000000000000, 0.000000000000000000, -1.000000000000000000 ) ) ;
#85 = EDGE_LOOP ( 'NONE', ( #1356, #515, #440, #990 ) ) ;
#86 = DIRECTION ( 'NONE',  ( 1.000000000000000000, -0.000000000000000000, -0.000000000000000000 ) ) ;
#87 = ORIENTED_EDGE ( 'NONE', *, *, #1129, .F. ) ;
#88 = ORIENTED_EDGE ( 'NONE', *, *, #633, .T. ) ;
#89 = CARTESIAN_POINT ( 'NONE',  ( 5.031252460000002813, 5.704904510000012863, 42.25527851000001078 ) ) ;
#90 = AXIS2_PLACEMENT_3D ( 'NONE', #330, #798, #668 ) ;
#91 = ORIENTED_EDGE ( 'NONE', *, *, #1335, .F. ) ;
#92 = DIRECTION ( 'NONE',  ( 0.000000000000000000, 0.000000000000000000, 1.000000000000000000 ) ) ;
#93 = ORIENTED_EDGE ( 'NONE', *, *, #613, .F. ) ;
#94 = CARTESIAN_POINT ( 'NONE',  ( 5.343752460000001037, 6.079904510000015527, 42.72145959611692945 ) ) ;
#95 = ORIENTED_EDGE ( 'NONE', *, *, #736, .T. ) ;
#96 = VERTEX_POINT ( 'NONE', #1379 ) ;
#97 = DIRECTION ( 'NONE',  ( 0.000000000000000000, 0.000000000000000000, -1.000000000000000000 ) ) ;
#98 = DIRECTION ( 'NONE',  ( -1.000000000000000000, -0.000000000000000000, -0.000000000000000000 ) ) ;
#99 = ORIENTED_EDGE ( 'NONE', *, *, #493, .T. ) ;
#100 = ADVANCED_FACE ( 'NONE', ( #935 ), #23, .T. ) ;
#101 = VECTOR ( 'NONE', #878, 39.37007874015748143 ) ;
#102 = FACE_OUTER_BOUND ( 'NONE', #1348, .T. ) ;
#103 = ORIENTED_EDGE ( 'NONE', *, *, #1493, .F. ) ;
#104 = FACE_OUTER_BOUND ( 'NONE', #509, .T. ) ;
#105 = EDGE_CURVE ( 'NONE', #106, #80, #488, .T. ) ;
#106 = VERTEX_POINT ( 'NONE', #324 ) ;
#107 = DIRECTION ( 'NONE',  ( 0.000000000000000000, 1.000000000000000000, 0.000000000000000000 ) ) ;
#108 = CARTESIAN_POINT ( 'NONE',  ( 5.031252460000002813, 6.204904510000015527, 42.11467851000000451 ) ) ;
#109 = CIRCLE ( 'NONE', #881, 0.3750000000000002220 ) ;
#110 = SURFACE_STYLE_FILL_AREA ( #701 ) ;
#111 = EDGE_CURVE ( 'NONE', #1273, #339, #1270, .T. ) ;
#112 = EDGE_LOOP ( 'NONE', ( #1115, #161, #1153, #68, #1268, #5 ) ) ;
#113 = FACE_OUTER_BOUND ( 'NONE', #1391, .T. ) ;
#114 = ORIENTED_EDGE ( 'NONE', *, *, #613, .T. ) ;
#115 = DIRECTION ( 'NONE',  ( 1.000000000000000000, -0.000000000000000000, -0.000000000000000000 ) ) ;
#116 = PRESENTATION_LAYER_ASSIGNMENT (  '', '', ( #1424 ) ) ;
#117 = CARTESIAN_POINT ( 'NONE',  ( 5.031252460000002813, 5.704904510000007534, 41.61467851000000451 ) ) ;
#118 = EDGE_CURVE ( 'NONE', #131, #236, #351, .T. ) ;
#119 = CIRCLE ( 'NONE', #965, 0.2500000000000030531 ) ;
#120 = VECTOR ( 'NONE', #1242, 39.37007874015748143 ) ;
#121 = EDGE_CURVE ( 'NONE', #1437, #465, #442, .T. ) ;
#122 = DIRECTION ( 'NONE',  ( -0.000000000000000000, 1.000000000000000000, -0.000000000000000000 ) ) ;
#123 = DIRECTION ( 'NONE',  ( 0.000000000000000000, 0.000000000000000000, -1.000000000000000000 ) ) ;
#124 = ORIENTED_EDGE ( 'NONE', *, *, #1345, .F. ) ;
#125 = CARTESIAN_POINT ( 'NONE',  ( 5.218752460000001037, 5.204904510000007534, 42.11467851000000451 ) ) ;
#126 = AXIS2_PLACEMENT_3D ( 'NONE', #133, #1421, #377 ) ;
#127 = CYLINDRICAL_SURFACE ( 'NONE', #1064, 0.4999999999999973910 ) ;
#128 = ORIENTED_EDGE ( 'NONE', *, *, #474, .F. ) ;
#129 = FACE_OUTER_BOUND ( 'NONE', #556, .T. ) ;
#130 = AXIS2_PLACEMENT_3D ( 'NONE', #986, #198, #661 ) ;
#131 = VERTEX_POINT ( 'NONE', #108 ) ;
#132 = CARTESIAN_POINT ( 'NONE',  ( 5.031252460000007254, 5.579904509999991546, 42.23967851000001161 ) ) ;
#133 = CARTESIAN_POINT ( 'NONE',  ( 5.281252460000000148, 5.704904510000016415, 43.05217851000000451 ) ) ;
#134 = ORIENTED_EDGE ( 'NONE', *, *, #967, .T. ) ;
#135 = DIRECTION ( 'NONE',  ( -1.000000000000000000, 0.000000000000000000, 0.000000000000000000 ) ) ;
#136 = CARTESIAN_POINT ( 'NONE',  ( 5.262293894669349825, 6.161363075330667627, 42.81382492726879008 ) ) ;
#137 = DIRECTION ( 'NONE',  ( 0.000000000000000000, 0.000000000000000000, -1.000000000000000000 ) ) ;
#138 = LINE ( 'NONE', #262, #1175 ) ;
#139 = VECTOR ( 'NONE', #907, 39.37007874015748143 ) ;
#140 = DIRECTION ( 'NONE',  ( 1.000000000000000000, -0.000000000000000000, -0.000000000000000000 ) ) ;
#141 = AXIS2_PLACEMENT_3D ( 'NONE', #837, #1068, #485 ) ;
#142 = AXIS2_PLACEMENT_3D ( 'NONE', #39, #1185, #503 ) ;
#143 = DIRECTION ( 'NONE',  ( -1.000000000000000000, 0.000000000000000000, 0.000000000000000000 ) ) ;
#144 = DIRECTION ( 'NONE',  ( 0.000000000000000000, 0.000000000000000000, -1.000000000000000000 ) ) ;
#145 = DIRECTION ( 'NONE',  ( 0.000000000000000000, 0.000000000000000000, -1.000000000000000000 ) ) ;
#146 = APPLICATION_CONTEXT ( 'automotive_design' ) ;
#147 = FACE_OUTER_BOUND ( 'NONE', #995, .T. ) ;
#148 = CIRCLE ( 'NONE', #1076, 0.1329999999999999238 ) ;
#149 = LINE ( 'NONE', #117, #669 ) ;
#150 = CARTESIAN_POINT ( 'NONE',  ( 5.281252460000000148, 5.204904510000007534, 43.55217851000001161 ) ) ;
#151 = EDGE_CURVE ( 'NONE', #214, #230, #1262, .T. ) ;
#152 = DIRECTION ( 'NONE',  ( 0.000000000000000000, 0.000000000000000000, 1.000000000000000000 ) ) ;
#153 = VERTEX_POINT ( 'NONE', #808 ) ;
#154 = EDGE_CURVE ( 'NONE', #630, #167, #836, .T. ) ;
#155 = PLANE ( 'NONE',  #424 ) ;
#156 = EDGE_CURVE ( 'NONE', #741, #355, #1085, .T. ) ;
#157 = DIRECTION ( 'NONE',  ( 1.000000000000000000, -0.000000000000000000, -0.000000000000000000 ) ) ;
#158 = VECTOR ( 'NONE', #582, 39.37007874015748854 ) ;
#159 = DIRECTION ( 'NONE',  ( -0.7071067811865537900, 0.000000000000000000, 0.7071067811865413555 ) ) ;
#160 = EDGE_CURVE ( 'NONE', #1144, #465, #684, .T. ) ;
#161 = ORIENTED_EDGE ( 'NONE', *, *, #336, .T. ) ;
#162 = AXIS2_PLACEMENT_3D ( 'NONE', #279, #390, #991 ) ;
#163 = AXIS2_PLACEMENT_3D ( 'NONE', #1303, #140, #1435 ) ;
#164 = DIRECTION ( 'NONE',  ( 0.000000000000000000, 1.000000000000000000, -0.000000000000000000 ) ) ;
#165 = CARTESIAN_POINT ( 'NONE',  ( 5.343752460000001925, 5.704904510000016415, 42.55217851000000451 ) ) ;
#166 = DIRECTION ( 'NONE',  ( 0.000000000000000000, 0.000000000000000000, 1.000000000000000000 ) ) ;
#167 = VERTEX_POINT ( 'NONE', #571 ) ;
#168 = DIRECTION ( 'NONE',  ( 0.000000000000000000, 0.000000000000000000, 1.000000000000000000 ) ) ;
#169 = ORIENTED_EDGE ( 'NONE', *, *, #502, .T. ) ;
#170 = CARTESIAN_POINT ( 'NONE',  ( 5.151375866824748684, 5.704904510000012863, 42.25527851000001078 ) ) ;
#171 = CARTESIAN_POINT ( 'NONE',  ( 5.312502460000002813, 5.204904510000007534, 43.05217851000001161 ) ) ;
#172 = VECTOR ( 'NONE', #1105, 39.37007874015748143 ) ;
#173 = EDGE_CURVE ( 'NONE', #565, #59, #614, .T. ) ;
#174 = ORIENTED_EDGE ( 'NONE', *, *, #154, .T. ) ;
#175 = DIRECTION ( 'NONE',  ( 1.000000000000000000, -0.000000000000000000, -0.000000000000000000 ) ) ;
#176 = CARTESIAN_POINT ( 'NONE',  ( 5.281252460000000148, 5.704904510000016415, 42.11467851000000451 ) ) ;
#177 = ORIENTED_EDGE ( 'NONE', *, *, #969, .F. ) ;
#178 = CARTESIAN_POINT ( 'NONE',  ( 6.125002459999994819, 0.000000000000000000, 43.48967851000001161 ) ) ;
#179 = ADVANCED_FACE ( 'NONE', ( #376 ), #1422, .T. ) ;
#180 = CARTESIAN_POINT ( 'NONE',  ( 5.281252460000000148, 5.204904510000007534, 42.11467851000000451 ) ) ;
#181 = ORIENTED_EDGE ( 'NONE', *, *, #370, .F. ) ;
#182 = CARTESIAN_POINT ( 'NONE',  ( 5.375002460000002813, 5.704904510000012863, 43.33342851000001161 ) ) ;
#183 = CARTESIAN_POINT ( 'NONE',  ( 5.281252460000000148, 5.704904510000012863, 42.36817851000000701 ) ) ;
#184 = ORIENTED_EDGE ( 'NONE', *, *, #736, .F. ) ;
#185 = CARTESIAN_POINT ( 'NONE',  ( 5.281252460000000148, 5.267404510000007534, 42.11467851000000451 ) ) ;
#186 = CONICAL_SURFACE ( 'NONE', #792, 0.3124999999999972800, 0.7853981633974729260 ) ;
#187 = VECTOR ( 'NONE', #60, 39.37007874015748143 ) ;
#188 = CIRCLE ( 'NONE', #1045, 0.3124999999999972800 ) ;
#189 = DIRECTION ( 'NONE',  ( 0.000000000000000000, 0.000000000000000000, -1.000000000000000000 ) ) ;
#190 = EDGE_CURVE ( 'NONE', #368, #1230, #460, .T. ) ;
#191 = ORIENTED_EDGE ( 'NONE', *, *, #869, .F. ) ;
#192 = FACE_OUTER_BOUND ( 'NONE', #206, .T. ) ;
#193 = CARTESIAN_POINT ( 'NONE',  ( 6.062502459999994819, 3.209904510000012756, 43.55217851000001161 ) ) ;
#194 = ORIENTED_EDGE ( 'NONE', *, *, #64, .T. ) ;
#195 = DIRECTION ( 'NONE',  ( -0.7071067811865661135, -0.000000000000000000, -0.7071067811865290320 ) ) ;
#196 = AXIS2_PLACEMENT_3D ( 'NONE', #496, #1409, #731 ) ;
#197 = ORIENTED_EDGE ( 'NONE', *, *, #636, .T. ) ;
#198 = DIRECTION ( 'NONE',  ( 1.000000000000000000, -0.000000000000000000, -0.000000000000000000 ) ) ;
#199 = ORIENTED_EDGE ( 'NONE', *, *, #1459, .T. ) ;
#200 =( NAMED_UNIT ( * ) PLANE_ANGLE_UNIT ( ) SI_UNIT ( $, .RADIAN. ) );
#201 = LINE ( 'NONE', #1462, #1209 ) ;
#202 = EDGE_CURVE ( 'NONE', #565, #876, #875, .T. ) ;
#203 = ORIENTED_EDGE ( 'NONE', *, *, #762, .F. ) ;
#204 = CARTESIAN_POINT ( 'NONE',  ( 5.750002459999996596, 3.397404510000013200, 42.05217851000001161 ) ) ;
#205 = ORIENTED_EDGE ( 'NONE', *, *, #1040, .T. ) ;
#206 = EDGE_LOOP ( 'NONE', ( #567, #285, #892, #1206 ) ) ;
#207 = CARTESIAN_POINT ( 'NONE',  ( 5.031252460000002813, 6.204904510000015527, 42.11467851000000451 ) ) ;
#208 = ORIENTED_EDGE ( 'NONE', *, *, #815, .F. ) ;
#209 = UNCERTAINTY_MEASURE_WITH_UNIT (LENGTH_MEASURE( 1.000000000000000082E-05 ), #872, 'distance_accuracy_value', 'NONE');
#210 = CARTESIAN_POINT ( 'NONE',  ( 6.125002459999994819, 5.704904510000016415, 43.05217851000000451 ) ) ;
#211 = ORIENTED_EDGE ( 'NONE', *, *, #644, .F. ) ;
#212 = CARTESIAN_POINT ( 'NONE',  ( 6.062502459999994819, 5.704904510000016415, 43.05217851000000451 ) ) ;
#213 = ORIENTED_EDGE ( 'NONE', *, *, #121, .F. ) ;
#214 = VERTEX_POINT ( 'NONE', #1215 ) ;
#215 = CARTESIAN_POINT ( 'NONE',  ( 5.281252460000000148, 5.704904510000012863, 42.11467851000000451 ) ) ;
#216 = EDGE_CURVE ( 'NONE', #678, #1458, #692, .T. ) ;
#217 = DIRECTION ( 'NONE',  ( -0.000000000000000000, 1.000000000000000000, -0.000000000000000000 ) ) ;
#218 = ORIENTED_EDGE ( 'NONE', *, *, #758, .T. ) ;
#219 = DIRECTION ( 'NONE',  ( -0.000000000000000000, -1.000000000000000000, -0.000000000000000000 ) ) ;
#220 = ORIENTED_EDGE ( 'NONE', *, *, #811, .F. ) ;
#221 = CARTESIAN_POINT ( 'NONE',  ( 6.062502459999994819, 6.204904510000015527, 42.55217851000000451 ) ) ;
#222 = VERTEX_POINT ( 'NONE', #1319 ) ;
#223 = CARTESIAN_POINT ( 'NONE',  ( 5.031252460000002813, 5.704904510000007534, 42.11467851000000451 ) ) ;
#224 = DIRECTION ( 'NONE',  ( 0.000000000000000000, 0.000000000000000000, 1.000000000000000000 ) ) ;
#225 = AXIS2_PLACEMENT_3D ( 'NONE', #1495, #697, #338 ) ;
#226 = DIRECTION ( 'NONE',  ( 1.000000000000000000, -0.000000000000000000, -0.000000000000000000 ) ) ;
#227 = VERTEX_POINT ( 'NONE', #1093 ) ;
#228 = CARTESIAN_POINT ( 'NONE',  ( 5.375002459999995708, 3.397404510000013200, 42.05217851000001161 ) ) ;
#229 = EDGE_CURVE ( 'NONE', #1478, #153, #1227, .T. ) ;
#230 = VERTEX_POINT ( 'NONE', #1338 ) ;
#231 = DIRECTION ( 'NONE',  ( 0.000000000000000000, 0.000000000000000000, 1.000000000000000000 ) ) ;
#232 = EDGE_CURVE ( 'NONE', #1058, #1107, #730, .T. ) ;
#233 = CARTESIAN_POINT ( 'NONE',  ( 5.750002459999993043, 3.459904510000012756, 42.05217851000001161 ) ) ;
#234 = CIRCLE ( 'NONE', #498, 0.4375000000000031641 ) ;
#235 = DIRECTION ( 'NONE',  ( -0.000000000000000000, -1.000000000000000000, -0.000000000000000000 ) ) ;
#236 = VERTEX_POINT ( 'NONE', #976 ) ;
#237 = DIRECTION ( 'NONE',  ( -1.000000000000000000, -0.000000000000000000, 0.000000000000000000 ) ) ;
#238 = AXIS2_PLACEMENT_3D ( 'NONE', #378, #159, #1077 ) ;
#239 = EDGE_CURVE ( 'NONE', #1037, #1148, #109, .T. ) ;
#240 = EDGE_LOOP ( 'NONE', ( #879, #1029, #1022, #749, #45 ) ) ;
#241 = CARTESIAN_POINT ( 'NONE',  ( 6.125002459999994819, 3.709904510000012756, 42.30217851000000451 ) ) ;
#242 = LINE ( 'NONE', #1407, #1350 ) ;
#243 = LINE ( 'NONE', #132, #61 ) ;
#244 = CIRCLE ( 'NONE', #1096, 0.1329999999999999238 ) ;
#245 = FACE_OUTER_BOUND ( 'NONE', #1113, .T. ) ;
#246 = CIRCLE ( 'NONE', #936, 0.4999999999999973910 ) ;
#247 = EDGE_LOOP ( 'NONE', ( #974, #733, #1496, #894 ) ) ;
#248 = CARTESIAN_POINT ( 'NONE',  ( 6.062502459999994819, 5.704904510000016415, 42.55217851000000451 ) ) ;
#249 = DIRECTION ( 'NONE',  ( 0.000000000000000000, -1.000000000000000000, 0.000000000000000000 ) ) ;
#250 = CARTESIAN_POINT ( 'NONE',  ( 5.281252460000000148, 0.000000000000000000, 0.000000000000000000 ) ) ;
#251 = CARTESIAN_POINT ( 'NONE',  ( 5.375002459999995708, 3.709904510000012756, 42.55217851000000451 ) ) ;
#252 = CARTESIAN_POINT ( 'NONE',  ( 5.151375866824748684, 5.704904510000012863, 42.11467851000000451 ) ) ;
#253 = CARTESIAN_POINT ( 'NONE',  ( 5.375002459999995708, 3.209904510000012756, 41.67717851000001161 ) ) ;
#254 = DIRECTION ( 'NONE',  ( 0.000000000000000000, 0.000000000000000000, 1.000000000000000000 ) ) ;
#255 = CARTESIAN_POINT ( 'NONE',  ( 6.125002459999994819, 3.397404510000013200, 0.000000000000000000 ) ) ;
#256 = EDGE_CURVE ( 'NONE', #546, #678, #234, .T. ) ;
#257 = CIRCLE ( 'NONE', #1234, 0.1406000000000034167 ) ;
#258 = VECTOR ( 'NONE', #657, 39.37007874015748854 ) ;
#259 = ADVANCED_BREP_SHAPE_REPRESENTATION ( 'module rail block v2', ( #19, #564 ), #367 ) ;
#260 = EDGE_CURVE ( 'NONE', #1037, #1482, #1203, .T. ) ;
#261 = DIRECTION ( 'NONE',  ( 0.000000000000000000, 0.000000000000000000, -1.000000000000000000 ) ) ;
#262 = CARTESIAN_POINT ( 'NONE',  ( 5.375002459999995708, 3.709904510000012756, 42.61467851000001161 ) ) ;
#263 = CARTESIAN_POINT ( 'NONE',  ( 5.375002460000002813, 5.837904510000012870, 43.05217851000001161 ) ) ;
#264 = EDGE_LOOP ( 'NONE', ( #621, #1289, #114, #585 ) ) ;
#265 = EDGE_CURVE ( 'NONE', #500, #950, #810, .T. ) ;
#266 = VECTOR ( 'NONE', #584, 39.37007874015748143 ) ;
#267 = CYLINDRICAL_SURFACE ( 'NONE', #1353, 0.4999999999999973910 ) ;
#268 = CARTESIAN_POINT ( 'NONE',  ( 5.750002459999993931, 3.397404510000013200, 41.67717851000001161 ) ) ;
#269 = ADVANCED_FACE ( 'NONE', ( #514 ), #735, .T. ) ;
#270 = CIRCLE ( 'NONE', #1000, 0.2812500000000001665 ) ;
#271 = PLANE ( 'NONE',  #1042 ) ;
#272 = EDGE_LOOP ( 'NONE', ( #634, #1447, #1386, #208 ) ) ;
#273 = DIRECTION ( 'NONE',  ( 1.000000000000000000, -0.000000000000000000, -0.000000000000000000 ) ) ;
#274 = FACE_OUTER_BOUND ( 'NONE', #327, .T. ) ;
#275 = CARTESIAN_POINT ( 'NONE',  ( 5.750002459999993931, 3.459904510000012756, 42.05217851000001161 ) ) ;
#276 = ORIENTED_EDGE ( 'NONE', *, *, #624, .T. ) ;
#277 = AXIS2_PLACEMENT_3D ( 'NONE', #751, #637, #1453 ) ;
#278 = LINE ( 'NONE', #775, #975 ) ;
#279 = CARTESIAN_POINT ( 'NONE',  ( 6.125002459999994819, 5.704904510000016415, 43.05217851000001161 ) ) ;
#280 = ORIENTED_EDGE ( 'NONE', *, *, #536, .T. ) ;
#281 = CARTESIAN_POINT ( 'NONE',  ( 5.239585793333333186, 5.225737843333339683, 42.59384517666667591 ) ) ;
#282 = DIRECTION ( 'NONE',  ( 0.000000000000000000, 0.000000000000000000, 1.000000000000000000 ) ) ;
#283 = VERTEX_POINT ( 'NONE', #1324 ) ;
#284 = FACE_OUTER_BOUND ( 'NONE', #1021, .T. ) ;
#285 = ORIENTED_EDGE ( 'NONE', *, *, #1508, .T. ) ;
#286 = CARTESIAN_POINT ( 'NONE',  ( 6.062502459999994819, 3.709904510000012756, 42.55217851000000451 ) ) ;
#287 = CARTESIAN_POINT ( 'NONE',  ( 5.031252460000002813, 5.704904510000016415, 43.55217851000001161 ) ) ;
#288 = CONICAL_SURFACE ( 'NONE', #1155, 0.3124999999999972800, 0.7853981633974466137 ) ;
#289 = ORIENTED_EDGE ( 'NONE', *, *, #540, .T. ) ;
#290 =( NAMED_UNIT ( * ) SI_UNIT ( $, .STERADIAN. ) SOLID_ANGLE_UNIT ( ) );
#291 = CARTESIAN_POINT ( 'NONE',  ( 5.312502460000002813, 5.374185596116934249, 43.42717851000001161 ) ) ;
#292 = ORIENTED_EDGE ( 'NONE', *, *, #1071, .F. ) ;
#293 = LINE ( 'NONE', #281, #920 ) ;
#294 = EDGE_CURVE ( 'NONE', #1177, #53, #887, .T. ) ;
#295 = DIRECTION ( 'NONE',  ( 1.000000000000000000, 0.000000000000000000, 0.000000000000000000 ) ) ;
#296 = VECTOR ( 'NONE', #1312, 39.37007874015748143 ) ;
#297 = ORIENTED_EDGE ( 'NONE', *, *, #260, .T. ) ;
#298 = ADVANCED_FACE ( 'NONE', ( #622 ), #743, .T. ) ;
#299 = PLANE ( 'NONE',  #303 ) ;
#300 = ORIENTED_EDGE ( 'NONE', *, *, #33, .T. ) ;
#301 = DIRECTION ( 'NONE',  ( 0.000000000000000000, 0.000000000000000000, -1.000000000000000000 ) ) ;
#302 = AXIS2_PLACEMENT_3D ( 'NONE', #41, #392, #1321 ) ;
#303 = AXIS2_PLACEMENT_3D ( 'NONE', #1250, #1033, #768 ) ;
#304 = ORIENTED_EDGE ( 'NONE', *, *, #1200, .F. ) ;
#305 = CARTESIAN_POINT ( 'NONE',  ( 5.375002460000002813, 5.704904510000012863, 42.91917851000001605 ) ) ;
#306 = EDGE_LOOP ( 'NONE', ( #427, #345 ) ) ;
#307 = ADVANCED_FACE ( 'NONE', ( #1220 ), #267, .T. ) ;
#308 = ADVANCED_FACE ( 'NONE', ( #284 ), #943, .F. ) ;
#309 = DIRECTION ( 'NONE',  ( -0.5773502691896156280, 0.5773502691896156280, -0.5773502691896458261 ) ) ;
#310 = EDGE_LOOP ( 'NONE', ( #940, #853, #317, #430, #184 ) ) ;
#311 = CARTESIAN_POINT ( 'NONE',  ( 5.281252460000000148, 5.267404510000007534, 0.000000000000000000 ) ) ;
#312 = CONICAL_SURFACE ( 'NONE', #126, 0.5625000000000003331, 0.7853981633974362886 ) ;
#313 = ORIENTED_EDGE ( 'NONE', *, *, #1395, .T. ) ;
#314 = ORIENTED_EDGE ( 'NONE', *, *, #1, .F. ) ;
#315 = LINE ( 'NONE', #1233, #101 ) ;
#316 = VECTOR ( 'NONE', #889, 39.37007874015748143 ) ;
#317 = ORIENTED_EDGE ( 'NONE', *, *, #917, .F. ) ;
#318 = DIRECTION ( 'NONE',  ( 0.000000000000000000, -0.000000000000000000, -1.000000000000000000 ) ) ;
#319 = EDGE_CURVE ( 'NONE', #1216, #546, #1229, .T. ) ;
#320 = EDGE_LOOP ( 'NONE', ( #828, #1360 ) ) ;
#321 = CARTESIAN_POINT ( 'NONE',  ( 5.031252460000002813, 6.204904510000015527, 43.05217851000001161 ) ) ;
#322 = EDGE_LOOP ( 'NONE', ( #1048, #577 ) ) ;
#323 = FACE_BOUND ( 'NONE', #1328, .T. ) ;
#324 = CARTESIAN_POINT ( 'NONE',  ( 5.218752460000001037, 5.204904510000007534, 42.61467851000001161 ) ) ;
#325 = ORIENTED_EDGE ( 'NONE', *, *, #1041, .T. ) ;
#326 = CARTESIAN_POINT ( 'NONE',  ( 6.125002459999994819, 5.704904510000012863, 43.05217851000001161 ) ) ;
#327 = EDGE_LOOP ( 'NONE', ( #1142, #1086, #1476, #667, #128 ) ) ;
#328 = DIRECTION ( 'NONE',  ( 0.000000000000000000, -1.000000000000000000, 0.000000000000000000 ) ) ;
#329 = ORIENTED_EDGE ( 'NONE', *, *, #917, .T. ) ;
#330 = CARTESIAN_POINT ( 'NONE',  ( 6.125002459999994819, 3.709904510000012756, 42.30217851000000451 ) ) ;
#331 = AXIS2_PLACEMENT_3D ( 'NONE', #1269, #934, #941 ) ;
#332 = AXIS2_PLACEMENT_3D ( 'NONE', #724, #490, #1320 ) ;
#333 = ADVANCED_FACE ( 'NONE', ( #1427 ), #155, .T. ) ;
#334 = CARTESIAN_POINT ( 'NONE',  ( 5.151375866824748684, 5.704904510000012863, 41.97407850999999823 ) ) ;
#335 = DIRECTION ( 'NONE',  ( 1.000000000000000000, -0.000000000000000000, -0.000000000000000000 ) ) ;
#336 = EDGE_CURVE ( 'NONE', #785, #1334, #619, .T. ) ;
#337 = ORIENTED_EDGE ( 'NONE', *, *, #1459, .F. ) ;
#338 = DIRECTION ( 'NONE',  ( 0.000000000000000000, 0.000000000000000000, -1.000000000000000000 ) ) ;
#339 = VERTEX_POINT ( 'NONE', #193 ) ;
#340 = FACE_OUTER_BOUND ( 'NONE', #1137, .T. ) ;
#341 = CARTESIAN_POINT ( 'NONE',  ( 5.031252460000002813, 5.704904510000016415, 42.11467851000000451 ) ) ;
#342 = AXIS2_PLACEMENT_3D ( 'NONE', #397, #1471, #46 ) ;
#343 = VECTOR ( 'NONE', #418, 39.37007874015748854 ) ;
#344 = PRESENTATION_STYLE_ASSIGNMENT (( #1043 ) ) ;
#345 = ORIENTED_EDGE ( 'NONE', *, *, #156, .F. ) ;
#346 = DIRECTION ( 'NONE',  ( 1.000000000000000000, -0.000000000000000000, -0.000000000000000000 ) ) ;
#347 = ORIENTED_EDGE ( 'NONE', *, *, #956, .F. ) ;
#348 = FACE_OUTER_BOUND ( 'NONE', #932, .T. ) ;
#349 = ADVANCED_FACE ( 'NONE', ( #880 ), #1265, .F. ) ;
#350 = B_SPLINE_CURVE_WITH_KNOTS ( 'NONE', 3,
 ( #14, #732, #373, #948 ),
 .UNSPECIFIED., .F., .F.,
 ( 4, 4 ),
 ( 0.000000000000000000, 0.002318772848255738848 ),
 .UNSPECIFIED. ) ;
#351 = CIRCLE ( 'NONE', #819, 0.4999999999999973910 ) ;
#352 = CARTESIAN_POINT ( 'NONE',  ( 6.125002459999994819, 5.704904510000012863, 43.18517851000001428 ) ) ;
#353 = EDGE_LOOP ( 'NONE', ( #535, #300, #774, #703 ) ) ;
#354 = LINE ( 'NONE', #251, #459 ) ;
#355 = VERTEX_POINT ( 'NONE', #452 ) ;
#356 = DIRECTION ( 'NONE',  ( 1.000000000000000000, -0.000000000000000000, -0.000000000000000000 ) ) ;
#357 = AXIS2_PLACEMENT_3D ( 'NONE', #1123, #1492, #999 ) ;
#358 = AXIS2_PLACEMENT_3D ( 'NONE', #1408, #1295, #371 ) ;
#359 = EDGE_CURVE ( 'NONE', #56, #914, #201, .T. ) ;
#360 = ORIENTED_EDGE ( 'NONE', *, *, #160, .F. ) ;
#361 = CARTESIAN_POINT ( 'NONE',  ( 5.750002459999993043, 3.459904510000012756, 42.18517851000000718 ) ) ;
#362 = DIRECTION ( 'NONE',  ( 0.000000000000000000, 1.000000000000000000, -0.000000000000000000 ) ) ;
#363 = FACE_OUTER_BOUND ( 'NONE', #797, .T. ) ;
#364 = CARTESIAN_POINT ( 'NONE',  ( 5.750002459999993043, 3.209904510000012756, 42.05217851000001161 ) ) ;
#365 = FACE_BOUND ( 'NONE', #505, .T. ) ;
#366 = LINE ( 'NONE', #1299, #643 ) ;
#367 =( GEOMETRIC_REPRESENTATION_CONTEXT ( 3 ) GLOBAL_UNCERTAINTY_ASSIGNED_CONTEXT ( ( #209 ) ) GLOBAL_UNIT_ASSIGNED_CONTEXT ( ( #872, #200, #290 ) ) REPRESENTATION_CONTEXT ( 'NONE', 'WORKASPACE' ) );
#368 = VERTEX_POINT ( 'NONE', #802 ) ;
#369 = CARTESIAN_POINT ( 'NONE',  ( 5.031252460000002813, 5.204904510000007534, 42.11467851000000451 ) ) ;
#370 = EDGE_CURVE ( 'NONE', #1230, #477, #1272, .T. ) ;
#371 = DIRECTION ( 'NONE',  ( 0.000000000000000000, 0.000000000000000000, 1.000000000000000000 ) ) ;
#372 = CARTESIAN_POINT ( 'NONE',  ( 5.375002459999995708, 5.351351119406738022, 43.48967851000001161 ) ) ;
#373 = CARTESIAN_POINT ( 'NONE',  ( 5.302127970394102441, 6.121528999605914123, 42.70600572688692864 ) ) ;
#374 = ADVANCED_FACE ( 'NONE', ( #891 ), #549, .F. ) ;
#375 = VECTOR ( 'NONE', #983, 39.37007874015748143 ) ;
#376 = FACE_OUTER_BOUND ( 'NONE', #85, .T. ) ;
#377 = DIRECTION ( 'NONE',  ( 0.000000000000000000, 0.000000000000000000, 1.000000000000000000 ) ) ;
#378 = CARTESIAN_POINT ( 'NONE',  ( 5.437502459999998372, 3.209904510000012756, 43.55217851000001161 ) ) ;
#379 = ADVANCED_FACE ( 'NONE', ( #102 ), #654, .F. ) ;
#380 = CONICAL_SURFACE ( 'NONE', #163, 0.2535000000000010023, 0.7155849933176747779 ) ;
#381 = VECTOR ( 'NONE', #534, 39.37007874015748143 ) ;
#382 = CIRCLE ( 'NONE', #1236, 0.2812500000000001665 ) ;
#383 = EDGE_CURVE ( 'NONE', #858, #1358, #1006, .T. ) ;
#384 = CARTESIAN_POINT ( 'NONE',  ( 5.343752460000001925, 6.204904510000015527, 42.55217851000000451 ) ) ;
#385 = EDGE_CURVE ( 'NONE', #500, #167, #36, .T. ) ;
#386 = PLANE ( 'NONE',  #1433 ) ;
#387 = LINE ( 'NONE', #21, #579 ) ;
#388 = ORIENTED_EDGE ( 'NONE', *, *, #151, .F. ) ;
#389 = VECTOR ( 'NONE', #254, 39.37007874015748143 ) ;
#390 = DIRECTION ( 'NONE',  ( 1.000000000000000000, -0.000000000000000000, -0.000000000000000000 ) ) ;
#391 = DIRECTION ( 'NONE',  ( -0.7071067811865661135, 0.000000000000000000, 0.7071067811865290320 ) ) ;
#392 = DIRECTION ( 'NONE',  ( -0.7071067811865475727, 0.7071067811865475727, 0.000000000000000000 ) ) ;
#393 = ORIENTED_EDGE ( 'NONE', *, *, #521, .F. ) ;
#394 = APPLICATION_PROTOCOL_DEFINITION ( 'draft international standard', 'automotive_design', 1998, #528 ) ;
#395 = DIRECTION ( 'NONE',  ( 0.000000000000000000, -1.000000000000000000, 0.000000000000000000 ) ) ;
#396 = ORIENTED_EDGE ( 'NONE', *, *, #462, .T. ) ;
#397 = CARTESIAN_POINT ( 'NONE',  ( 5.343752460000001925, 5.704904510000016415, 43.05217851000000451 ) ) ;
#398 = DIRECTION ( 'NONE',  ( 1.000000000000000000, -0.000000000000000000, -0.000000000000000000 ) ) ;
#399 = EDGE_LOOP ( 'NONE', ( #124, #475 ) ) ;
#400 = DIRECTION ( 'NONE',  ( 1.000000000000000000, -0.000000000000000000, -0.000000000000000000 ) ) ;
#401 = CARTESIAN_POINT ( 'NONE',  ( 6.125002459999994819, 3.459904510000012756, 42.30217851000000451 ) ) ;
#402 = ORIENTED_EDGE ( 'NONE', *, *, #636, .F. ) ;
#403 = FACE_OUTER_BOUND ( 'NONE', #512, .T. ) ;
#404 = CARTESIAN_POINT ( 'NONE',  ( 5.437502459999995708, 3.709904510000012756, 42.55217851000000451 ) ) ;
#405 = ORIENTED_EDGE ( 'NONE', *, *, #1395, .F. ) ;
#406 = DIRECTION ( 'NONE',  ( 0.000000000000000000, 0.000000000000000000, 1.000000000000000000 ) ) ;
#407 = AXIS2_PLACEMENT_3D ( 'NONE', #454, #923, #1281 ) ;
#408 = ORIENTED_EDGE ( 'NONE', *, *, #190, .T. ) ;
#409 = CARTESIAN_POINT ( 'NONE',  ( 5.031252460000002813, 6.204904510000015527, 43.55217851000001161 ) ) ;
#410 = LINE ( 'NONE', #1441, #343 ) ;
#411 = CIRCLE ( 'NONE', #1297, 0.3124999999999972800 ) ;
#412 = VERTEX_POINT ( 'NONE', #919 ) ;
#413 = ADVANCED_FACE ( 'NONE', ( #1114 ), #900, .F. ) ;
#414 = CARTESIAN_POINT ( 'NONE',  ( 6.125002459999994819, 5.704904510000012863, 42.91917851000001605 ) ) ;
#415 = ORIENTED_EDGE ( 'NONE', *, *, #502, .F. ) ;
#416 = FACE_OUTER_BOUND ( 'NONE', #553, .T. ) ;
#417 = EDGE_LOOP ( 'NONE', ( #289, #1172, #1473, #360, #760, #777 ) ) ;
#418 = DIRECTION ( 'NONE',  ( -0.5773502691896156280, 0.5773502691896156280, 0.5773502691896458261 ) ) ;
#419 = AXIS2_PLACEMENT_3D ( 'NONE', #233, #217, #450 ) ;
#420 = EDGE_CURVE ( 'NONE', #1058, #79, #558, .T. ) ;
#421 = EDGE_CURVE ( 'NONE', #1144, #80, #1357, .T. ) ;
#422 = ORIENTED_EDGE ( 'NONE', *, *, #773, .F. ) ;
#423 = DIRECTION ( 'NONE',  ( 0.000000000000000000, 0.000000000000000000, -1.000000000000000000 ) ) ;
#424 = AXIS2_PLACEMENT_3D ( 'NONE', #384, #847, #970 ) ;
#425 = CARTESIAN_POINT ( 'NONE',  ( 5.393961025330654024, 5.466550927268799320, 43.50863707533067526 ) ) ;
#426 = ADVANCED_FACE ( 'NONE', ( #1366, #67, #1257 ), #299, .T. ) ;
#427 = ORIENTED_EDGE ( 'NONE', *, *, #1474, .F. ) ;
#428 = DIRECTION ( 'NONE',  ( 0.000000000000000000, 0.000000000000000000, 1.000000000000000000 ) ) ;
#429 = VECTOR ( 'NONE', #144, 39.37007874015748143 ) ;
#430 = ORIENTED_EDGE ( 'NONE', *, *, #1246, .F. ) ;
#431 = EDGE_LOOP ( 'NONE', ( #871, #169, #1489, #1221, #882, #1364, #659, #968 ) ) ;
#432 = DIRECTION ( 'NONE',  ( 0.000000000000000000, 0.000000000000000000, 1.000000000000000000 ) ) ;
#433 = ORIENTED_EDGE ( 'NONE', *, *, #1397, .F. ) ;
#434 = UNCERTAINTY_MEASURE_WITH_UNIT (LENGTH_MEASURE( 1.000000000000000082E-05 ), #1159, 'distance_accuracy_value', 'NONE');
#435 = CARTESIAN_POINT ( 'NONE',  ( 5.312502460000002813, 5.374185596116934249, 43.42717851000001161 ) ) ;
#436 = EDGE_LOOP ( 'NONE', ( #942, #867, #1266, #672, #901 ) ) ;
#437 = LINE ( 'NONE', #1481, #1382 ) ;
#438 = VECTOR ( 'NONE', #6, 39.37007874015748143 ) ;
#439 = EDGE_LOOP ( 'NONE', ( #174, #95, #422, #803 ) ) ;
#440 = ORIENTED_EDGE ( 'NONE', *, *, #1075, .F. ) ;
#441 = LINE ( 'NONE', #925, #973 ) ;
#442 = LINE ( 'NONE', #1413, #1469 ) ;
#443 = ORIENTED_EDGE ( 'NONE', *, *, #633, .F. ) ;
#444 = CARTESIAN_POINT ( 'NONE',  ( -8.850723710000252709, 19.36813068000026661, 28.45145233999901180 ) ) ;
#445 = ADVANCED_FACE ( 'NONE', ( #1240 ), #664, .F. ) ;
#446 = ORIENTED_EDGE ( 'NONE', *, *, #624, .F. ) ;
#447 = DIRECTION ( 'NONE',  ( 0.000000000000000000, -1.000000000000000000, 0.000000000000000000 ) ) ;
#448 = ORIENTED_EDGE ( 'NONE', *, *, #111, .F. ) ;
#449 = DIRECTION ( 'NONE',  ( 1.000000000000000000, -0.000000000000000000, -0.000000000000000000 ) ) ;
#450 = DIRECTION ( 'NONE',  ( 0.000000000000000000, 0.000000000000000000, 1.000000000000000000 ) ) ;
#451 = EDGE_CURVE ( 'NONE', #230, #1177, #580, .T. ) ;
#452 = CARTESIAN_POINT ( 'NONE',  ( 5.750002459999993043, 3.459904510000012756, 42.18517851000000718 ) ) ;
#453 = ORIENTED_EDGE ( 'NONE', *, *, #726, .F. ) ;
#454 = CARTESIAN_POINT ( 'NONE',  ( 5.375002459999995708, 5.704904510000007534, 43.05217851000001161 ) ) ;
#455 = EDGE_LOOP ( 'NONE', ( #662, #1483, #1005, #795 ) ) ;
#456 = DIRECTION ( 'NONE',  ( -1.000000000000000000, 0.000000000000000000, -0.000000000000000000 ) ) ;
#457 = VECTOR ( 'NONE', #237, 39.37007874015748143 ) ;
#458 = VECTOR ( 'NONE', #219, 39.37007874015748143 ) ;
#459 = VECTOR ( 'NONE', #1059, 39.37007874015748143 ) ;
#460 = LINE ( 'NONE', #401, #375 ) ;
#461 = LENGTH_MEASURE_WITH_UNIT ( LENGTH_MEASURE( 0.02539999999999999897 ), #7 );
#462 = EDGE_CURVE ( 'NONE', #1439, #674, #1044, .T. ) ;
#463 = EDGE_LOOP ( 'NONE', ( #665, #433, #1487, #1253, #1463 ) ) ;
#464 = DIRECTION ( 'NONE',  ( 0.000000000000000000, -1.000000000000000000, 0.000000000000000000 ) ) ;
#465 = VERTEX_POINT ( 'NONE', #1291 ) ;
#466 = LINE ( 'NONE', #473, #899 ) ;
#467 = AXIS2_PLACEMENT_3D ( 'NONE', #1154, #107, #1394 ) ;
#468 = DIRECTION ( 'NONE',  ( 0.5773502691896156280, 0.5773502691896156280, -0.5773502691896459371 ) ) ;
#469 = AXIS2_PLACEMENT_3D ( 'NONE', #311, #778, #687 ) ;
#470 =( NAMED_UNIT ( * ) SI_UNIT ( $, .STERADIAN. ) SOLID_ANGLE_UNIT ( ) );
#471 = LINE ( 'NONE', #1036, #1315 ) ;
#472 = ORIENTED_EDGE ( 'NONE', *, *, #1345, .T. ) ;
#473 = CARTESIAN_POINT ( 'NONE',  ( 5.281252460000000148, 5.267404510000007534, 42.55217851000000451 ) ) ;
#474 = EDGE_CURVE ( 'NONE', #222, #977, #710, .T. ) ;
#475 = ORIENTED_EDGE ( 'NONE', *, *, #841, .F. ) ;
#476 = CARTESIAN_POINT ( 'NONE',  ( 5.375002459999995708, 3.209904510000012756, 43.48967851000001161 ) ) ;
#477 = VERTEX_POINT ( 'NONE', #1108 ) ;
#478 = CARTESIAN_POINT ( 'NONE',  ( 5.750002459999993931, 3.459904510000012756, 42.05217851000001161 ) ) ;
#479 = DIRECTION ( 'NONE',  ( 0.000000000000000000, 0.7071067811865289210, 0.7071067811865660024 ) ) ;
#480 = AXIS2_PLACEMENT_3D ( 'NONE', #776, #76, #1018 ) ;
#481 = DIRECTION ( 'NONE',  ( 0.000000000000000000, 0.000000000000000000, 1.000000000000000000 ) ) ;
#482 = ADVANCED_FACE ( 'NONE', ( #985 ), #516, .T. ) ;
#483 = LINE ( 'NONE', #361, #1307 ) ;
#484 = ORIENTED_EDGE ( 'NONE', *, *, #885, .F. ) ;
#485 = DIRECTION ( 'NONE',  ( 0.000000000000000000, -1.000000000000000000, 0.000000000000000000 ) ) ;
#486 = FACE_OUTER_BOUND ( 'NONE', #554, .T. ) ;
#487 = CYLINDRICAL_SURFACE ( 'NONE', #1110, 0.1329999999999999238 ) ;
#488 = LINE ( 'NONE', #840, #1164 ) ;
#489 = PRODUCT_RELATED_PRODUCT_CATEGORY ( 'part', '', ( #658 ) ) ;
#490 = DIRECTION ( 'NONE',  ( -1.000000000000000000, 0.000000000000000000, 0.000000000000000000 ) ) ;
#491 = CARTESIAN_POINT ( 'NONE',  ( 5.281252460000000148, 5.267404510000007534, 42.48967851000000451 ) ) ;
#492 = EDGE_CURVE ( 'NONE', #227, #42, #639, .T. ) ;
#493 = EDGE_CURVE ( 'NONE', #1358, #686, #1502, .T. ) ;
#494 = AXIS2_PLACEMENT_3D ( 'NONE', #176, #38, #406 ) ;
#495 = DIRECTION ( 'NONE',  ( 0.000000000000000000, 0.000000000000000000, -1.000000000000000000 ) ) ;
#496 = CARTESIAN_POINT ( 'NONE',  ( 5.375002459999995708, 0.000000000000000000, 0.000000000000000000 ) ) ;
#497 = PLANE ( 'NONE',  #302 ) ;
#498 = AXIS2_PLACEMENT_3D ( 'NONE', #43, #273, #1106 ) ;
#499 = CIRCLE ( 'NONE', #1078, 0.3124999999999972800 ) ;
#500 = VERTEX_POINT ( 'NONE', #1217 ) ;
#501 = DIRECTION ( 'NONE',  ( 0.000000000000000000, 0.000000000000000000, 1.000000000000000000 ) ) ;
#502 = EDGE_CURVE ( 'NONE', #53, #1273, #993, .T. ) ;
#503 = DIRECTION ( 'NONE',  ( 0.000000000000000000, 0.000000000000000000, -1.000000000000000000 ) ) ;
#504 = CARTESIAN_POINT ( 'NONE',  ( 5.151375866824748684, 5.704904510000012863, 42.11467851000000451 ) ) ;
#505 = EDGE_LOOP ( 'NONE', ( #1322, #93 ) ) ;
#506 = AXIS2_PLACEMENT_3D ( 'NONE', #1387, #1371, #683 ) ;
#507 = CARTESIAN_POINT ( 'NONE',  ( 5.750002459999993931, 3.397404510000013200, 42.05217851000001161 ) ) ;
#508 = VECTOR ( 'NONE', #632, 39.37007874015748143 ) ;
#509 = EDGE_LOOP ( 'NONE', ( #670, #91, #88, #472 ) ) ;
#510 = CARTESIAN_POINT ( 'NONE',  ( 5.031252460000002813, 5.204904510000007534, 43.55217851000001161 ) ) ;
#511 = CARTESIAN_POINT ( 'NONE',  ( 5.281252460000000148, 5.704904510000016415, 42.48967851000000451 ) ) ;
#512 = EDGE_LOOP ( 'NONE', ( #575, #1370, #448, #415 ) ) ;
#513 = PRODUCT_CONTEXT ( 'NONE', #528, 'mechanical' ) ;
#514 = FACE_OUTER_BOUND ( 'NONE', #70, .T. ) ;
#515 = ORIENTED_EDGE ( 'NONE', *, *, #256, .F. ) ;
#516 = CYLINDRICAL_SURFACE ( 'NONE', #1381, 0.4999999999999973910 ) ;
#517 = CARTESIAN_POINT ( 'NONE',  ( 5.375002460000002813, 5.704904510000012863, 43.05217851000001161 ) ) ;
#518 = EDGE_LOOP ( 'NONE', ( #783, #213, #191, #1132, #1151 ) ) ;
#519 = VECTOR ( 'NONE', #18, 39.37007874015748143 ) ;
#520 = VECTOR ( 'NONE', #753, 39.37007874015748143 ) ;
#521 = EDGE_CURVE ( 'NONE', #674, #222, #1009, .T. ) ;
#522 = VECTOR ( 'NONE', #595, 39.37007874015748143 ) ;
#523 = CARTESIAN_POINT ( 'NONE',  ( 5.750002459999993931, 3.209904510000012756, 41.67717851000001161 ) ) ;
#524 = VERTEX_POINT ( 'NONE', #165 ) ;
#525 = CARTESIAN_POINT ( 'NONE',  ( 5.375002460000002813, 5.704904510000012863, 43.05217851000001161 ) ) ;
#526 = CARTESIAN_POINT ( 'NONE',  ( 6.125002459999994819, 5.704904510000012863, 43.33342851000001161 ) ) ;
#527 = EDGE_CURVE ( 'NONE', #131, #674, #1455, .T. ) ;
#528 = APPLICATION_CONTEXT ( 'automotive_design' ) ;
#529 = ORIENTED_EDGE ( 'NONE', *, *, #693, .T. ) ;
#530 = CARTESIAN_POINT ( 'NONE',  ( 5.750002459999993931, 3.209904510000012756, 41.67717851000001161 ) ) ;
#531 = DIRECTION ( 'NONE',  ( 0.000000000000000000, -1.000000000000000000, 0.000000000000000000 ) ) ;
#532 = CIRCLE ( 'NONE', #1271, 0.4999999999999973910 ) ;
#533 = ORIENTED_EDGE ( 'NONE', *, *, #451, .F. ) ;
#534 = DIRECTION ( 'NONE',  ( 0.000000000000000000, 0.000000000000000000, -1.000000000000000000 ) ) ;
#535 = ORIENTED_EDGE ( 'NONE', *, *, #846, .F. ) ;
#536 = EDGE_CURVE ( 'NONE', #977, #1458, #1448, .T. ) ;
#537 = DIRECTION ( 'NONE',  ( 0.000000000000000000, -1.000000000000000000, 0.000000000000000000 ) ) ;
#538 = AXIS2_PLACEMENT_3D ( 'NONE', #1214, #66, #627 ) ;
#539 = VERTEX_POINT ( 'NONE', #286 ) ;
#540 = EDGE_CURVE ( 'NONE', #106, #813, #293, .T. ) ;
#541 = DIRECTION ( 'NONE',  ( 0.000000000000000000, 0.000000000000000000, -1.000000000000000000 ) ) ;
#542 = ORIENTED_EDGE ( 'NONE', *, *, #1474, .T. ) ;
#543 = DIRECTION ( 'NONE',  ( -0.7071067811865784369, 0.000000000000000000, -0.7071067811865165975 ) ) ;
#544 = VERTEX_POINT ( 'NONE', #1231 ) ;
#545 = DIRECTION ( 'NONE',  ( 0.000000000000000000, 0.000000000000000000, 1.000000000000000000 ) ) ;
#546 = VERTEX_POINT ( 'NONE', #185 ) ;
#547 = LINE ( 'NONE', #83, #316 ) ;
#548 = VECTOR ( 'NONE', #541, 39.37007874015748143 ) ;
#549 = PLANE ( 'NONE',  #739 ) ;
#550 = ORIENTED_EDGE ( 'NONE', *, *, #462, .F. ) ;
#551 = DIRECTION ( 'NONE',  ( -1.000000000000000000, 0.000000000000000000, 0.000000000000000000 ) ) ;
#552 = CONICAL_SURFACE ( 'NONE', #740, 0.4375000000000031641, 0.7853981633974252974 ) ;
#553 = EDGE_LOOP ( 'NONE', ( #103, #938, #569, #313, #197 ) ) ;
#554 = EDGE_LOOP ( 'NONE', ( #1016, #72, #1019, #82 ) ) ;
#555 = CARTESIAN_POINT ( 'NONE',  ( 5.375002459999995708, 3.709904510000012756, 42.30217851000000451 ) ) ;
#556 = EDGE_LOOP ( 'NONE', ( #529, #181, #177, #304 ) ) ;
#557 = ADVANCED_FACE ( 'NONE', ( #274 ), #631, .F. ) ;
#558 = LINE ( 'NONE', #1026, #458 ) ;
#559 = ORIENTED_EDGE ( 'NONE', *, *, #644, .T. ) ;
#560 = LINE ( 'NONE', #221, #1503 ) ;
#561 = ORIENTED_EDGE ( 'NONE', *, *, #1207, .F. ) ;
#562 = DIRECTION ( 'NONE',  ( 0.000000000000000000, 0.000000000000000000, 1.000000000000000000 ) ) ;
#563 = DIRECTION ( 'NONE',  ( 1.000000000000000000, 0.000000000000000000, 0.000000000000000000 ) ) ;
#564 = AXIS2_PLACEMENT_3D ( 'NONE', #1098, #51, #750 ) ;
#565 = VERTEX_POINT ( 'NONE', #170 ) ;
#566 = DIRECTION ( 'NONE',  ( 0.000000000000000000, 0.000000000000000000, -1.000000000000000000 ) ) ;
#567 = ORIENTED_EDGE ( 'NONE', *, *, #1041, .F. ) ;
#568 = CYLINDRICAL_SURFACE ( 'NONE', #1122, 0.2812500000000001665 ) ;
#569 = ORIENTED_EDGE ( 'NONE', *, *, #15, .T. ) ;
#570 = CARTESIAN_POINT ( 'NONE',  ( 5.750002459999993931, 3.397404510000013200, 41.67717851000001161 ) ) ;
#571 = CARTESIAN_POINT ( 'NONE',  ( 5.437502459999998372, 5.704904510000016415, 43.55217851000001161 ) ) ;
#572 = VECTOR ( 'NONE', #468, 39.37007874015748854 ) ;
#573 = ADVANCED_FACE ( 'NONE', ( #416 ), #1440, .T. ) ;
#574 = LINE ( 'NONE', #352, #1472 ) ;
#575 = ORIENTED_EDGE ( 'NONE', *, *, #959, .T. ) ;
#576 = PLANE ( 'NONE',  #722 ) ;
#577 = ORIENTED_EDGE ( 'NONE', *, *, #846, .T. ) ;
#578 = DIRECTION ( 'NONE',  ( 0.000000000000000000, 0.000000000000000000, -1.000000000000000000 ) ) ;
#579 = VECTOR ( 'NONE', #839, 39.37007874015748143 ) ;
#580 = CIRCLE ( 'NONE', #62, 0.4375000000000031641 ) ;
#581 = VECTOR ( 'NONE', #447, 39.37007874015748143 ) ;
#582 = DIRECTION ( 'NONE',  ( -0.7071067811865289210, -0.000000000000000000, 0.7071067811865660024 ) ) ;
#583 = EDGE_CURVE ( 'NONE', #283, #368, #54, .T. ) ;
#584 = DIRECTION ( 'NONE',  ( 0.7547095802227722361, 0.000000000000000000, -0.6560590289905070538 ) ) ;
#585 = ORIENTED_EDGE ( 'NONE', *, *, #696, .F. ) ;
#586 = DIRECTION ( 'NONE',  ( 0.7071067811865660024, 0.7071067811865289210, 0.000000000000000000 ) ) ;
#587 = ADVANCED_FACE ( 'NONE', ( #403 ), #1222, .F. ) ;
#588 = VECTOR ( 'NONE', #1204, 39.37007874015748854 ) ;
#589 = EDGE_CURVE ( 'NONE', #638, #1377, #532, .T. ) ;
#590 = FACE_OUTER_BOUND ( 'NONE', #65, .T. ) ;
#591 = ORIENTED_EDGE ( 'NONE', *, *, #601, .T. ) ;
#592 = DIRECTION ( 'NONE',  ( 0.000000000000000000, -0.000000000000000000, -1.000000000000000000 ) ) ;
#593 = LINE ( 'NONE', #1062, #850 ) ;
#594 = ORIENTED_EDGE ( 'NONE', *, *, #746, .T. ) ;
#595 = DIRECTION ( 'NONE',  ( -1.000000000000000000, -0.000000000000000000, -0.000000000000000000 ) ) ;
#596 = EDGE_LOOP ( 'NONE', ( #408, #1393, #1055, #682, #1225 ) ) ;
#597 = CARTESIAN_POINT ( 'NONE',  ( 5.437502459999995708, 3.459904510000012756, 42.05217851000001161 ) ) ;
#598 = LINE ( 'NONE', #842, #588 ) ;
#599 = CARTESIAN_POINT ( 'NONE',  ( 6.125002459999994819, 5.704904510000012863, 43.05217851000001161 ) ) ;
#600 = AXIS2_PLACEMENT_3D ( 'NONE', #1406, #827, #939 ) ;
#601 = EDGE_CURVE ( 'NONE', #214, #539, #745, .T. ) ;
#602 = LINE ( 'NONE', #1032, #1443 ) ;
#603 = FACE_OUTER_BOUND ( 'NONE', #596, .T. ) ;
#604 = FACE_OUTER_BOUND ( 'NONE', #455, .T. ) ;
#605 = DIRECTION ( 'NONE',  ( 1.000000000000000000, -0.000000000000000000, -0.000000000000000000 ) ) ;
#606 = EDGE_CURVE ( 'NONE', #524, #728, #851, .T. ) ;
#607 = VECTOR ( 'NONE', #1171, 39.37007874015748854 ) ;
#608 = AXIS2_PLACEMENT_3D ( 'NONE', #1004, #772, #432 ) ;
#609 = DIRECTION ( 'NONE',  ( 0.000000000000000000, 1.000000000000000000, 0.000000000000000000 ) ) ;
#610 = DIRECTION ( 'NONE',  ( 0.7071067811865289210, 0.000000000000000000, -0.7071067811865660024 ) ) ;
#611 = DIRECTION ( 'NONE',  ( 0.000000000000000000, 0.000000000000000000, 1.000000000000000000 ) ) ;
#612 = ORIENTED_EDGE ( 'NONE', *, *, #583, .T. ) ;
#613 = EDGE_CURVE ( 'NONE', #876, #96, #806, .T. ) ;
#614 = CIRCLE ( 'NONE', #1007, 0.1406000000000034167 ) ;
#615 = CARTESIAN_POINT ( 'NONE',  ( 5.354126949605896968, 5.358731726886935220, 43.46880299960590577 ) ) ;
#616 = DIRECTION ( 'NONE',  ( 0.000000000000000000, 0.000000000000000000, -1.000000000000000000 ) ) ;
#617 = PLANE ( 'NONE',  #1501 ) ;
#618 = AXIS2_PLACEMENT_3D ( 'NONE', #937, #122, #1398 ) ;
#619 = CIRCLE ( 'NONE', #1475, 0.5625000000000003331 ) ;
#620 = VECTOR ( 'NONE', #713, 39.37007874015748143 ) ;
#621 = ORIENTED_EDGE ( 'NONE', *, *, #173, .F. ) ;
#622 = FACE_OUTER_BOUND ( 'NONE', #1412, .T. ) ;
#623 = DIRECTION ( 'NONE',  ( 0.000000000000000000, 0.000000000000000000, 1.000000000000000000 ) ) ;
#624 = EDGE_CURVE ( 'NONE', #1482, #544, #655, .T. ) ;
#625 = CARTESIAN_POINT ( 'NONE',  ( 6.125002459999994819, 5.704904510000012863, 43.05217851000001161 ) ) ;
#626 = EDGE_LOOP ( 'NONE', ( #561, #888, #1494, #203 ) ) ;
#627 = DIRECTION ( 'NONE',  ( 0.000000000000000000, 0.000000000000000000, 1.000000000000000000 ) ) ;
#628 = DIRECTION ( 'NONE',  ( 0.7071067811865474617, 0.7071067811865474617, 0.000000000000000000 ) ) ;
#629 = AXIS2_PLACEMENT_3D ( 'NONE', #763, #537, #1109 ) ;
#630 = VERTEX_POINT ( 'NONE', #666 ) ;
#631 = PLANE ( 'NONE',  #1111 ) ;
#632 = DIRECTION ( 'NONE',  ( 0.000000000000000000, -1.000000000000000000, 0.000000000000000000 ) ) ;
#633 = EDGE_CURVE ( 'NONE', #153, #908, #471, .T. ) ;
#634 = ORIENTED_EDGE ( 'NONE', *, *, #969, .T. ) ;
#635 = DIRECTION ( 'NONE',  ( 1.000000000000000000, -0.000000000000000000, -0.000000000000000000 ) ) ;
#636 = EDGE_CURVE ( 'NONE', #17, #1140, #727, .T. ) ;
#637 = DIRECTION ( 'NONE',  ( -1.000000000000000000, -0.000000000000000000, -0.000000000000000000 ) ) ;
#638 = VERTEX_POINT ( 'NONE', #1368 ) ;
#639 = LINE ( 'NONE', #510, #187 ) ;
#640 = CARTESIAN_POINT ( 'NONE',  ( 6.125002459999994819, 3.397404510000013200, 42.30217851000000451 ) ) ;
#641 = VERTEX_POINT ( 'NONE', #1252 ) ;
#642 = AXIS2_PLACEMENT_3D ( 'NONE', #326, #335, #566 ) ;
#643 = VECTOR ( 'NONE', #1290, 39.37007874015748143 ) ;
#644 = EDGE_CURVE ( 'NONE', #1058, #1037, #997, .T. ) ;
#645 = DIRECTION ( 'NONE',  ( 1.000000000000000000, -0.000000000000000000, -0.000000000000000000 ) ) ;
#646 = ORIENTED_EDGE ( 'NONE', *, *, #885, .T. ) ;
#647 = DIRECTION ( 'NONE',  ( -0.7071067811865475727, -0.7071067811865475727, 0.000000000000000000 ) ) ;
#648 = FACE_OUTER_BOUND ( 'NONE', #864, .T. ) ;
#649 = EDGE_CURVE ( 'NONE', #686, #1358, #148, .T. ) ;
#650 = ADVANCED_FACE ( 'NONE', ( #104 ), #568, .F. ) ;
#651 = VERTEX_POINT ( 'NONE', #796 ) ;
#652 = LINE ( 'NONE', #663, #172 ) ;
#653 = CIRCLE ( 'NONE', #506, 0.3750000000000002220 ) ;
#654 = CYLINDRICAL_SURFACE ( 'NONE', #480, 0.1329999999999999238 ) ;
#655 = CIRCLE ( 'NONE', #22, 0.3750000000000002220 ) ;
#656 = ORIENTED_EDGE ( 'NONE', *, *, #232, .T. ) ;
#657 = DIRECTION ( 'NONE',  ( 0.7071067811865474617, -0.7071067811865474617, 0.000000000000000000 ) ) ;
#658 = PRODUCT ( 'module rail block v2', 'module rail block v2', '', ( #513 ) ) ;
#659 = ORIENTED_EDGE ( 'NONE', *, *, #151, .T. ) ;
#660 = ORIENTED_EDGE ( 'NONE', *, *, #1246, .T. ) ;
#661 = DIRECTION ( 'NONE',  ( 0.000000000000000000, 0.000000000000000000, -1.000000000000000000 ) ) ;
#662 = ORIENTED_EDGE ( 'NONE', *, *, #1239, .F. ) ;
#663 = CARTESIAN_POINT ( 'NONE',  ( 5.281252460000000148, 5.704904510000012863, 42.25527851000001078 ) ) ;
#664 = PLANE ( 'NONE',  #966 ) ;
#665 = ORIENTED_EDGE ( 'NONE', *, *, #1238, .F. ) ;
#666 = CARTESIAN_POINT ( 'NONE',  ( 6.062502459999994819, 5.704904510000016415, 43.55217851000001161 ) ) ;
#667 = ORIENTED_EDGE ( 'NONE', *, *, #536, .F. ) ;
#668 = DIRECTION ( 'NONE',  ( 0.000000000000000000, 0.000000000000000000, -1.000000000000000000 ) ) ;
#669 = VECTOR ( 'NONE', #98, 39.37007874015748143 ) ;
#670 = ORIENTED_EDGE ( 'NONE', *, *, #1278, .F. ) ;
#671 = CARTESIAN_POINT ( 'NONE',  ( 6.125002459999994819, 6.204904510000015527, 43.55217851000001161 ) ) ;
#672 = ORIENTED_EDGE ( 'NONE', *, *, #540, .F. ) ;
#673 = CARTESIAN_POINT ( 'NONE',  ( 5.375002460000002813, 5.704904510000012863, 43.18517851000001428 ) ) ;
#674 = VERTEX_POINT ( 'NONE', #321 ) ;
#675 = ORIENTED_EDGE ( 'NONE', *, *, #1419, .F. ) ;
#676 = FACE_OUTER_BOUND ( 'NONE', #431, .T. ) ;
#677 = DIRECTION ( 'NONE',  ( 1.000000000000000000, -0.000000000000000000, -0.000000000000000000 ) ) ;
#678 = VERTEX_POINT ( 'NONE', #786 ) ;
#679 = CARTESIAN_POINT ( 'NONE',  ( 5.437502460000001925, 5.581750735130862395, 43.55217851000001161 ) ) ;
#680 = ORIENTED_EDGE ( 'NONE', *, *, #1149, .T. ) ;
#681 = DIRECTION ( 'NONE',  ( 0.000000000000000000, 0.000000000000000000, -1.000000000000000000 ) ) ;
#682 = ORIENTED_EDGE ( 'NONE', *, *, #1347, .T. ) ;
#683 = DIRECTION ( 'NONE',  ( 0.000000000000000000, 0.000000000000000000, 1.000000000000000000 ) ) ;
#684 = LINE ( 'NONE', #1372, #572 ) ;
#685 = EDGE_CURVE ( 'NONE', #858, #1001, #933, .T. ) ;
#686 = VERTEX_POINT ( 'NONE', #673 ) ;
#687 = DIRECTION ( 'NONE',  ( 0.000000000000000000, 0.000000000000000000, 1.000000000000000000 ) ) ;
#688 = EDGE_CURVE ( 'NONE', #950, #924, #873, .T. ) ;
#689 = EDGE_LOOP ( 'NONE', ( #329, #1011, #680, #1452, #205, #594, #1467, #1351 ) ) ;
#690 = DIRECTION ( 'NONE',  ( 0.000000000000000000, 0.000000000000000000, 1.000000000000000000 ) ) ;
#691 = CARTESIAN_POINT ( 'NONE',  ( 5.281252460000000148, 5.204904510000007534, 42.61467851000001161 ) ) ;
#692 = CIRCLE ( 'NONE', #494, 0.4375000000000031641 ) ;
#693 = EDGE_CURVE ( 'NONE', #1148, #477, #1488, .T. ) ;
#694 = FACE_OUTER_BOUND ( 'NONE', #626, .T. ) ;
#695 = VECTOR ( 'NONE', #1100, 39.37007874015748143 ) ;
#696 = EDGE_CURVE ( 'NONE', #59, #96, #1135, .T. ) ;
#697 = DIRECTION ( 'NONE',  ( 1.000000000000000000, -0.000000000000000000, -0.000000000000000000 ) ) ;
#698 = VERTEX_POINT ( 'NONE', #1385 ) ;
#699 = DIRECTION ( 'NONE',  ( -0.7071067811865474617, 0.7071067811865474617, 0.000000000000000000 ) ) ;
#700 = CONICAL_SURFACE ( 'NONE', #766, 0.2535000000000010023, 0.7155849933176747779 ) ;
#701 = FILL_AREA_STYLE ('',( #1051 ) ) ;
#702 = DIRECTION ( 'NONE',  ( -0.000000000000000000, 1.000000000000000000, -0.000000000000000000 ) ) ;
#703 = ORIENTED_EDGE ( 'NONE', *, *, #383, .F. ) ;
#704 = CARTESIAN_POINT ( 'NONE',  ( 6.125002459999994819, 3.397404510000013200, 42.05217851000001161 ) ) ;
#705 = CARTESIAN_POINT ( 'NONE',  ( 5.281252460000000148, 5.704904510000012863, 42.36817851000000701 ) ) ;
#706 = VECTOR ( 'NONE', #479, 39.37007874015748854 ) ;
#707 = VECTOR ( 'NONE', #282, 39.37007874015748143 ) ;
#708 = ORIENTED_EDGE ( 'NONE', *, *, #929, .T. ) ;
#709 = CARTESIAN_POINT ( 'NONE',  ( 5.281252460000000148, 5.704904510000007534, 42.11467851000000451 ) ) ;
#710 = LINE ( 'NONE', #1340, #381 ) ;
#711 = CARTESIAN_POINT ( 'NONE',  ( 5.343752460000000148, 5.173654510000011975, 42.64592851000000451 ) ) ;
#712 = CARTESIAN_POINT ( 'NONE',  ( 5.343752460000001925, 5.704904510000016415, 42.55217851000000451 ) ) ;
#713 = DIRECTION ( 'NONE',  ( 0.000000000000000000, 0.000000000000000000, 1.000000000000000000 ) ) ;
#714 = ADVANCED_FACE ( 'NONE', ( #1020 ), #804, .T. ) ;
#715 = CARTESIAN_POINT ( 'NONE',  ( 5.281252460000000148, 6.142404510000016415, 42.69862511940672789 ) ) ;
#716 = DIRECTION ( 'NONE',  ( 0.000000000000000000, 0.000000000000000000, 1.000000000000000000 ) ) ;
#717 = PLANE ( 'NONE',  #141 ) ;
#718 = LINE ( 'NONE', #1193, #44 ) ;
#719 = DIRECTION ( 'NONE',  ( 0.000000000000000000, 0.000000000000000000, 1.000000000000000000 ) ) ;
#720 = AXIS2_PLACEMENT_3D ( 'NONE', #1090, #843, #719 ) ;
#721 = VECTOR ( 'NONE', #309, 39.37007874015748854 ) ;
#722 = AXIS2_PLACEMENT_3D ( 'NONE', #1047, #1505, #1293 ) ;
#723 = CARTESIAN_POINT ( 'NONE',  ( 5.281252460000000148, 5.704904510000007534, 42.11467851000000451 ) ) ;
#724 = CARTESIAN_POINT ( 'NONE',  ( 6.062502459999994819, 5.704904510000016415, 43.05217851000001161 ) ) ;
#725 = CARTESIAN_POINT ( 'NONE',  ( 6.125002459999994819, 3.209904510000012756, 43.48967851000001161 ) ) ;
#726 = EDGE_CURVE ( 'NONE', #1177, #17, #437, .T. ) ;
#727 = CIRCLE ( 'NONE', #1390, 0.4999999999999973910 ) ;
#728 = VERTEX_POINT ( 'NONE', #94 ) ;
#729 = VECTOR ( 'NONE', #63, 39.37007874015748143 ) ;
#730 = LINE ( 'NONE', #58, #31 ) ;
#731 = DIRECTION ( 'NONE',  ( 0.000000000000000000, 0.000000000000000000, 1.000000000000000000 ) ) ;
#732 = CARTESIAN_POINT ( 'NONE',  ( 5.322964027760459516, 6.100692942239558825, 42.71360230728082286 ) ) ;
#733 = ORIENTED_EDGE ( 'NONE', *, *, #1228, .F. ) ;
#734 = EDGE_CURVE ( 'NONE', #1140, #539, #560, .T. ) ;
#735 = CYLINDRICAL_SURFACE ( 'NONE', #1286, 0.3750000000000002220 ) ;
#736 = EDGE_CURVE ( 'NONE', #167, #698, #1028, .T. ) ;
#737 = CARTESIAN_POINT ( 'NONE',  ( 6.125002459999994819, 6.204904510000015527, 43.05217851000001161 ) ) ;
#738 = DIRECTION ( 'NONE',  ( -0.000000000000000000, 1.000000000000000000, -0.000000000000000000 ) ) ;
#739 = AXIS2_PLACEMENT_3D ( 'NONE', #671, #531, #318 ) ;
#740 = AXIS2_PLACEMENT_3D ( 'NONE', #1402, #817, #1283 ) ;
#741 = VERTEX_POINT ( 'NONE', #1376 ) ;
#742 = CYLINDRICAL_SURFACE ( 'NONE', #26, 0.1406000000000034167 ) ;
#743 = PLANE ( 'NONE',  #1014 ) ;
#744 = ORIENTED_EDGE ( 'NONE', *, *, #265, .F. ) ;
#745 = LINE ( 'NONE', #1094, #1457 ) ;
#746 = EDGE_CURVE ( 'NONE', #283, #1058, #1274, .T. ) ;
#747 = CARTESIAN_POINT ( 'NONE',  ( 6.125002459999994819, 5.704904510000016415, 42.61467851000001161 ) ) ;
#748 = ADVANCED_FACE ( 'NONE', ( #113 ), #576, .F. ) ;
#749 = ORIENTED_EDGE ( 'NONE', *, *, #1509, .T. ) ;
#750 = DIRECTION ( 'NONE',  ( 1.000000000000000000, 0.000000000000000000, 0.000000000000000000 ) ) ;
#751 = CARTESIAN_POINT ( 'NONE',  ( 5.375002459999995708, 3.709904510000012756, 42.30217851000000451 ) ) ;
#752 = ORIENTED_EDGE ( 'NONE', *, *, #121, .T. ) ;
#753 = DIRECTION ( 'NONE',  ( 0.000000000000000000, -1.000000000000000000, 0.000000000000000000 ) ) ;
#754 = CARTESIAN_POINT ( 'NONE',  ( 5.281252460000000148, 6.142404510000016415, 0.000000000000000000 ) ) ;
#755 = PRODUCT_DEFINITION ( 'UNKNOWN', '', #1417, #909 ) ;
#756 = ORIENTED_EDGE ( 'NONE', *, *, #762, .T. ) ;
#757 = CARTESIAN_POINT ( 'NONE',  ( 5.750002459999993931, 0.000000000000000000, 42.05217851000001161 ) ) ;
#758 = EDGE_CURVE ( 'NONE', #539, #1437, #354, .T. ) ;
#759 = AXIS2_PLACEMENT_3D ( 'NONE', #1088, #645, #1432 ) ;
#760 = ORIENTED_EDGE ( 'NONE', *, *, #421, .T. ) ;
#761 = DIRECTION ( 'NONE',  ( 1.000000000000000000, -0.000000000000000000, -0.000000000000000000 ) ) ;
#762 = EDGE_CURVE ( 'NONE', #651, #355, #483, .T. ) ;
#763 = CARTESIAN_POINT ( 'NONE',  ( 5.750002459999996596, 3.209904510000012756, 42.05217851000001161 ) ) ;
#764 = COLOUR_RGB ( '',0.7921568627450980005, 0.8196078431372548767, 0.9333333333333333481 ) ;
#765 = ORIENTED_EDGE ( 'NONE', *, *, #1308, .F. ) ;
#766 = AXIS2_PLACEMENT_3D ( 'NONE', #215, #356, #97 ) ;
#767 = VECTOR ( 'NONE', #883, 39.37007874015748854 ) ;
#768 = DIRECTION ( 'NONE',  ( 0.000000000000000000, 0.000000000000000000, 1.000000000000000000 ) ) ;
#769 = ORIENTED_EDGE ( 'NONE', *, *, #1287, .T. ) ;
#770 = DIRECTION ( 'NONE',  ( 0.5773502691896156280, 0.5773502691896156280, -0.5773502691896458261 ) ) ;
#771 = ORIENTED_EDGE ( 'NONE', *, *, #959, .F. ) ;
#772 = DIRECTION ( 'NONE',  ( -1.000000000000000000, 0.000000000000000000, 0.000000000000000000 ) ) ;
#773 = EDGE_CURVE ( 'NONE', #339, #698, #1189, .T. ) ;
#774 = ORIENTED_EDGE ( 'NONE', *, *, #649, .T. ) ;
#775 = CARTESIAN_POINT ( 'NONE',  ( 6.125002459999994819, 5.704904510000016415, 42.55217851000000451 ) ) ;
#776 = CARTESIAN_POINT ( 'NONE',  ( 5.750002459999993043, 3.459904510000012756, 42.05217851000001161 ) ) ;
#777 = ORIENTED_EDGE ( 'NONE', *, *, #105, .F. ) ;
#778 = DIRECTION ( 'NONE',  ( 0.7071067811865475727, -0.7071067811865475727, 0.000000000000000000 ) ) ;
#779 = PRODUCT_DEFINITION_SHAPE ( 'NONE', 'NONE',  #755 ) ;
#780 = ORIENTED_EDGE ( 'NONE', *, *, #154, .F. ) ;
#781 = ORIENTED_EDGE ( 'NONE', *, *, #232, .F. ) ;
#782 = DIRECTION ( 'NONE',  ( -0.000000000000000000, 1.000000000000000000, -0.000000000000000000 ) ) ;
#783 = ORIENTED_EDGE ( 'NONE', *, *, #160, .T. ) ;
#784 = DIRECTION ( 'NONE',  ( -1.000000000000000000, 0.000000000000000000, 0.000000000000000000 ) ) ;
#785 = VERTEX_POINT ( 'NONE', #715 ) ;
#786 = CARTESIAN_POINT ( 'NONE',  ( 5.281252460000000148, 5.704904510000008422, 41.67717851000000451 ) ) ;
#787 = VERTEX_POINT ( 'NONE', #476 ) ;
#788 = CARTESIAN_POINT ( 'NONE',  ( 5.031252460000002813, 5.204904510000007534, 43.05217851000001161 ) ) ;
#789 = CARTESIAN_POINT ( 'NONE',  ( 5.031252460000002813, 5.704904510000016415, 42.11467851000000451 ) ) ;
#790 = CONICAL_SURFACE ( 'NONE', #13, 0.5624999999999915623, 0.7853981633974450594 ) ;
#791 = ORIENTED_EDGE ( 'NONE', *, *, #818, .F. ) ;
#792 = AXIS2_PLACEMENT_3D ( 'NONE', #478, #1184, #137 ) ;
#793 = DIRECTION ( 'NONE',  ( -1.000000000000000000, 0.000000000000000000, 0.000000000000000000 ) ) ;
#794 = AXIS2_PLACEMENT_3D ( 'NONE', #856, #1089, #145 ) ;
#795 = ORIENTED_EDGE ( 'NONE', *, *, #336, .F. ) ;
#796 = CARTESIAN_POINT ( 'NONE',  ( 5.750002459999993043, 3.209904510000012756, 42.18517851000000718 ) ) ;
#797 = EDGE_LOOP ( 'NONE', ( #1035, #1373, #823, #1384 ) ) ;
#798 = DIRECTION ( 'NONE',  ( 1.000000000000000000, 0.000000000000000000, 0.000000000000000000 ) ) ;
#799 = ADVANCED_FACE ( 'NONE', ( #129 ), #834, .F. ) ;
#800 = DIRECTION ( 'NONE',  ( -1.000000000000000000, 0.000000000000000000, 0.000000000000000000 ) ) ;
#801 = ADVANCED_FACE ( 'NONE', ( #245 ), #1411, .T. ) ;
#802 = CARTESIAN_POINT ( 'NONE',  ( 5.437502459999995708, 3.459904510000012756, 42.30217851000000451 ) ) ;
#803 = ORIENTED_EDGE ( 'NONE', *, *, #75, .T. ) ;
#804 = PLANE ( 'NONE',  #469 ) ;
#805 = EDGE_LOOP ( 'NONE', ( #280, #1120, #1101, #337 ) ) ;
#806 = CIRCLE ( 'NONE', #1198, 0.2535000000000010023 ) ;
#807 = FACE_OUTER_BOUND ( 'NONE', #264, .T. ) ;
#808 = CARTESIAN_POINT ( 'NONE',  ( 5.375002460000002813, 5.704904510000012863, 42.77092851000001161 ) ) ;
#809 = VECTOR ( 'NONE', #400, 39.37007874015748143 ) ;
#810 = B_SPLINE_CURVE_WITH_KNOTS ( 'NONE', 3,
 ( #291, #1438, #615, #1208 ),
 .UNSPECIFIED., .F., .F.,
 ( 4, 4 ),
 ( 0.000000000000000000, 0.002318772848255412286 ),
 .UNSPECIFIED. ) ;
#811 = EDGE_CURVE ( 'NONE', #80, #1431, #366, .T. ) ;
#812 = CARTESIAN_POINT ( 'NONE',  ( 5.218752460000001037, 6.204904510000015527, 43.05217851000001161 ) ) ;
#813 = VERTEX_POINT ( 'NONE', #1066 ) ;
#814 = CARTESIAN_POINT ( 'NONE',  ( 6.125002459999994819, 3.397404510000013200, 42.05217851000001161 ) ) ;
#815 = EDGE_CURVE ( 'NONE', #1339, #214, #188, .T. ) ;
#816 = ORIENTED_EDGE ( 'NONE', *, *, #1015, .F. ) ;
#817 = DIRECTION ( 'NONE',  ( -1.000000000000000000, 0.000000000000000000, 0.000000000000000000 ) ) ;
#818 = EDGE_CURVE ( 'NONE', #1273, #544, #1400, .T. ) ;
#819 = AXIS2_PLACEMENT_3D ( 'NONE', #789, #1079, #1491 ) ;
#820 = DIRECTION ( 'NONE',  ( 1.000000000000000000, -0.000000000000000000, -0.000000000000000000 ) ) ;
#821 = EDGE_LOOP ( 'NONE', ( #77, #1097, #1219, #826, #1442, #1504 ) ) ;
#822 = DIRECTION ( 'NONE',  ( -0.000000000000000000, -0.000000000000000000, -1.000000000000000000 ) ) ;
#823 = ORIENTED_EDGE ( 'NONE', *, *, #693, .F. ) ;
#824 = CARTESIAN_POINT ( 'NONE',  ( 5.375002459999995708, 3.397404510000013200, 42.05217851000001161 ) ) ;
#825 = CIRCLE ( 'NONE', #1017, 0.3124999999999972800 ) ;
#826 = ORIENTED_EDGE ( 'NONE', *, *, #492, .T. ) ;
#827 = DIRECTION ( 'NONE',  ( -0.7071067811865475727, -0.7071067811865475727, 0.000000000000000000 ) ) ;
#828 = ORIENTED_EDGE ( 'NONE', *, *, #493, .F. ) ;
#829 = DIRECTION ( 'NONE',  ( 0.000000000000000000, 0.000000000000000000, -1.000000000000000000 ) ) ;
#830 = ADVANCED_FACE ( 'NONE', ( #590 ), #944, .F. ) ;
#831 = CARTESIAN_POINT ( 'NONE',  ( 6.125002459999994819, 5.704904510000012863, 42.77092851000001161 ) ) ;
#832 = FACE_BOUND ( 'NONE', #320, .T. ) ;
#833 = VECTOR ( 'NONE', #295, 39.37007874015748143 ) ;
#834 = PLANE ( 'NONE',  #600 ) ;
#835 = ORIENTED_EDGE ( 'NONE', *, *, #229, .F. ) ;
#836 = LINE ( 'NONE', #1300, #1344 ) ;
#837 = CARTESIAN_POINT ( 'NONE',  ( 5.437502459999995708, 6.204904510000015527, 42.55217851000000451 ) ) ;
#838 = LINE ( 'NONE', #1302, #389 ) ;
#839 = DIRECTION ( 'NONE',  ( 0.5773502691896224004, 0.5773502691896224004, 0.5773502691896325034 ) ) ;
#840 = CARTESIAN_POINT ( 'NONE',  ( 5.375002459999995708, 5.204904510000007534, 42.61467851000001161 ) ) ;
#841 = EDGE_CURVE ( 'NONE', #1375, #908, #382, .T. ) ;
#842 = CARTESIAN_POINT ( 'NONE',  ( 5.312502460000002813, 5.204904510000007534, 43.05217851000001161 ) ) ;
#843 = DIRECTION ( 'NONE',  ( -0.000000000000000000, 1.000000000000000000, -0.000000000000000000 ) ) ;
#844 = AXIS2_PLACEMENT_3D ( 'NONE', #178, #195, #868 ) ;
#845 = VECTOR ( 'NONE', #1161, 39.37007874015748143 ) ;
#846 = EDGE_CURVE ( 'NONE', #1001, #858, #1450, .T. ) ;
#847 = DIRECTION ( 'NONE',  ( 0.7071067811865537900, 0.000000000000000000, -0.7071067811865413555 ) ) ;
#848 = LINE ( 'NONE', #268, #706 ) ;
#849 = CARTESIAN_POINT ( 'NONE',  ( 5.437502459999995708, 3.709904510000012756, 42.30217851000000451 ) ) ;
#850 = VECTOR ( 'NONE', #12, 39.37007874015748143 ) ;
#851 = CIRCLE ( 'NONE', #342, 0.4999999999999973910 ) ;
#852 = ADVANCED_FACE ( 'NONE', ( #486 ), #20, .F. ) ;
#853 = ORIENTED_EDGE ( 'NONE', *, *, #265, .T. ) ;
#854 = EDGE_CURVE ( 'NONE', #630, #17, #989, .T. ) ;
#855 = CARTESIAN_POINT ( 'NONE',  ( 5.281252460000000148, 5.704904510000016415, 43.05217851000000451 ) ) ;
#856 = CARTESIAN_POINT ( 'NONE',  ( 5.281252460000000148, 5.704904510000012863, 42.11467851000000451 ) ) ;
#857 = CARTESIAN_POINT ( 'NONE',  ( 6.125002459999994819, 6.142404510000016415, 43.05217851000000451 ) ) ;
#858 = VERTEX_POINT ( 'NONE', #1429 ) ;
#859 = DIRECTION ( 'NONE',  ( 0.000000000000000000, 0.000000000000000000, 1.000000000000000000 ) ) ;
#860 = EDGE_LOOP ( 'NONE', ( #835, #1343, #1325, #443 ) ) ;
#861 = CARTESIAN_POINT ( 'NONE',  ( 5.281252460000000148, 5.704904510000012863, 42.11467851000000451 ) ) ;
#862 = ADVANCED_FACE ( 'NONE', ( #604 ), #312, .T. ) ;
#863 = LINE ( 'NONE', #1477, #508 ) ;
#864 = EDGE_LOOP ( 'NONE', ( #1369, #402, #453, #533 ) ) ;
#865 = APPLICATION_PROTOCOL_DEFINITION ( 'draft international standard', 'automotive_design', 1998, #146 ) ;
#866 = CARTESIAN_POINT ( 'NONE',  ( 6.125002459999994819, 5.704904510000007534, 43.05217851000001161 ) ) ;
#867 = ORIENTED_EDGE ( 'NONE', *, *, #319, .F. ) ;
#868 = DIRECTION ( 'NONE',  ( 0.000000000000000000, -1.000000000000000000, 0.000000000000000000 ) ) ;
#869 = EDGE_CURVE ( 'NONE', #914, #1437, #138, .T. ) ;
#870 = LINE ( 'NONE', #754, #48 ) ;
#871 = ORIENTED_EDGE ( 'NONE', *, *, #294, .T. ) ;
#872 =( CONVERSION_BASED_UNIT ( 'INCH', #1460 ) LENGTH_UNIT ( ) NAMED_UNIT ( #1158 ) );
#873 = CIRCLE ( 'NONE', #407, 0.5624999999999915623 ) ;
#874 = EDGE_CURVE ( 'NONE', #641, #524, #971, .T. ) ;
#875 = LINE ( 'NONE', #183, #296 ) ;
#876 = VERTEX_POINT ( 'NONE', #705 ) ;
#877 = CARTESIAN_POINT ( 'NONE',  ( 5.218752460000001037, 6.204904510000015527, 42.11467851000000451 ) ) ;
#878 = DIRECTION ( 'NONE',  ( -0.000000000000000000, 1.000000000000000000, -0.000000000000000000 ) ) ;
#879 = ORIENTED_EDGE ( 'NONE', *, *, #963, .F. ) ;
#880 = FACE_OUTER_BOUND ( 'NONE', #353, .T. ) ;
#881 = AXIS2_PLACEMENT_3D ( 'NONE', #507, #395, #52 ) ;
#882 = ORIENTED_EDGE ( 'NONE', *, *, #1200, .T. ) ;
#883 = DIRECTION ( 'NONE',  ( 0.7071067811865474617, 0.7071067811865474617, 0.000000000000000000 ) ) ;
#884 = ORIENTED_EDGE ( 'NONE', *, *, #1415, .F. ) ;
#885 = EDGE_CURVE ( 'NONE', #1431, #924, #598, .T. ) ;
#886 = FACE_OUTER_BOUND ( 'NONE', #805, .T. ) ;
#887 = CIRCLE ( 'NONE', #162, 0.4375000000000031641 ) ;
#888 = ORIENTED_EDGE ( 'NONE', *, *, #1332, .T. ) ;
#889 = DIRECTION ( 'NONE',  ( -1.000000000000000000, 0.000000000000000000, 0.000000000000000000 ) ) ;
#890 = AXIS2_PLACEMENT_3D ( 'NONE', #1073, #24, #592 ) ;
#891 = FACE_OUTER_BOUND ( 'NONE', #1024, .T. ) ;
#892 = ORIENTED_EDGE ( 'NONE', *, *, #173, .T. ) ;
#893 = CARTESIAN_POINT ( 'NONE',  ( 6.125002459999994819, 0.000000000000000000, 43.48967851000001161 ) ) ;
#894 = ORIENTED_EDGE ( 'NONE', *, *, #1436, .T. ) ;
#895 = ORIENTED_EDGE ( 'NONE', *, *, #118, .T. ) ;
#896 = CARTESIAN_POINT ( 'NONE',  ( 5.218752460000001037, 5.704904510000016415, 42.11467851000000451 ) ) ;
#897 = ORIENTED_EDGE ( 'NONE', *, *, #726, .T. ) ;
#898 = ADVANCED_FACE ( 'NONE', ( #1309 ), #386, .T. ) ;
#899 = VECTOR ( 'NONE', #456, 39.37007874015748143 ) ;
#900 = CYLINDRICAL_SURFACE ( 'NONE', #642, 0.2812500000000001665 ) ;
#901 = ORIENTED_EDGE ( 'NONE', *, *, #1342, .F. ) ;
#902 = DIRECTION ( 'NONE',  ( 1.000000000000000000, -0.000000000000000000, -0.000000000000000000 ) ) ;
#903 = ORIENTED_EDGE ( 'NONE', *, *, #1040, .F. ) ;
#904 = EDGE_LOOP ( 'NONE', ( #1181, #134, #396, #1126, #895, #930 ) ) ;
#905 = CARTESIAN_POINT ( 'NONE',  ( 5.750002459999993931, 3.459904510000012756, 41.73967851000001161 ) ) ;
#906 = VECTOR ( 'NONE', #1362, 39.37007874015748854 ) ;
#907 = DIRECTION ( 'NONE',  ( 0.000000000000000000, 1.000000000000000000, 0.000000000000000000 ) ) ;
#908 = VERTEX_POINT ( 'NONE', #831 ) ;
#909 = PRODUCT_DEFINITION_CONTEXT ( 'detailed design', #146, 'design' ) ;
#910 = CARTESIAN_POINT ( 'NONE',  ( 5.031252460000002813, 5.704904510000016415, 43.05217851000001161 ) ) ;
#911 = ADVANCED_FACE ( 'NONE', ( #1314 ), #1313, .T. ) ;
#912 = EDGE_LOOP ( 'NONE', ( #612, #347, #781, #1318 ) ) ;
#913 = CARTESIAN_POINT ( 'NONE',  ( 5.281252460000000148, 5.704904510000012863, 41.86117851000000201 ) ) ;
#914 = VERTEX_POINT ( 'NONE', #947 ) ;
#915 = LINE ( 'NONE', #125, #1305 ) ;
#916 = FACE_OUTER_BOUND ( 'NONE', #1046, .T. ) ;
#917 = EDGE_CURVE ( 'NONE', #787, #950, #593, .T. ) ;
#918 = CIRCLE ( 'NONE', #720, 0.1329999999999999238 ) ;
#919 = CARTESIAN_POINT ( 'NONE',  ( 5.031252460000002813, 5.704904510000012863, 41.97407850999999823 ) ) ;
#920 = VECTOR ( 'NONE', #770, 39.37007874015748854 ) ;
#921 = VECTOR ( 'NONE', #822, 39.37007874015748143 ) ;
#922 = ORIENTED_EDGE ( 'NONE', *, *, #1149, .F. ) ;
#923 = DIRECTION ( 'NONE',  ( 1.000000000000000000, -0.000000000000000000, -0.000000000000000000 ) ) ;
#924 = VERTEX_POINT ( 'NONE', #1081 ) ;
#925 = CARTESIAN_POINT ( 'NONE',  ( 6.125002459999994819, 3.397404510000013200, 42.30217851000000451 ) ) ;
#926 = ADVANCED_FACE ( 'NONE', ( #30 ), #1296, .T. ) ;
#927 = CARTESIAN_POINT ( 'NONE',  ( 5.375002459999995708, 3.209904510000012756, 42.05217851000001161 ) ) ;
#928 = EDGE_CURVE ( 'NONE', #1037, #980, #848, .T. ) ;
#929 = EDGE_CURVE ( 'NONE', #651, #992, #244, .T. ) ;
#930 = ORIENTED_EDGE ( 'NONE', *, *, #1015, .T. ) ;
#931 = CARTESIAN_POINT ( 'NONE',  ( 5.375002460000002813, 5.704904510000012863, 43.05217851000001161 ) ) ;
#932 = EDGE_LOOP ( 'NONE', ( #897, #1401, #771, #1260 ) ) ;
#933 = CIRCLE ( 'NONE', #225, 0.1329999999999999238 ) ;
#934 = DIRECTION ( 'NONE',  ( -1.000000000000000000, 0.000000000000000000, 0.000000000000000000 ) ) ;
#935 = FACE_OUTER_BOUND ( 'NONE', #417, .T. ) ;
#936 = AXIS2_PLACEMENT_3D ( 'NONE', #896, #1223, #1444 ) ;
#937 = CARTESIAN_POINT ( 'NONE',  ( 5.750002459999993043, 3.459904510000012756, 42.05217851000001161 ) ) ;
#938 = ORIENTED_EDGE ( 'NONE', *, *, #606, .T. ) ;
#939 = DIRECTION ( 'NONE',  ( 0.000000000000000000, 0.000000000000000000, 1.000000000000000000 ) ) ;
#940 = ORIENTED_EDGE ( 'NONE', *, *, #385, .F. ) ;
#941 = DIRECTION ( 'NONE',  ( 0.000000000000000000, 0.000000000000000000, 1.000000000000000000 ) ) ;
#942 = ORIENTED_EDGE ( 'NONE', *, *, #1075, .T. ) ;
#943 = CONICAL_SURFACE ( 'NONE', #277, 0.3124999999999972800, 0.7853981633974466137 ) ;
#944 = PLANE ( 'NONE',  #1264 ) ;
#945 = ORIENTED_EDGE ( 'NONE', *, *, #874, .T. ) ;
#946 = FACE_OUTER_BOUND ( 'NONE', #518, .T. ) ;
#947 = CARTESIAN_POINT ( 'NONE',  ( 5.375002459999995708, 3.709904510000012756, 42.61467851000001161 ) ) ;
#948 = CARTESIAN_POINT ( 'NONE',  ( 5.281252460000000148, 6.142404510000016415, 42.69862511940672789 ) ) ;
#949 = DIRECTION ( 'NONE',  ( 1.000000000000000000, 0.000000000000000000, 0.000000000000000000 ) ) ;
#950 = VERTEX_POINT ( 'NONE', #372 ) ;
#951 = DIRECTION ( 'NONE',  ( 0.5773502691896290617, -0.5773502691896089667, 0.5773502691896392758 ) ) ;
#952 = DIRECTION ( 'NONE',  ( 0.000000000000000000, -0.000000000000000000, -1.000000000000000000 ) ) ;
#953 = DIRECTION ( 'NONE',  ( -0.7071067811865412445, 0.000000000000000000, -0.7071067811865536790 ) ) ;
#954 = CONICAL_SURFACE ( 'NONE', #1337, 0.4375000000000031641, 0.7853981633974516097 ) ;
#955 = DIRECTION ( 'NONE',  ( 1.000000000000000000, -0.000000000000000000, -0.000000000000000000 ) ) ;
#956 = EDGE_CURVE ( 'NONE', #1107, #368, #838, .T. ) ;
#957 = DIRECTION ( 'NONE',  ( 0.000000000000000000, 1.000000000000000000, 0.000000000000000000 ) ) ;
#958 = DIRECTION ( 'NONE',  ( -1.000000000000000000, 0.000000000000000000, 0.000000000000000000 ) ) ;
#959 = EDGE_CURVE ( 'NONE', #53, #630, #718, .T. ) ;
#960 = AXIS2_PLACEMENT_3D ( 'NONE', #723, #1499, #716 ) ;
#961 = DIRECTION ( 'NONE',  ( -0.7071067811865475727, -0.7071067811865475727, 0.000000000000000000 ) ) ;
#962 = CARTESIAN_POINT ( 'NONE',  ( 5.750002459999996596, 3.459904510000012756, 42.05217851000001161 ) ) ;
#963 = EDGE_CURVE ( 'NONE', #1431, #227, #1038, .T. ) ;
#964 = LINE ( 'NONE', #255, #620 ) ;
#965 = AXIS2_PLACEMENT_3D ( 'NONE', #1410, #605, #611 ) ;
#966 = AXIS2_PLACEMENT_3D ( 'NONE', #1133, #84, #1479 ) ;
#967 = EDGE_CURVE ( 'NONE', #227, #1439, #1119, .T. ) ;
#968 = ORIENTED_EDGE ( 'NONE', *, *, #451, .T. ) ;
#969 = EDGE_CURVE ( 'NONE', #1339, #1230, #441, .T. ) ;
#970 = DIRECTION ( 'NONE',  ( 0.000000000000000000, -1.000000000000000000, 0.000000000000000000 ) ) ;
#971 = LINE ( 'NONE', #712, #1052 ) ;
#972 = DIRECTION ( 'NONE',  ( -1.000000000000000000, 0.000000000000000000, 0.000000000000000000 ) ) ;
#973 = VECTOR ( 'NONE', #699, 39.37007874015748854 ) ;
#974 = ORIENTED_EDGE ( 'NONE', *, *, #202, .F. ) ;
#975 = VECTOR ( 'NONE', #996, 39.37007874015748143 ) ;
#976 = CARTESIAN_POINT ( 'NONE',  ( 5.031252460000002813, 5.704904510000007534, 41.61467851000000451 ) ) ;
#977 = VERTEX_POINT ( 'NONE', #1163 ) ;
#978 = CARTESIAN_POINT ( 'NONE',  ( 5.281252460000000148, 6.142404510000016415, 0.000000000000000000 ) ) ;
#979 = LINE ( 'NONE', #1341, #729 ) ;
#980 = VERTEX_POINT ( 'NONE', #905 ) ;
#981 =( LENGTH_UNIT ( ) NAMED_UNIT ( * ) SI_UNIT ( $, .METRE. ) );
#982 = EDGE_CURVE ( 'NONE', #79, #1482, #653, .T. ) ;
#983 = DIRECTION ( 'NONE',  ( 1.000000000000000000, -0.000000000000000000, -0.000000000000000000 ) ) ;
#984 = ORIENTED_EDGE ( 'NONE', *, *, #1084, .T. ) ;
#985 = FACE_OUTER_BOUND ( 'NONE', #1454, .T. ) ;
#986 = CARTESIAN_POINT ( 'NONE',  ( 5.281252460000000148, 5.704904510000012863, 42.11467851000000451 ) ) ;
#987 = AXIS2_PLACEMENT_3D ( 'NONE', #849, #1316, #166 ) ;
#988 = AXIS2_PLACEMENT_3D ( 'NONE', #910, #793, #1374 ) ;
#989 = CIRCLE ( 'NONE', #332, 0.4999999999999973910 ) ;
#990 = ORIENTED_EDGE ( 'NONE', *, *, #589, .F. ) ;
#991 = DIRECTION ( 'NONE',  ( 0.000000000000000000, 2.497689594207308227E-15, 1.000000000000000000 ) ) ;
#992 = VERTEX_POINT ( 'NONE', #1507 ) ;
#993 = LINE ( 'NONE', #893, #520 ) ;
#994 = CARTESIAN_POINT ( 'NONE',  ( 5.218752460000001037, 5.704904510000007534, 41.61467851000000451 ) ) ;
#995 = EDGE_LOOP ( 'NONE', ( #1008, #1003 ) ) ;
#996 = DIRECTION ( 'NONE',  ( 1.000000000000000000, -0.000000000000000000, 0.000000000000000000 ) ) ;
#997 = CIRCLE ( 'NONE', #2, 0.3750000000000002220 ) ;
#998 = EDGE_CURVE ( 'NONE', #465, #641, #466, .T. ) ;
#999 = DIRECTION ( 'NONE',  ( 0.000000000000000000, 0.000000000000000000, -1.000000000000000000 ) ) ;
#1000 = AXIS2_PLACEMENT_3D ( 'NONE', #517, #398, #1131 ) ;
#1001 = VERTEX_POINT ( 'NONE', #1173 ) ;
#1002 = DIRECTION ( 'NONE',  ( 0.000000000000000000, 0.000000000000000000, 1.000000000000000000 ) ) ;
#1003 = ORIENTED_EDGE ( 'NONE', *, *, #229, .T. ) ;
#1004 = CARTESIAN_POINT ( 'NONE',  ( 6.125002459999994819, 5.704904510000016415, 43.05217851000000451 ) ) ;
#1005 = ORIENTED_EDGE ( 'NONE', *, *, #49, .T. ) ;
#1006 = LINE ( 'NONE', #414, #1139 ) ;
#1007 = AXIS2_PLACEMENT_3D ( 'NONE', #252, #955, #261 ) ;
#1008 = ORIENTED_EDGE ( 'NONE', *, *, #1335, .T. ) ;
#1009 = LINE ( 'NONE', #737, #1190 ) ;
#1010 = EDGE_LOOP ( 'NONE', ( #984, #325 ) ) ;
#1011 = ORIENTED_EDGE ( 'NONE', *, *, #688, .T. ) ;
#1012 = CARTESIAN_POINT ( 'NONE',  ( 5.281252460000000148, 6.142404510000016415, 42.11467851000000451 ) ) ;
#1013 = ADVANCED_FACE ( 'NONE', ( #323, #340 ), #1261, .F. ) ;
#1014 = AXIS2_PLACEMENT_3D ( 'NONE', #1446, #961, #168 ) ;
#1015 = EDGE_CURVE ( 'NONE', #236, #42, #1511, .T. ) ;
#1016 = ORIENTED_EDGE ( 'NONE', *, *, #1508, .F. ) ;
#1017 = AXIS2_PLACEMENT_3D ( 'NONE', #555, #115, #562 ) ;
#1018 = DIRECTION ( 'NONE',  ( 0.000000000000000000, 0.000000000000000000, 1.000000000000000000 ) ) ;
#1019 = ORIENTED_EDGE ( 'NONE', *, *, #1498, .T. ) ;
#1020 = FACE_OUTER_BOUND ( 'NONE', #436, .T. ) ;
#1021 = EDGE_LOOP ( 'NONE', ( #8, #1130, #1258, #903 ) ) ;
#1022 = ORIENTED_EDGE ( 'NONE', *, *, #385, .T. ) ;
#1023 = CARTESIAN_POINT ( 'NONE',  ( 5.031252460000002813, 5.704904510000012863, 42.11467851000000451 ) ) ;
#1024 = EDGE_LOOP ( 'NONE', ( #1275, #1311, #1243, #1480 ) ) ;
#1025 = ADVANCED_FACE ( 'NONE', ( #807 ), #700, .F. ) ;
#1026 = CARTESIAN_POINT ( 'NONE',  ( 5.375002459999995708, 3.209904510000012756, 42.05217851000001161 ) ) ;
#1027 = EDGE_LOOP ( 'NONE', ( #292, #199, #194, #1405 ) ) ;
#1028 = LINE ( 'NONE', #1267, #581 ) ;
#1029 = ORIENTED_EDGE ( 'NONE', *, *, #1129, .T. ) ;
#1030 = ORIENTED_EDGE ( 'NONE', *, *, #998, .T. ) ;
#1031 = DIRECTION ( 'NONE',  ( -1.000000000000000000, 0.000000000000000000, 0.000000000000000000 ) ) ;
#1032 = CARTESIAN_POINT ( 'NONE',  ( 5.343752460000001925, 5.704904510000016415, 42.55217851000000451 ) ) ;
#1033 = DIRECTION ( 'NONE',  ( -1.000000000000000000, 0.000000000000000000, 0.000000000000000000 ) ) ;
#1034 = ADVANCED_FACE ( 'NONE', ( #1146, #676 ), #1276, .F. ) ;
#1035 = ORIENTED_EDGE ( 'NONE', *, *, #928, .T. ) ;
#1036 = CARTESIAN_POINT ( 'NONE',  ( 6.125002459999994819, 5.704904510000012863, 42.77092851000001161 ) ) ;
#1037 = VERTEX_POINT ( 'NONE', #570 ) ;
#1038 = LINE ( 'NONE', #788, #438 ) ;
#1039 = CARTESIAN_POINT ( 'NONE',  ( 6.062502459999994819, 3.209904510000012756, 43.55217851000001161 ) ) ;
#1040 = EDGE_CURVE ( 'NONE', #914, #283, #825, .T. ) ;
#1041 = EDGE_CURVE ( 'NONE', #1060, #412, #1404, .T. ) ;
#1042 = AXIS2_PLACEMENT_3D ( 'NONE', #263, #958, #481 ) ;
#1043 = SURFACE_STYLE_USAGE ( .BOTH. , #1057 ) ;
#1044 = CIRCLE ( 'NONE', #988, 0.4999999999999973910 ) ;
#1045 = AXIS2_PLACEMENT_3D ( 'NONE', #241, #135, #16 ) ;
#1046 = EDGE_LOOP ( 'NONE', ( #744, #87, #646, #1160 ) ) ;
#1047 = CARTESIAN_POINT ( 'NONE',  ( 6.125002459999994819, 6.204904510000015527, 42.55217851000000451 ) ) ;
#1048 = ORIENTED_EDGE ( 'NONE', *, *, #685, .T. ) ;
#1049 = DIRECTION ( 'NONE',  ( -0.7071067811865784369, 0.000000000000000000, 0.7071067811865165975 ) ) ;
#1050 = DIRECTION ( 'NONE',  ( 0.000000000000000000, 1.000000000000000000, 0.000000000000000000 ) ) ;
#1051 = FILL_AREA_STYLE_COLOUR ( '', #764 ) ;
#1052 = VECTOR ( 'NONE', #957, 39.37007874015748143 ) ;
#1053 = ADVANCED_FACE ( 'NONE', ( #348 ), #552, .T. ) ;
#1054 = DIRECTION ( 'NONE',  ( 0.000000000000000000, 0.000000000000000000, -1.000000000000000000 ) ) ;
#1055 = ORIENTED_EDGE ( 'NONE', *, *, #1304, .T. ) ;
#1056 = LINE ( 'NONE', #207, #457 ) ;
#1057 = SURFACE_SIDE_STYLE ('',( #110 ) ) ;
#1058 = VERTEX_POINT ( 'NONE', #824 ) ;
#1059 = DIRECTION ( 'NONE',  ( -1.000000000000000000, 0.000000000000000000, 0.000000000000000000 ) ) ;
#1060 = VERTEX_POINT ( 'NONE', #89 ) ;
#1061 = FACE_OUTER_BOUND ( 'NONE', #310, .T. ) ;
#1062 = CARTESIAN_POINT ( 'NONE',  ( 5.375002459999995708, 5.704904510000016415, 43.48967851000001161 ) ) ;
#1063 = FACE_OUTER_BOUND ( 'NONE', #247, .T. ) ;
#1064 = AXIS2_PLACEMENT_3D ( 'NONE', #341, #143, #224 ) ;
#1065 = ORIENTED_EDGE ( 'NONE', *, *, #420, .F. ) ;
#1066 = CARTESIAN_POINT ( 'NONE',  ( 5.312502460000001925, 5.298654510000009310, 42.52092851000000451 ) ) ;
#1067 = CARTESIAN_POINT ( 'NONE',  ( 5.218752460000001037, 6.204904510000015527, 42.92902473513086647 ) ) ;
#1068 = DIRECTION ( 'NONE',  ( -0.7071067811865661135, -0.000000000000000000, -0.7071067811865290320 ) ) ;
#1069 = DIRECTION ( 'NONE',  ( -0.000000000000000000, 1.000000000000000000, -0.000000000000000000 ) ) ;
#1070 = DIRECTION ( 'NONE',  ( 0.000000000000000000, 0.000000000000000000, -1.000000000000000000 ) ) ;
#1071 = EDGE_CURVE ( 'NONE', #977, #131, #1056, .T. ) ;
#1072 = LINE ( 'NONE', #1039, #139 ) ;
#1073 = CARTESIAN_POINT ( 'NONE',  ( 6.125002459999994819, 3.459904510000012756, 41.67717851000001161 ) ) ;
#1074 = CARTESIAN_POINT ( 'NONE',  ( 6.125002459999994819, 0.000000000000000000, 42.61467851000001161 ) ) ;
#1075 = EDGE_CURVE ( 'NONE', #1377, #546, #915, .T. ) ;
#1076 = AXIS2_PLACEMENT_3D ( 'NONE', #931, #902, #1359 ) ;
#1077 = DIRECTION ( 'NONE',  ( 0.000000000000000000, 1.000000000000000000, 0.000000000000000000 ) ) ;
#1078 = AXIS2_PLACEMENT_3D ( 'NONE', #275, #738, #1255 ) ;
#1079 = DIRECTION ( 'NONE',  ( -1.000000000000000000, 0.000000000000000000, 0.000000000000000000 ) ) ;
#1080 = ADVANCED_FACE ( 'NONE', ( #1484 ), #1378, .F. ) ;
#1081 = CARTESIAN_POINT ( 'NONE',  ( 5.375002459999995708, 5.142404510000014639, 43.05217851000001161 ) ) ;
#1082 = FACE_OUTER_BOUND ( 'NONE', #912, .T. ) ;
#1083 = EDGE_CURVE ( 'NONE', #787, #79, #1138, .T. ) ;
#1084 = EDGE_CURVE ( 'NONE', #412, #1060, #1380, .T. ) ;
#1085 = CIRCLE ( 'NONE', #419, 0.1329999999999999238 ) ;
#1086 = ORIENTED_EDGE ( 'NONE', *, *, #1239, .T. ) ;
#1087 = ADVANCED_FACE ( 'NONE', ( #363 ), #186, .T. ) ;
#1088 = CARTESIAN_POINT ( 'NONE',  ( 5.375002460000002813, 5.704904510000012863, 43.05217851000001161 ) ) ;
#1089 = DIRECTION ( 'NONE',  ( 1.000000000000000000, -0.000000000000000000, -0.000000000000000000 ) ) ;
#1090 = CARTESIAN_POINT ( 'NONE',  ( 5.750002459999993043, 3.209904510000012756, 42.05217851000001161 ) ) ;
#1091 = CIRCLE ( 'NONE', #358, 0.4999999999999973910 ) ;
#1092 = ORIENTED_EDGE ( 'NONE', *, *, #928, .F. ) ;
#1093 = CARTESIAN_POINT ( 'NONE',  ( 5.031252460000002813, 5.204904510000007534, 43.05217851000001161 ) ) ;
#1094 = CARTESIAN_POINT ( 'NONE',  ( 6.125002459999994819, 3.709904510000012756, 42.61467851000000451 ) ) ;
#1095 = CARTESIAN_POINT ( 'NONE',  ( 5.218752460000001037, 5.204904510000007534, 42.11467851000000451 ) ) ;
#1096 = AXIS2_PLACEMENT_3D ( 'NONE', #364, #1069, #1416 ) ;
#1097 = ORIENTED_EDGE ( 'NONE', *, *, #811, .T. ) ;
#1098 = CARTESIAN_POINT ( 'NONE',  ( 0.000000000000000000, 0.000000000000000000, 0.000000000000000000 ) ) ;
#1099 = CONICAL_SURFACE ( 'NONE', #608, 0.4375000000000031641, 0.7853981633974516097 ) ;
#1100 = DIRECTION ( 'NONE',  ( -0.000000000000000000, -1.000000000000000000, 0.000000000000000000 ) ) ;
#1101 = ORIENTED_EDGE ( 'NONE', *, *, #1317, .F. ) ;
#1102 = DIRECTION ( 'NONE',  ( -1.000000000000000000, 0.000000000000000000, 0.000000000000000000 ) ) ;
#1103 = LINE ( 'NONE', #994, #1365 ) ;
#1104 = ORIENTED_EDGE ( 'NONE', *, *, #854, .T. ) ;
#1105 = DIRECTION ( 'NONE',  ( 1.000000000000000000, -0.000000000000000000, -0.000000000000000000 ) ) ;
#1106 = DIRECTION ( 'NONE',  ( 0.000000000000000000, 0.000000000000000000, 1.000000000000000000 ) ) ;
#1107 = VERTEX_POINT ( 'NONE', #597 ) ;
#1108 = CARTESIAN_POINT ( 'NONE',  ( 6.062502459999991267, 3.459904510000012756, 42.05217851000001161 ) ) ;
#1109 = DIRECTION ( 'NONE',  ( 0.000000000000000000, 0.000000000000000000, -1.000000000000000000 ) ) ;
#1110 = AXIS2_PLACEMENT_3D ( 'NONE', #599, #1423, #1186 ) ;
#1111 = AXIS2_PLACEMENT_3D ( 'NONE', #978, #647, #1116 ) ;
#1112 = AXIS2_PLACEMENT_3D ( 'NONE', #709, #949, #1182 ) ;
#1113 = EDGE_LOOP ( 'NONE', ( #1282, #1361, #884, #816 ) ) ;
#1114 = FACE_OUTER_BOUND ( 'NONE', #860, .T. ) ;
#1115 = ORIENTED_EDGE ( 'NONE', *, *, #1445, .T. ) ;
#1116 = DIRECTION ( 'NONE',  ( 0.000000000000000000, 0.000000000000000000, 1.000000000000000000 ) ) ;
#1117 = DIRECTION ( 'NONE',  ( 0.000000000000000000, 0.000000000000000000, 1.000000000000000000 ) ) ;
#1118 = ADVANCED_FACE ( 'NONE', ( #946 ), #717, .T. ) ;
#1119 = CIRCLE ( 'NONE', #1247, 0.4999999999999973910 ) ;
#1120 = ORIENTED_EDGE ( 'NONE', *, *, #216, .F. ) ;
#1121 = LINE ( 'NONE', #1336, #809 ) ;
#1122 = AXIS2_PLACEMENT_3D ( 'NONE', #1259, #346, #123 ) ;
#1123 = CARTESIAN_POINT ( 'NONE',  ( 6.125002459999994819, 5.704904510000012863, 43.05217851000001161 ) ) ;
#1124 = EDGE_CURVE ( 'NONE', #813, #641, #243, .T. ) ;
#1125 = CIRCLE ( 'NONE', #130, 0.2535000000000010023 ) ;
#1126 = ORIENTED_EDGE ( 'NONE', *, *, #527, .F. ) ;
#1127 = DIRECTION ( 'NONE',  ( 1.000000000000000000, -0.000000000000000000, -0.000000000000000000 ) ) ;
#1128 = ORIENTED_EDGE ( 'NONE', *, *, #982, .T. ) ;
#1129 = EDGE_CURVE ( 'NONE', #1431, #500, #1091, .T. ) ;
#1130 = ORIENTED_EDGE ( 'NONE', *, *, #1179, .F. ) ;
#1131 = DIRECTION ( 'NONE',  ( 0.000000000000000000, 0.000000000000000000, -1.000000000000000000 ) ) ;
#1132 = ORIENTED_EDGE ( 'NONE', *, *, #359, .F. ) ;
#1133 = CARTESIAN_POINT ( 'NONE',  ( 6.125002459999994819, 3.209904510000012756, 43.55217851000001161 ) ) ;
#1134 = ORIENTED_EDGE ( 'NONE', *, *, #1332, .F. ) ;
#1135 = LINE ( 'NONE', #913, #266 ) ;
#1136 = ORIENTED_EDGE ( 'NONE', *, *, #758, .F. ) ;
#1137 = EDGE_LOOP ( 'NONE', ( #34, #660, #1506, #1128, #276, #791, #50 ) ) ;
#1138 = LINE ( 'NONE', #253, #519 ) ;
#1139 = VECTOR ( 'NONE', #226, 39.37007874015748143 ) ;
#1140 = VERTEX_POINT ( 'NONE', #248 ) ;
#1141 = DIRECTION ( 'NONE',  ( 1.000000000000000000, -0.000000000000000000, -0.000000000000000000 ) ) ;
#1142 = ORIENTED_EDGE ( 'NONE', *, *, #15, .F. ) ;
#1143 = DIRECTION ( 'NONE',  ( -0.7071067811865474617, 0.7071067811865474617, 0.000000000000000000 ) ) ;
#1144 = VERTEX_POINT ( 'NONE', #711 ) ;
#1145 = ORIENTED_EDGE ( 'NONE', *, *, #685, .F. ) ;
#1146 = FACE_BOUND ( 'NONE', #399, .T. ) ;
#1147 = CARTESIAN_POINT ( 'NONE',  ( 5.375002459999995708, 5.704904510000007534, 43.05217851000001161 ) ) ;
#1148 = VERTEX_POINT ( 'NONE', #704 ) ;
#1149 = EDGE_CURVE ( 'NONE', #924, #56, #1301, .T. ) ;
#1150 = CARTESIAN_POINT ( 'NONE',  ( 6.062502459999994819, 3.459904510000012756, 41.67717851000001161 ) ) ;
#1151 = ORIENTED_EDGE ( 'NONE', *, *, #1308, .T. ) ;
#1152 = DIRECTION ( 'NONE',  ( 0.000000000000000000, 0.000000000000000000, 1.000000000000000000 ) ) ;
#1153 = ORIENTED_EDGE ( 'NONE', *, *, #1397, .T. ) ;
#1154 = CARTESIAN_POINT ( 'NONE',  ( 6.125002459999994819, 3.209904510000012756, 41.67717851000001161 ) ) ;
#1155 = AXIS2_PLACEMENT_3D ( 'NONE', #73, #635, #423 ) ;
#1156 = ADVANCED_FACE ( 'NONE', ( #1178, #603 ), #11, .F. ) ;
#1157 = DIRECTION ( 'NONE',  ( 0.000000000000000000, 0.000000000000000000, -1.000000000000000000 ) ) ;
#1158 = DIMENSIONAL_EXPONENTS ( 1.000000000000000000, 0.000000000000000000, 0.000000000000000000, 0.000000000000000000, 0.000000000000000000, 0.000000000000000000, 0.000000000000000000 ) ;
#1159 =( CONVERSION_BASED_UNIT ( 'INCH', #461 ) LENGTH_UNIT ( ) NAMED_UNIT ( #1168 ) );
#1160 = ORIENTED_EDGE ( 'NONE', *, *, #688, .F. ) ;
#1161 = DIRECTION ( 'NONE',  ( 0.000000000000000000, 0.000000000000000000, -1.000000000000000000 ) ) ;
#1162 = ORIENTED_EDGE ( 'NONE', *, *, #383, .T. ) ;
#1163 = CARTESIAN_POINT ( 'NONE',  ( 5.218752460000001037, 6.204904510000015527, 42.11467851000000451 ) ) ;
#1164 = VECTOR ( 'NONE', #563, 39.37007874015748143 ) ;
#1165 = DIRECTION ( 'NONE',  ( -0.000000000000000000, -0.7071067811865661135, -0.7071067811865290320 ) ) ;
#1166 = MECHANICAL_DESIGN_GEOMETRIC_PRESENTATION_REPRESENTATION (  '', ( #1424 ), #1285 ) ;
#1167 = ADVANCED_FACE ( 'NONE', ( #1061 ), #1298, .T. ) ;
#1168 = DIMENSIONAL_EXPONENTS ( 1.000000000000000000, 0.000000000000000000, 0.000000000000000000, 0.000000000000000000, 0.000000000000000000, 0.000000000000000000, 0.000000000000000000 ) ;
#1169 = AXIS2_PLACEMENT_3D ( 'NONE', #223, #1031, #690 ) ;
#1170 = CYLINDRICAL_SURFACE ( 'NONE', #618, 0.1329999999999999238 ) ;
#1171 = DIRECTION ( 'NONE',  ( -0.7071067811865660024, 0.7071067811865289210, 0.000000000000000000 ) ) ;
#1172 = ORIENTED_EDGE ( 'NONE', *, *, #1124, .T. ) ;
#1173 = CARTESIAN_POINT ( 'NONE',  ( 5.031252460000002813, 5.704904510000012863, 43.18517851000001428 ) ) ;
#1174 = CARTESIAN_POINT ( 'NONE',  ( 6.062502459999994819, 6.204904510000015527, 43.05217851000000451 ) ) ;
#1175 = VECTOR ( 'NONE', #610, 39.37007874015748854 ) ;
#1176 = CARTESIAN_POINT ( 'NONE',  ( 6.125002459999994819, 3.209904510000012756, 41.67717851000001161 ) ) ;
#1177 = VERTEX_POINT ( 'NONE', #857 ) ;
#1178 = FACE_BOUND ( 'NONE', #306, .T. ) ;
#1179 = EDGE_CURVE ( 'NONE', #368, #1437, #1212, .T. ) ;
#1180 = DIRECTION ( 'NONE',  ( 0.000000000000000000, -1.000000000000000000, 0.000000000000000000 ) ) ;
#1181 = ORIENTED_EDGE ( 'NONE', *, *, #492, .F. ) ;
#1182 = DIRECTION ( 'NONE',  ( 0.000000000000000000, 0.000000000000000000, -1.000000000000000000 ) ) ;
#1183 = CARTESIAN_POINT ( 'NONE',  ( 5.343752460000001037, 6.079904510000015527, 42.72145959611692945 ) ) ;
#1184 = DIRECTION ( 'NONE',  ( 0.000000000000000000, -1.000000000000000000, 0.000000000000000000 ) ) ;
#1185 = DIRECTION ( 'NONE',  ( 1.000000000000000000, -0.000000000000000000, -0.000000000000000000 ) ) ;
#1186 = DIRECTION ( 'NONE',  ( 0.000000000000000000, 0.000000000000000000, -1.000000000000000000 ) ) ;
#1187 = ADVANCED_FACE ( 'NONE', ( #365, #27 ), #617, .F. ) ;
#1188 = ADVANCED_FACE ( 'NONE', ( #832, #147 ), #271, .F. ) ;
#1189 = LINE ( 'NONE', #9, #522 ) ;
#1190 = VECTOR ( 'NONE', #761, 39.37007874015748143 ) ;
#1191 = CARTESIAN_POINT ( 'NONE',  ( 6.125002459999994819, 3.209904510000012756, 43.48967851000001161 ) ) ;
#1192 = CARTESIAN_POINT ( 'NONE',  ( 5.375002459999995708, 5.142404510000014639, 42.61467851000001161 ) ) ;
#1193 = CARTESIAN_POINT ( 'NONE',  ( 6.125002459999994819, 5.704904510000016415, 43.48967851000001872 ) ) ;
#1194 = DIRECTION ( 'NONE',  ( 1.000000000000000000, -0.000000000000000000, -0.000000000000000000 ) ) ;
#1195 = DIRECTION ( 'NONE',  ( -0.7071067811865412445, 0.000000000000000000, -0.7071067811865536790 ) ) ;
#1196 = DIRECTION ( 'NONE',  ( 0.000000000000000000, 0.000000000000000000, -1.000000000000000000 ) ) ;
#1197 = ADVANCED_FACE ( 'NONE', ( #1063 ), #380, .F. ) ;
#1198 = AXIS2_PLACEMENT_3D ( 'NONE', #861, #1331, #1054 ) ;
#1199 = CARTESIAN_POINT ( 'NONE',  ( 6.125002459999994819, 5.704904510000012863, 43.33342851000001161 ) ) ;
#1200 = EDGE_CURVE ( 'NONE', #1148, #1339, #964, .T. ) ;
#1201 = CIRCLE ( 'NONE', #538, 0.1329999999999999238 ) ;
#1202 = ORIENTED_EDGE ( 'NONE', *, *, #33, .F. ) ;
#1203 = LINE ( 'NONE', #523, #695 ) ;
#1204 = DIRECTION ( 'NONE',  ( 0.7071067811865474617, -0.7071067811865474617, 0.000000000000000000 ) ) ;
#1205 = CARTESIAN_POINT ( 'NONE',  ( 5.437502459999998372, 3.209904510000012756, 43.55217851000001161 ) ) ;
#1206 = ORIENTED_EDGE ( 'NONE', *, *, #1498, .F. ) ;
#1207 = EDGE_CURVE ( 'NONE', #992, #651, #918, .T. ) ;
#1208 = CARTESIAN_POINT ( 'NONE',  ( 5.375002459999995708, 5.351351119406738022, 43.48967851000001161 ) ) ;
#1209 = VECTOR ( 'NONE', #1486, 39.37007874015748143 ) ;
#1210 = DIRECTION ( 'NONE',  ( -1.000000000000000000, 0.000000000000000000, 0.000000000000000000 ) ) ;
#1211 = LINE ( 'NONE', #1205, #1425 ) ;
#1212 = CIRCLE ( 'NONE', #987, 0.2500000000000030531 ) ;
#1213 = EDGE_LOOP ( 'NONE', ( #1202, #1145, #1162, #99 ) ) ;
#1214 = CARTESIAN_POINT ( 'NONE',  ( 5.750002459999993043, 3.459904510000012756, 42.05217851000001161 ) ) ;
#1215 = CARTESIAN_POINT ( 'NONE',  ( 6.125002459999994819, 3.709904510000012756, 42.61467851000000451 ) ) ;
#1216 = VERTEX_POINT ( 'NONE', #491 ) ;
#1217 = CARTESIAN_POINT ( 'NONE',  ( 5.312502460000002813, 5.374185596116934249, 43.42717851000001161 ) ) ;
#1218 = CARTESIAN_POINT ( 'NONE',  ( 5.281252460000000148, 5.704904510000016415, 42.11467851000000451 ) ) ;
#1219 = ORIENTED_EDGE ( 'NONE', *, *, #963, .T. ) ;
#1220 = FACE_OUTER_BOUND ( 'NONE', #240, .T. ) ;
#1221 = ORIENTED_EDGE ( 'NONE', *, *, #1, .T. ) ;
#1222 = PLANE ( 'NONE',  #844 ) ;
#1223 = DIRECTION ( 'NONE',  ( -1.000000000000000000, 0.000000000000000000, 0.000000000000000000 ) ) ;
#1224 = ADVANCED_FACE ( 'NONE', ( #1310 ), #487, .F. ) ;
#1225 = ORIENTED_EDGE ( 'NONE', *, *, #956, .T. ) ;
#1226 = DIRECTION ( 'NONE',  ( 0.000000000000000000, 0.000000000000000000, -1.000000000000000000 ) ) ;
#1227 = CIRCLE ( 'NONE', #759, 0.2812500000000001665 ) ;
#1228 = EDGE_CURVE ( 'NONE', #59, #565, #257, .T. ) ;
#1229 = LINE ( 'NONE', #29, #1403 ) ;
#1230 = VERTEX_POINT ( 'NONE', #1430 ) ;
#1231 = CARTESIAN_POINT ( 'NONE',  ( 6.125002459999994819, 3.209904510000012756, 42.05217851000001161 ) ) ;
#1232 = AXIS2_PLACEMENT_3D ( 'NONE', #691, #1165, #800 ) ;
#1233 = CARTESIAN_POINT ( 'NONE',  ( 5.750002459999993043, 3.459904510000012756, 41.91917851000000894 ) ) ;
#1234 = AXIS2_PLACEMENT_3D ( 'NONE', #504, #32, #1070 ) ;
#1235 = AXIS2_PLACEMENT_3D ( 'NONE', #525, #1127, #301 ) ;
#1236 = AXIS2_PLACEMENT_3D ( 'NONE', #1434, #157, #1196 ) ;
#1237 = ORIENTED_EDGE ( 'NONE', *, *, #734, .F. ) ;
#1238 = EDGE_CURVE ( 'NONE', #1216, #813, #387, .T. ) ;
#1239 = EDGE_CURVE ( 'NONE', #728, #785, #350, .T. ) ;
#1240 = FACE_OUTER_BOUND ( 'NONE', #439, .T. ) ;
#1241 = ORIENTED_EDGE ( 'NONE', *, *, #190, .F. ) ;
#1242 = DIRECTION ( 'NONE',  ( -0.000000000000000000, -0.000000000000000000, 1.000000000000000000 ) ) ;
#1243 = ORIENTED_EDGE ( 'NONE', *, *, #1071, .T. ) ;
#1244 = ORIENTED_EDGE ( 'NONE', *, *, #1347, .F. ) ;
#1245 = DIRECTION ( 'NONE',  ( -1.000000000000000000, 0.000000000000000000, 0.000000000000000000 ) ) ;
#1246 = EDGE_CURVE ( 'NONE', #698, #787, #1211, .T. ) ;
#1247 = AXIS2_PLACEMENT_3D ( 'NONE', #1490, #1497, #231 ) ;
#1248 = ORIENTED_EDGE ( 'NONE', *, *, #982, .F. ) ;
#1249 = CARTESIAN_POINT ( 'NONE',  ( 5.281252460000000148, 5.704904510000012863, 42.11467851000000451 ) ) ;
#1250 = CARTESIAN_POINT ( 'NONE',  ( 5.031252460000002813, 0.000000000000000000, 0.000000000000000000 ) ) ;
#1251 = EDGE_LOOP ( 'NONE', ( #656, #1244, #1092, #211 ) ) ;
#1252 = CARTESIAN_POINT ( 'NONE',  ( 5.343752460000001925, 5.267404510000007534, 42.55217851000000451 ) ) ;
#1253 = ORIENTED_EDGE ( 'NONE', *, *, #874, .F. ) ;
#1254 = EDGE_LOOP ( 'NONE', ( #1065, #559, #297, #1248 ) ) ;
#1255 = DIRECTION ( 'NONE',  ( 0.000000000000000000, 0.000000000000000000, -1.000000000000000000 ) ) ;
#1256 = ORIENTED_EDGE ( 'NONE', *, *, #1179, .T. ) ;
#1257 = FACE_OUTER_BOUND ( 'NONE', #904, .T. ) ;
#1258 = ORIENTED_EDGE ( 'NONE', *, *, #583, .F. ) ;
#1259 = CARTESIAN_POINT ( 'NONE',  ( 6.125002459999994819, 5.704904510000012863, 43.05217851000001161 ) ) ;
#1260 = ORIENTED_EDGE ( 'NONE', *, *, #294, .F. ) ;
#1261 = PLANE ( 'NONE',  #467 ) ;
#1262 = LINE ( 'NONE', #1510, #1284 ) ;
#1263 = ORIENTED_EDGE ( 'NONE', *, *, #734, .T. ) ;
#1264 = AXIS2_PLACEMENT_3D ( 'NONE', #1074, #391, #25 ) ;
#1265 = CYLINDRICAL_SURFACE ( 'NONE', #357, 0.1329999999999999238 ) ;
#1266 = ORIENTED_EDGE ( 'NONE', *, *, #1238, .T. ) ;
#1267 = CARTESIAN_POINT ( 'NONE',  ( 5.437502459999998372, 3.209904510000012756, 43.55217851000001161 ) ) ;
#1268 = ORIENTED_EDGE ( 'NONE', *, *, #256, .T. ) ;
#1269 = CARTESIAN_POINT ( 'NONE',  ( 6.125002459999994819, 0.000000000000000000, 0.000000000000000000 ) ) ;
#1270 = LINE ( 'NONE', #1191, #158 ) ;
#1271 = AXIS2_PLACEMENT_3D ( 'NONE', #78, #1210, #623 ) ;
#1272 = LINE ( 'NONE', #1150, #548 ) ;
#1273 = VERTEX_POINT ( 'NONE', #725 ) ;
#1274 = LINE ( 'NONE', #228, #845 ) ;
#1275 = ORIENTED_EDGE ( 'NONE', *, *, #521, .T. ) ;
#1276 = PLANE ( 'NONE',  #331 ) ;
#1277 = CIRCLE ( 'NONE', #74, 0.2812500000000001665 ) ;
#1278 = EDGE_CURVE ( 'NONE', #1478, #1375, #1418, .T. ) ;
#1279 = CARTESIAN_POINT ( 'NONE',  ( 5.312502460000002813, 5.204904510000007534, 42.61467851000001161 ) ) ;
#1280 =( NAMED_UNIT ( * ) PLANE_ANGLE_UNIT ( ) SI_UNIT ( $, .RADIAN. ) );
#1281 = DIRECTION ( 'NONE',  ( 0.000000000000000000, 0.000000000000000000, 1.000000000000000000 ) ) ;
#1282 = ORIENTED_EDGE ( 'NONE', *, *, #64, .F. ) ;
#1283 = DIRECTION ( 'NONE',  ( 0.000000000000000000, 0.000000000000000000, 1.000000000000000000 ) ) ;
#1284 = VECTOR ( 'NONE', #1050, 39.37007874015748143 ) ;
#1285 =( GEOMETRIC_REPRESENTATION_CONTEXT ( 3 ) GLOBAL_UNCERTAINTY_ASSIGNED_CONTEXT ( ( #434 ) ) GLOBAL_UNIT_ASSIGNED_CONTEXT ( ( #1159, #1280, #470 ) ) REPRESENTATION_CONTEXT ( 'NONE', 'WORKASPACE' ) );
#1286 = AXIS2_PLACEMENT_3D ( 'NONE', #757, #164, #859 ) ;
#1287 = EDGE_CURVE ( 'NONE', #539, #1230, #119, .T. ) ;
#1288 = FACE_OUTER_BOUND ( 'NONE', #1027, .T. ) ;
#1289 = ORIENTED_EDGE ( 'NONE', *, *, #202, .T. ) ;
#1290 = DIRECTION ( 'NONE',  ( 0.000000000000000000, 0.000000000000000000, 1.000000000000000000 ) ) ;
#1291 = CARTESIAN_POINT ( 'NONE',  ( 5.437502459999995708, 5.267404510000007534, 42.55217851000000451 ) ) ;
#1292 = DIRECTION ( 'NONE',  ( 1.000000000000000000, -0.000000000000000000, -0.000000000000000000 ) ) ;
#1293 = DIRECTION ( 'NONE',  ( 1.000000000000000000, 0.000000000000000000, 0.000000000000000000 ) ) ;
#1294 = ADVANCED_FACE ( 'NONE', ( #1082 ), #497, .T. ) ;
#1295 = DIRECTION ( 'NONE',  ( -1.000000000000000000, 0.000000000000000000, 0.000000000000000000 ) ) ;
#1296 = PLANE ( 'NONE',  #196 ) ;
#1297 = AXIS2_PLACEMENT_3D ( 'NONE', #81, #782, #1354 ) ;
#1298 = PLANE ( 'NONE',  #238 ) ;
#1299 = CARTESIAN_POINT ( 'NONE',  ( 5.312502460000002813, 5.204904510000007534, 43.05217851000001161 ) ) ;
#1300 = CARTESIAN_POINT ( 'NONE',  ( 6.125002459999994819, 5.704904510000016415, 43.55217851000001161 ) ) ;
#1301 = LINE ( 'NONE', #1192, #429 ) ;
#1302 = CARTESIAN_POINT ( 'NONE',  ( 5.437502459999995708, 3.459904510000012756, 42.30217851000000451 ) ) ;
#1303 = CARTESIAN_POINT ( 'NONE',  ( 5.281252460000000148, 5.704904510000012863, 42.11467851000000451 ) ) ;
#1304 = EDGE_CURVE ( 'NONE', #477, #980, #499, .T. ) ;
#1305 = VECTOR ( 'NONE', #586, 39.37007874015748854 ) ;
#1306 = CARTESIAN_POINT ( 'NONE',  ( 5.375002459999995708, 5.142404510000014639, 42.61467851000001161 ) ) ;
#1307 = VECTOR ( 'NONE', #702, 39.37007874015748143 ) ;
#1308 = EDGE_CURVE ( 'NONE', #56, #1144, #410, .T. ) ;
#1309 = FACE_OUTER_BOUND ( 'NONE', #821, .T. ) ;
#1310 = FACE_OUTER_BOUND ( 'NONE', #1213, .T. ) ;
#1311 = ORIENTED_EDGE ( 'NONE', *, *, #474, .T. ) ;
#1312 = DIRECTION ( 'NONE',  ( 0.7547095802227722361, 8.034405899049450101E-17, 0.6560590289905070538 ) ) ;
#1313 = CONICAL_SURFACE ( 'NONE', #1363, 0.3124999999999972800, 0.7853981633974466137 ) ;
#1314 = FACE_OUTER_BOUND ( 'NONE', #1251, .T. ) ;
#1315 = VECTOR ( 'NONE', #86, 39.37007874015748143 ) ;
#1316 = DIRECTION ( 'NONE',  ( -1.000000000000000000, -0.000000000000000000, -0.000000000000000000 ) ) ;
#1317 = EDGE_CURVE ( 'NONE', #638, #678, #1103, .T. ) ;
#1318 = ORIENTED_EDGE ( 'NONE', *, *, #746, .F. ) ;
#1319 = CARTESIAN_POINT ( 'NONE',  ( 5.218752460000001037, 6.204904510000015527, 43.05217851000001161 ) ) ;
#1320 = DIRECTION ( 'NONE',  ( 0.000000000000000000, 0.000000000000000000, 1.000000000000000000 ) ) ;
#1321 = DIRECTION ( 'NONE',  ( 0.000000000000000000, 0.000000000000000000, -1.000000000000000000 ) ) ;
#1322 = ORIENTED_EDGE ( 'NONE', *, *, #1436, .F. ) ;
#1323 = SHAPE_DEFINITION_REPRESENTATION ( #779, #259 ) ;
#1324 = CARTESIAN_POINT ( 'NONE',  ( 5.375002459999995708, 3.397404510000013200, 42.30217851000000451 ) ) ;
#1325 = ORIENTED_EDGE ( 'NONE', *, *, #841, .T. ) ;
#1326 = DIRECTION ( 'NONE',  ( -1.000000000000000000, 0.000000000000000000, 0.000000000000000000 ) ) ;
#1327 = DIRECTION ( 'NONE',  ( 0.7071067811865784369, 1.236293274554214013E-14, 0.7071067811865165975 ) ) ;
#1328 = EDGE_LOOP ( 'NONE', ( #708, #1465 ) ) ;
#1329 = DIRECTION ( 'NONE',  ( -1.000000000000000000, 0.000000000000000000, 0.000000000000000000 ) ) ;
#1330 = ORIENTED_EDGE ( 'NONE', *, *, #239, .T. ) ;
#1331 = DIRECTION ( 'NONE',  ( 1.000000000000000000, -0.000000000000000000, -0.000000000000000000 ) ) ;
#1332 = EDGE_CURVE ( 'NONE', #992, #741, #315, .T. ) ;
#1333 = DIRECTION ( 'NONE',  ( 1.000000000000000000, -0.000000000000000000, -0.000000000000000000 ) ) ;
#1334 = VERTEX_POINT ( 'NONE', #511 ) ;
#1335 = EDGE_CURVE ( 'NONE', #153, #1478, #270, .T. ) ;
#1336 = CARTESIAN_POINT ( 'NONE',  ( 5.281252460000000148, 5.704904510000012863, 41.97407850999999823 ) ) ;
#1337 = AXIS2_PLACEMENT_3D ( 'NONE', #1218, #1245, #1117 ) ;
#1338 = CARTESIAN_POINT ( 'NONE',  ( 6.125002459999994819, 5.704904510000016415, 42.61467851000001161 ) ) ;
#1339 = VERTEX_POINT ( 'NONE', #640 ) ;
#1340 = CARTESIAN_POINT ( 'NONE',  ( 5.218752460000001037, 6.204904510000015527, 43.55217851000001161 ) ) ;
#1341 = CARTESIAN_POINT ( 'NONE',  ( 6.125002459999994819, 6.204904510000015527, 43.05217851000001161 ) ) ;
#1342 = EDGE_CURVE ( 'NONE', #1377, #106, #55, .T. ) ;
#1343 = ORIENTED_EDGE ( 'NONE', *, *, #1278, .T. ) ;
#1344 = VECTOR ( 'NONE', #1388, 39.37007874015748143 ) ;
#1345 = EDGE_CURVE ( 'NONE', #908, #1375, #1277, .T. ) ;
#1346 = DIRECTION ( 'NONE',  ( 0.000000000000000000, 0.000000000000000000, 1.000000000000000000 ) ) ;
#1347 = EDGE_CURVE ( 'NONE', #980, #1107, #411, .T. ) ;
#1348 = EDGE_LOOP ( 'NONE', ( #1134, #1367, #756, #542 ) ) ;
#1349 = CARTESIAN_POINT ( 'NONE',  ( 6.125002459999994819, 5.704904510000016415, 43.05217851000001161 ) ) ;
#1350 = VECTOR ( 'NONE', #362, 39.37007874015748143 ) ;
#1351 = ORIENTED_EDGE ( 'NONE', *, *, #1083, .F. ) ;
#1352 = ADVANCED_FACE ( 'NONE', ( #1451 ), #71, .T. ) ;
#1353 = AXIS2_PLACEMENT_3D ( 'NONE', #866, #1329, #501 ) ;
#1354 = DIRECTION ( 'NONE',  ( -6.993530863780574582E-15, 0.000000000000000000, -1.000000000000000000 ) ) ;
#1355 = VECTOR ( 'NONE', #1194, 39.37007874015748143 ) ;
#1356 = ORIENTED_EDGE ( 'NONE', *, *, #1317, .T. ) ;
#1357 = LINE ( 'NONE', #444, #721 ) ;
#1358 = VERTEX_POINT ( 'NONE', #305 ) ;
#1359 = DIRECTION ( 'NONE',  ( 0.000000000000000000, 0.000000000000000000, -1.000000000000000000 ) ) ;
#1360 = ORIENTED_EDGE ( 'NONE', *, *, #649, .F. ) ;
#1361 = ORIENTED_EDGE ( 'NONE', *, *, #589, .T. ) ;
#1362 = DIRECTION ( 'NONE',  ( -0.7071067811865289210, 0.000000000000000000, -0.7071067811865660024 ) ) ;
#1363 = AXIS2_PLACEMENT_3D ( 'NONE', #962, #1180, #616 ) ;
#1364 = ORIENTED_EDGE ( 'NONE', *, *, #815, .T. ) ;
#1365 = VECTOR ( 'NONE', #1327, 39.37007874015748143 ) ;
#1366 = FACE_BOUND ( 'NONE', #1010, .T. ) ;
#1367 = ORIENTED_EDGE ( 'NONE', *, *, #929, .F. ) ;
#1368 = CARTESIAN_POINT ( 'NONE',  ( 5.218752460000001037, 5.704904510000007534, 41.61467851000000451 ) ) ;
#1369 = ORIENTED_EDGE ( 'NONE', *, *, #1419, .T. ) ;
#1370 = ORIENTED_EDGE ( 'NONE', *, *, #75, .F. ) ;
#1371 = DIRECTION ( 'NONE',  ( -0.000000000000000000, -1.000000000000000000, -0.000000000000000000 ) ) ;
#1372 = CARTESIAN_POINT ( 'NONE',  ( 5.750002459999987714, 5.579904509999999540, 42.23967851000000451 ) ) ;
#1373 = ORIENTED_EDGE ( 'NONE', *, *, #1304, .F. ) ;
#1374 = DIRECTION ( 'NONE',  ( 0.000000000000000000, 0.000000000000000000, 1.000000000000000000 ) ) ;
#1375 = VERTEX_POINT ( 'NONE', #526 ) ;
#1376 = CARTESIAN_POINT ( 'NONE',  ( 5.750002459999993043, 3.459904510000012756, 41.91917851000000894 ) ) ;
#1377 = VERTEX_POINT ( 'NONE', #1095 ) ;
#1378 = CYLINDRICAL_SURFACE ( 'NONE', #90, 0.2500000000000030531 ) ;
#1379 = CARTESIAN_POINT ( 'NONE',  ( 5.281252460000000148, 5.704904510000012863, 41.86117851000000201 ) ) ;
#1380 = CIRCLE ( 'NONE', #37, 0.1406000000000034167 ) ;
#1381 = AXIS2_PLACEMENT_3D ( 'NONE', #1349, #1326, #428 ) ;
#1382 = VECTOR ( 'NONE', #1143, 39.37007874015748854 ) ;
#1383 = CARTESIAN_POINT ( 'NONE',  ( 5.437502459999998372, 5.704904510000016415, 43.55217851000001161 ) ) ;
#1384 = ORIENTED_EDGE ( 'NONE', *, *, #239, .F. ) ;
#1385 = CARTESIAN_POINT ( 'NONE',  ( 5.437502459999998372, 3.209904510000012756, 43.55217851000001161 ) ) ;
#1386 = ORIENTED_EDGE ( 'NONE', *, *, #601, .F. ) ;
#1387 = CARTESIAN_POINT ( 'NONE',  ( 5.750002459999996596, 3.209904510000012756, 42.05217851000001161 ) ) ;
#1388 = DIRECTION ( 'NONE',  ( -1.000000000000000000, 0.000000000000000000, 0.000000000000000000 ) ) ;
#1389 = ADVANCED_FACE ( 'NONE', ( #648 ), #1099, .T. ) ;
#1390 = AXIS2_PLACEMENT_3D ( 'NONE', #212, #551, #1152 ) ;
#1391 = EDGE_LOOP ( 'NONE', ( #1030, #945, #1470, #1263, #218, #752 ) ) ;
#1392 = CARTESIAN_POINT ( 'NONE',  ( 5.750002459999993931, 3.209904510000012756, 42.05217851000001161 ) ) ;
#1393 = ORIENTED_EDGE ( 'NONE', *, *, #370, .T. ) ;
#1394 = DIRECTION ( 'NONE',  ( 0.000000000000000000, -0.000000000000000000, 1.000000000000000000 ) ) ;
#1395 = EDGE_CURVE ( 'NONE', #222, #17, #979, .T. ) ;
#1396 =( BOUNDED_CURVE ( )  B_SPLINE_CURVE ( 3, ( #1183, #136, #1067, #812 ),
 .UNSPECIFIED., .F., .F. ) 
 B_SPLINE_CURVE_WITH_KNOTS ( ( 4, 4 ),
 ( 5.560451059366168458, 6.283185307179586232 ),
 .UNSPECIFIED. ) 
 CURVE ( )  GEOMETRIC_REPRESENTATION_ITEM ( )  RATIONAL_B_SPLINE_CURVE ( ( 1.000000000000000000, 0.9569428977956566662, 0.9569428977956566662, 1.000000000000000000 ) ) 
 REPRESENTATION_ITEM ( '' )  );
#1397 = EDGE_CURVE ( 'NONE', #1334, #1216, #863, .T. ) ;
#1398 = DIRECTION ( 'NONE',  ( 0.000000000000000000, 0.000000000000000000, 1.000000000000000000 ) ) ;
#1399 = EDGE_LOOP ( 'NONE', ( #1136, #769, #1241, #1256 ) ) ;
#1400 = LINE ( 'NONE', #1176, #921 ) ;
#1401 = ORIENTED_EDGE ( 'NONE', *, *, #854, .F. ) ;
#1402 = CARTESIAN_POINT ( 'NONE',  ( 6.125002459999994819, 5.704904510000016415, 43.05217851000001161 ) ) ;
#1403 = VECTOR ( 'NONE', #495, 39.37007874015748143 ) ;
#1404 = CIRCLE ( 'NONE', #1449, 0.1406000000000034167 ) ;
#1405 = ORIENTED_EDGE ( 'NONE', *, *, #118, .F. ) ;
#1406 = CARTESIAN_POINT ( 'NONE',  ( 6.125002459999994819, 3.397404510000013200, 0.000000000000000000 ) ) ;
#1407 = CARTESIAN_POINT ( 'NONE',  ( 6.125002459999994819, 0.000000000000000000, 42.05217851000001161 ) ) ;
#1408 = CARTESIAN_POINT ( 'NONE',  ( 5.312502460000002813, 5.704904510000007534, 43.05217851000001161 ) ) ;
#1409 = DIRECTION ( 'NONE',  ( -1.000000000000000000, 0.000000000000000000, 0.000000000000000000 ) ) ;
#1410 = CARTESIAN_POINT ( 'NONE',  ( 6.062502459999994819, 3.709904510000012756, 42.30217851000000451 ) ) ;
#1411 = CYLINDRICAL_SURFACE ( 'NONE', #1112, 0.4999999999999973910 ) ;
#1412 = EDGE_LOOP ( 'NONE', ( #765, #922, #484, #220, #3 ) ) ;
#1413 = CARTESIAN_POINT ( 'NONE',  ( 5.437502459999995708, 5.204904510000007534, 42.55217851000000451 ) ) ;
#1414 = CARTESIAN_POINT ( 'NONE',  ( 5.031252460000002813, 5.704904510000012863, 42.11467851000000451 ) ) ;
#1415 = EDGE_CURVE ( 'NONE', #42, #1377, #1466, .T. ) ;
#1416 = DIRECTION ( 'NONE',  ( 0.000000000000000000, 0.000000000000000000, 1.000000000000000000 ) ) ;
#1417 = PRODUCT_DEFINITION_FORMATION_WITH_SPECIFIED_SOURCE ( 'ANY', '', #658, .NOT_KNOWN. ) ;
#1418 = LINE ( 'NONE', #1199, #1355 ) ;
#1419 = EDGE_CURVE ( 'NONE', #230, #1140, #47, .T. ) ;
#1420 = CARTESIAN_POINT ( 'NONE',  ( 6.125002459999994819, 5.704904510000016415, 43.48967851000001872 ) ) ;
#1421 = DIRECTION ( 'NONE',  ( -1.000000000000000000, -0.000000000000000000, -0.000000000000000000 ) ) ;
#1422 = CONICAL_SURFACE ( 'NONE', #960, 0.4375000000000031641, 0.7853981633974252974 ) ;
#1423 = DIRECTION ( 'NONE',  ( 1.000000000000000000, -0.000000000000000000, -0.000000000000000000 ) ) ;
#1424 = STYLED_ITEM ( 'NONE', ( #344 ), #19 ) ;
#1425 = VECTOR ( 'NONE', #953, 39.37007874015748854 ) ;
#1426 = AXIS2_PLACEMENT_3D ( 'NONE', #69, #1102, #1002 ) ;
#1427 = FACE_OUTER_BOUND ( 'NONE', #463, .T. ) ;
#1428 = ADVANCED_FACE ( 'NONE', ( #886 ), #954, .T. ) ;
#1429 = CARTESIAN_POINT ( 'NONE',  ( 5.031252460000002813, 5.704904510000012863, 42.91917851000001605 ) ) ;
#1430 = CARTESIAN_POINT ( 'NONE',  ( 6.062502459999994819, 3.459904510000012756, 42.30217851000000451 ) ) ;
#1431 = VERTEX_POINT ( 'NONE', #171 ) ;
#1432 = DIRECTION ( 'NONE',  ( 0.000000000000000000, 0.000000000000000000, -1.000000000000000000 ) ) ;
#1433 = AXIS2_PLACEMENT_3D ( 'NONE', #150, #249, #952 ) ;
#1434 = CARTESIAN_POINT ( 'NONE',  ( 6.125002459999994819, 5.704904510000012863, 43.05217851000001161 ) ) ;
#1435 = DIRECTION ( 'NONE',  ( 0.000000000000000000, 0.000000000000000000, -1.000000000000000000 ) ) ;
#1436 = EDGE_CURVE ( 'NONE', #96, #876, #1125, .T. ) ;
#1437 = VERTEX_POINT ( 'NONE', #404 ) ;
#1438 = CARTESIAN_POINT ( 'NONE',  ( 5.333290892239542558, 5.366328307280829435, 43.44796694223955313 ) ) ;
#1439 = VERTEX_POINT ( 'NONE', #287 ) ;
#1440 = CYLINDRICAL_SURFACE ( 'NONE', #1426, 0.4999999999999973910 ) ;
#1441 = CARTESIAN_POINT ( 'NONE',  ( 19.57989529666691553, -9.062488326666901628, 28.40978567333234750 ) ) ;
#1442 = ORIENTED_EDGE ( 'NONE', *, *, #1415, .T. ) ;
#1443 = VECTOR ( 'NONE', #1195, 39.37007874015748854 ) ;
#1444 = DIRECTION ( 'NONE',  ( 0.000000000000000000, 0.000000000000000000, 1.000000000000000000 ) ) ;
#1445 = EDGE_CURVE ( 'NONE', #1458, #785, #870, .T. ) ;
#1446 = CARTESIAN_POINT ( 'NONE',  ( 5.375002459999995708, 5.142404510000014639, 0.000000000000000000 ) ) ;
#1447 = ORIENTED_EDGE ( 'NONE', *, *, #1287, .F. ) ;
#1448 = LINE ( 'NONE', #877, #258 ) ;
#1449 = AXIS2_PLACEMENT_3D ( 'NONE', #1023, #449, #578 ) ;
#1450 = CIRCLE ( 'NONE', #142, 0.1329999999999999238 ) ;
#1451 = FACE_OUTER_BOUND ( 'NONE', #1254, .T. ) ;
#1452 = ORIENTED_EDGE ( 'NONE', *, *, #359, .T. ) ;
#1453 = DIRECTION ( 'NONE',  ( 0.000000000000000000, 0.000000000000000000, 1.000000000000000000 ) ) ;
#1454 = EDGE_LOOP ( 'NONE', ( #780, #1104, #405, #393, #550, #1485 ) ) ;
#1455 = LINE ( 'NONE', #409, #120 ) ;
#1456 = CARTESIAN_POINT ( 'NONE',  ( 5.218752460000001037, 5.204904510000007534, 42.55217851000000451 ) ) ;
#1457 = VECTOR ( 'NONE', #543, 39.37007874015748143 ) ;
#1458 = VERTEX_POINT ( 'NONE', #1012 ) ;
#1459 = EDGE_CURVE ( 'NONE', #977, #638, #246, .T. ) ;
#1460 = LENGTH_MEASURE_WITH_UNIT ( LENGTH_MEASURE( 0.02539999999999999897 ), #981 );
#1461 = ADVANCED_FACE ( 'NONE', ( #192 ), #742, .F. ) ;
#1462 = CARTESIAN_POINT ( 'NONE',  ( 5.375002459999995708, 3.709904510000012756, 42.61467851000001161 ) ) ;
#1463 = ORIENTED_EDGE ( 'NONE', *, *, #1124, .F. ) ;
#1464 = CARTESIAN_POINT ( 'NONE',  ( 5.375002459999995708, 3.397404510000013200, 42.30217851000000451 ) ) ;
#1465 = ORIENTED_EDGE ( 'NONE', *, *, #1207, .T. ) ;
#1466 = LINE ( 'NONE', #180, #833 ) ;
#1467 = ORIENTED_EDGE ( 'NONE', *, *, #420, .T. ) ;
#1468 = FACE_OUTER_BOUND ( 'NONE', #272, .T. ) ;
#1469 = VECTOR ( 'NONE', #609, 39.37007874015748143 ) ;
#1470 = ORIENTED_EDGE ( 'NONE', *, *, #1493, .T. ) ;
#1471 = DIRECTION ( 'NONE',  ( 1.000000000000000000, 0.000000000000000000, 0.000000000000000000 ) ) ;
#1472 = VECTOR ( 'NONE', #820, 39.37007874015748143 ) ;
#1473 = ORIENTED_EDGE ( 'NONE', *, *, #998, .F. ) ;
#1474 = EDGE_CURVE ( 'NONE', #355, #741, #1201, .T. ) ;
#1475 = AXIS2_PLACEMENT_3D ( 'NONE', #855, #784, #1346 ) ;
#1476 = ORIENTED_EDGE ( 'NONE', *, *, #1445, .F. ) ;
#1477 = CARTESIAN_POINT ( 'NONE',  ( 5.281252460000000148, 5.267404510000007534, 42.48967851000000451 ) ) ;
#1478 = VERTEX_POINT ( 'NONE', #182 ) ;
#1479 = DIRECTION ( 'NONE',  ( -1.000000000000000000, 0.000000000000000000, -0.000000000000000000 ) ) ;
#1480 = ORIENTED_EDGE ( 'NONE', *, *, #527, .T. ) ;
#1481 = CARTESIAN_POINT ( 'NONE',  ( 6.125002459999994819, 6.142404510000016415, 43.05217851000000451 ) ) ;
#1482 = VERTEX_POINT ( 'NONE', #530 ) ;
#1483 = ORIENTED_EDGE ( 'NONE', *, *, #606, .F. ) ;
#1484 = FACE_OUTER_BOUND ( 'NONE', #1399, .T. ) ;
#1485 = ORIENTED_EDGE ( 'NONE', *, *, #1509, .F. ) ;
#1486 = DIRECTION ( 'NONE',  ( 0.000000000000000000, -1.000000000000000000, 0.000000000000000000 ) ) ;
#1487 = ORIENTED_EDGE ( 'NONE', *, *, #49, .F. ) ;
#1488 = LINE ( 'NONE', #814, #607 ) ;
#1489 = ORIENTED_EDGE ( 'NONE', *, *, #818, .T. ) ;
#1490 = CARTESIAN_POINT ( 'NONE',  ( 5.031252460000002813, 5.704904510000007534, 43.05217851000001161 ) ) ;
#1491 = DIRECTION ( 'NONE',  ( 0.000000000000000000, 0.000000000000000000, 1.000000000000000000 ) ) ;
#1492 = DIRECTION ( 'NONE',  ( 1.000000000000000000, -0.000000000000000000, -0.000000000000000000 ) ) ;
#1493 = EDGE_CURVE ( 'NONE', #524, #1140, #278, .T. ) ;
#1494 = ORIENTED_EDGE ( 'NONE', *, *, #156, .T. ) ;
#1495 = CARTESIAN_POINT ( 'NONE',  ( 5.031252460000002813, 5.704904510000012863, 43.05217851000001161 ) ) ;
#1496 = ORIENTED_EDGE ( 'NONE', *, *, #696, .T. ) ;
#1497 = DIRECTION ( 'NONE',  ( -1.000000000000000000, 0.000000000000000000, 0.000000000000000000 ) ) ;
#1498 = EDGE_CURVE ( 'NONE', #412, #59, #1121, .T. ) ;
#1499 = DIRECTION ( 'NONE',  ( -1.000000000000000000, 0.000000000000000000, 0.000000000000000000 ) ) ;
#1500 = ADVANCED_FACE ( 'NONE', ( #1468 ), #288, .F. ) ;
#1501 = AXIS2_PLACEMENT_3D ( 'NONE', #250, #972, #152 ) ;
#1502 = CIRCLE ( 'NONE', #1235, 0.1329999999999999238 ) ;
#1503 = VECTOR ( 'NONE', #328, 39.37007874015748143 ) ;
#1504 = ORIENTED_EDGE ( 'NONE', *, *, #1342, .T. ) ;
#1505 = DIRECTION ( 'NONE',  ( -0.000000000000000000, 0.000000000000000000, 1.000000000000000000 ) ) ;
#1506 = ORIENTED_EDGE ( 'NONE', *, *, #1083, .T. ) ;
#1507 = CARTESIAN_POINT ( 'NONE',  ( 5.750002459999993043, 3.209904510000012756, 41.91917851000000894 ) ) ;
#1508 = EDGE_CURVE ( 'NONE', #1060, #565, #652, .T. ) ;
#1509 = EDGE_CURVE ( 'NONE', #167, #1439, #547, .T. ) ;
#1510 = CARTESIAN_POINT ( 'NONE',  ( 6.125002459999994819, 0.000000000000000000, 42.61467851000001161 ) ) ;
#1511 = CIRCLE ( 'NONE', #1169, 0.4999999999999973910 ) ;
ENDSEC;
END-ISO-10303-21;
