ISO-10303-21;
HEADER;
FILE_DESCRIPTION (( 'STEP AP214' ),
    '1' );
FILE_NAME ('module top plate counter block 1.STEP',
    '2026-03-17T02:33:49',
    ( '' ),
    ( '' ),
    'SwSTEP 2.0',
    'SolidWorks 2025',
    '' );
FILE_SCHEMA (( 'AUTOMOTIVE_DESIGN' ));
ENDSEC;

DATA;
#1 = FACE_BOUND ( 'NONE', #917, .T. ) ;
#2 = DIRECTION ( 'NONE',  ( 0.000000000000000000, 0.1621719582624258638, -0.9867625124381904644 ) ) ;
#3 = FACE_BOUND ( 'NONE', #3233, .T. ) ;
#4 = EDGE_CURVE ( 'NONE', #2840, #2475, #1280, .T. ) ;
#5 = ORIENTED_EDGE ( 'NONE', *, *, #2660, .F. ) ;
#6 = ORIENTED_EDGE ( 'NONE', *, *, #1313, .T. ) ;
#7 = PLANE ( 'NONE',  #1057 ) ;
#8 = ADVANCED_FACE ( 'NONE', ( #1550 ), #498, .T. ) ;
#9 = PRESENTATION_STYLE_ASSIGNMENT (( #1303 ) ) ;
#10 = ADVANCED_FACE ( 'NONE', ( #824 ), #2924, .F. ) ;
#11 = LINE ( 'NONE', #1304, #518 ) ;
#12 = EDGE_LOOP ( 'NONE', ( #1812, #1317, #1523, #2606, #25, #699, #3069 ) ) ;
#13 = LINE ( 'NONE', #1558, #1392 ) ;
#14 = CARTESIAN_POINT ( 'NONE',  ( 8.522138756066215848, 17.28848768460717267, 50.67982653851949948 ) ) ;
#15 = CARTESIAN_POINT ( 'NONE',  ( 8.248118705036226572, 16.92309677783031319, 52.90310886830653203 ) ) ;
#16 = ORIENTED_EDGE ( 'NONE', *, *, #1130, .F. ) ;
#17 = FILL_AREA_STYLE ('',( #2092 ) ) ;
#18 = ORIENTED_EDGE ( 'NONE', *, *, #881, .T. ) ;
#19 = CARTESIAN_POINT ( 'NONE',  ( 8.082363476853968720, 17.37459560044387885, 53.30069848941155897 ) ) ;
#20 = CARTESIAN_POINT ( 'NONE',  ( 7.541958324296106575, 17.06035700563495183, 55.59812937269655464 ) ) ;
#21 = ORIENTED_EDGE ( 'NONE', *, *, #2970, .T. ) ;
#22 = LINE ( 'NONE', #3128, #3031 ) ;
#23 = CARTESIAN_POINT ( 'NONE',  ( 8.450856610751388942, 17.33697355850572208, 50.75152432870466157 ) ) ;
#24 = CARTESIAN_POINT ( 'NONE',  ( 8.403184499212871472, 16.89621714956318499, 53.06666248021221577 ) ) ;
#25 = ORIENTED_EDGE ( 'NONE', *, *, #1569, .F. ) ;
#26 = ADVANCED_FACE ( 'NONE', ( #2169 ), #3200, .F. ) ;
#27 = CARTESIAN_POINT ( 'NONE',  ( 6.560514570856317285, -8.113050987017526694, 49.36522109780211309 ) ) ;
#28 = DIRECTION ( 'NONE',  ( -6.602637176278887155E-15, 0.9867625124381884660, 0.1621719582624384925 ) ) ;
#29 = DIRECTION ( 'NONE',  ( -6.328444105024763913E-15, 0.9867625124381883550, 0.1621719582624385203 ) ) ;
#30 = DIRECTION ( 'NONE',  ( 0.000000000000000000, -0.1621719582624369937, 0.9867625124381886881 ) ) ;
#31 = ORIENTED_EDGE ( 'NONE', *, *, #534, .F. ) ;
#32 = CIRCLE ( 'NONE', #2756, 0.1105000000000027904 ) ;
#33 = EDGE_CURVE ( 'NONE', #2536, #915, #2059, .T. ) ;
#34 = VECTOR ( 'NONE', #1370, 39.37007874015748143 ) ;
#35 = DIRECTION ( 'NONE',  ( 0.000000000000000000, -0.1621719582624369937, 0.9867625124381886881 ) ) ;
#36 = CIRCLE ( 'NONE', #2506, 0.1105000000000027904 ) ;
#37 = ORIENTED_EDGE ( 'NONE', *, *, #224, .T. ) ;
#38 = AXIS2_PLACEMENT_3D ( 'NONE', #54, #536, #832 ) ;
#39 = CARTESIAN_POINT ( 'NONE',  ( -2.805442573393275655E-13, -8.113050987017523141, 49.36522109780209888 ) ) ;
#40 = FACE_OUTER_BOUND ( 'NONE', #2941, .T. ) ;
#41 = DIRECTION ( 'NONE',  ( 0.000000000000000000, -0.1621719582624395750, 0.9867625124381881330 ) ) ;
#42 = ORIENTED_EDGE ( 'NONE', *, *, #614, .T. ) ;
#43 = CARTESIAN_POINT ( 'NONE',  ( 6.560514570858873462, 17.41834825607801562, 53.41987149442650917 ) ) ;
#44 =( BOUNDED_CURVE ( )  B_SPLINE_CURVE ( 3, ( #384, #2512, #1417, #2481 ),
 .UNSPECIFIED., .F., .T. ) 
 B_SPLINE_CURVE_WITH_KNOTS ( ( 4, 4 ),
 ( 3.093256491086227911, 4.068887871591488015 ),
 .UNSPECIFIED. ) 
 CURVE ( )  GEOMETRIC_REPRESENTATION_ITEM ( )  RATIONAL_B_SPLINE_CURVE ( ( 1.000000000000000000, 0.9222391637407494347, 0.9222391637407494347, 1.000000000000000000 ) ) 
 REPRESENTATION_ITEM ( '' )  );
#45 = CIRCLE ( 'NONE', #2459, 0.1399999999999983480 ) ;
#46 = FACE_OUTER_BOUND ( 'NONE', #1771, .T. ) ;
#47 = CARTESIAN_POINT ( 'NONE',  ( 8.451824234433672700, 17.26534571366869031, 50.83524164549434232 ) ) ;
#48 = DIRECTION ( 'NONE',  ( -0.000000000000000000, 0.9867625124381882440, 0.1621719582624385203 ) ) ;
#49 = ORIENTED_EDGE ( 'NONE', *, *, #791, .F. ) ;
#50 = EDGE_CURVE ( 'NONE', #1687, #1086, #1714, .T. ) ;
#51 = EDGE_CURVE ( 'NONE', #753, #2360, #1997, .T. ) ;
#52 = CONICAL_SURFACE ( 'NONE', #432, 0.1399999999999983480, 0.04076687465383467546 ) ;
#53 = EDGE_LOOP ( 'NONE', ( #433, #471 ) ) ;
#54 = CARTESIAN_POINT ( 'NONE',  ( 6.708528947724174074, 18.35449273144898541, 50.42149693122919984 ) ) ;
#55 = LENGTH_MEASURE_WITH_UNIT ( LENGTH_MEASURE( 0.02539999999999999897 ), #1818 );
#56 = ORIENTED_EDGE ( 'NONE', *, *, #696, .T. ) ;
#57 = EDGE_CURVE ( 'NONE', #746, #2190, #2220, .T. ) ;
#58 = CYLINDRICAL_SURFACE ( 'NONE', #2224, 0.2500000000000737743 ) ;
#59 = FACE_OUTER_BOUND ( 'NONE', #470, .T. ) ;
#60 = CARTESIAN_POINT ( 'NONE',  ( 7.928035515913187226, 17.29831825146591839, 50.92967027182196205 ) ) ;
#61 = ORIENTED_EDGE ( 'NONE', *, *, #193, .T. ) ;
#62 = DIRECTION ( 'NONE',  ( 0.000000000000000000, -0.9867625124381881330, -0.1621719582624398803 ) ) ;
#63 = LINE ( 'NONE', #2198, #2864 ) ;
#64 = CARTESIAN_POINT ( 'NONE',  ( 6.353722382865594653, 17.23146986699271821, 52.97755345176328490 ) ) ;
#65 = VERTEX_POINT ( 'NONE', #3287 ) ;
#66 =( BOUNDED_CURVE ( )  B_SPLINE_CURVE ( 3, ( #1901, #859, #2128, #2143 ),
 .UNSPECIFIED., .F., .F. ) 
 B_SPLINE_CURVE_WITH_KNOTS ( ( 4, 4 ),
 ( 9.766356577349620458E-16, 0.9272952180245116471 ),
 .UNSPECIFIED. ) 
 CURVE ( )  GEOMETRIC_REPRESENTATION_ITEM ( )  RATIONAL_B_SPLINE_CURVE ( ( 1.000000000000000000, 0.9296181273298637082, 0.9296181273298637082, 1.000000000000000000 ) ) 
 REPRESENTATION_ITEM ( '' )  );
#67 = ORIENTED_EDGE ( 'NONE', *, *, #2694, .F. ) ;
#68 = EDGE_CURVE ( 'NONE', #2131, #1437, #3267, .T. ) ;
#69 = ORIENTED_EDGE ( 'NONE', *, *, #780, .T. ) ;
#70 = EDGE_CURVE ( 'NONE', #311, #488, #1158, .T. ) ;
#71 = DIRECTION ( 'NONE',  ( -0.04862741781208660546, 0.000000000000000000, 0.9988169873590100334 ) ) ;
#72 = CARTESIAN_POINT ( 'NONE',  ( 8.230377853720035830, 17.48614172050449156, 50.27878560795844720 ) ) ;
#73 = ORIENTED_EDGE ( 'NONE', *, *, #461, .F. ) ;
#74 = CARTESIAN_POINT ( 'NONE',  ( 8.303919656294452167, 17.23882681298244179, 50.98199645111922962 ) ) ;
#75 = CARTESIAN_POINT ( 'NONE',  ( 6.708528947724155422, 17.88381554938777640, 50.20226420035682935 ) ) ;
#76 = CYLINDRICAL_SURFACE ( 'NONE', #1554, 0.1105000000000027904 ) ;
#77 = DIRECTION ( 'NONE',  ( -0.000000000000000000, 0.9867625124381881330, 0.1621719582624403244 ) ) ;
#78 = VERTEX_POINT ( 'NONE', #875 ) ;
#79 = CARTESIAN_POINT ( 'NONE',  ( 8.207910865971136616, 16.96452652569628938, 55.79583263469503862 ) ) ;
#80 = CARTESIAN_POINT ( 'NONE',  ( 6.418501699367524793, 17.24541487231362424, 52.90724660978401772 ) ) ;
#81 = VERTEX_POINT ( 'NONE', #118 ) ;
#82 = ORIENTED_EDGE ( 'NONE', *, *, #2439, .T. ) ;
#83 = VECTOR ( 'NONE', #2739, 39.37007874015748143 ) ;
#84 = ORIENTED_EDGE ( 'NONE', *, *, #380, .T. ) ;
#85 = VECTOR ( 'NONE', #914, 39.37007874015748143 ) ;
#86 = VERTEX_POINT ( 'NONE', #930 ) ;
#87 = APPLICATION_CONTEXT ( 'automotive_design' ) ;
#88 = VECTOR ( 'NONE', #1987, 39.37007874015748143 ) ;
#89 = FACE_OUTER_BOUND ( 'NONE', #3219, .T. ) ;
#90 = VECTOR ( 'NONE', #309, 39.37007874015748143 ) ;
#91 = EDGE_CURVE ( 'NONE', #1333, #767, #2995, .T. ) ;
#92 = ORIENTED_EDGE ( 'NONE', *, *, #1844, .T. ) ;
#93 = AXIS2_PLACEMENT_3D ( 'NONE', #2771, #418, #3221 ) ;
#94 = CARTESIAN_POINT ( 'NONE',  ( 6.971167575514448878, 17.58342355453093830, 50.04141986744826198 ) ) ;
#95 = DIRECTION ( 'NONE',  ( 0.000000000000000000, -0.1621719582624464862, 0.9867625124381870227 ) ) ;
#96 = FACE_OUTER_BOUND ( 'NONE', #2586, .T. ) ;
#97 = DIRECTION ( 'NONE',  ( -1.000000000000000000, -8.723762935781772049E-15, 5.669523993492346181E-14 ) ) ;
#98 = EDGE_LOOP ( 'NONE', ( #1260, #343, #1991, #2170 ) ) ;
#99 = CIRCLE ( 'NONE', #2007, 0.2500000000000023870 ) ;
#100 = CARTESIAN_POINT ( 'NONE',  ( 6.708528947722095737, 18.39503572101497753, 50.17480630311970913 ) ) ;
#101 = EDGE_LOOP ( 'NONE', ( #1813, #1271, #3238, #1230 ) ) ;
#102 = EDGE_LOOP ( 'NONE', ( #796, #710 ) ) ;
#103 = ORIENTED_EDGE ( 'NONE', *, *, #510, .F. ) ;
#104 = AXIS2_PLACEMENT_3D ( 'NONE', #2528, #1018, #2029 ) ;
#105 = LINE ( 'NONE', #1147, #212 ) ;
#106 = ADVANCED_FACE ( 'NONE', ( #2182 ), #1181, .F. ) ;
#107 =( GEOMETRIC_REPRESENTATION_CONTEXT ( 3 ) GLOBAL_UNCERTAINTY_ASSIGNED_CONTEXT ( ( #1493 ) ) GLOBAL_UNIT_ASSIGNED_CONTEXT ( ( #3142, #1833, #2083 ) ) REPRESENTATION_CONTEXT ( 'NONE', 'WORKASPACE' ) );
#108 = ORIENTED_EDGE ( 'NONE', *, *, #135, .T. ) ;
#109 = PRODUCT_DEFINITION_SHAPE ( 'NONE', 'NONE',  #275 ) ;
#110 = DIRECTION ( 'NONE',  ( -0.04927818435184642964, -0.1619749342972593154, 0.9855636870372121994 ) ) ;
#111 = DIRECTION ( 'NONE',  ( -1.005147185947862494E-14, 0.9867625124381884660, 0.1621719582624382983 ) ) ;
#112 = EDGE_LOOP ( 'NONE', ( #334, #1841 ) ) ;
#113 = LINE ( 'NONE', #1063, #3313 ) ;
#114 = CYLINDRICAL_SURFACE ( 'NONE', #1572, 0.2500000000000737743 ) ;
#115 = CARTESIAN_POINT ( 'NONE',  ( 8.082363476853931417, 17.86797685666181934, 53.38178446854258397 ) ) ;
#116 = DIRECTION ( 'NONE',  ( 0.000000000000000000, -0.03489949670251060732, 0.9993908270190954291 ) ) ;
#117 = VERTEX_POINT ( 'NONE', #2197 ) ;
#118 = CARTESIAN_POINT ( 'NONE',  ( 8.089045235967240899, 17.00306500835420920, 52.85111206270220663 ) ) ;
#119 = ADVANCED_FACE ( 'NONE', ( #2214 ), #654, .T. ) ;
#120 = DIRECTION ( 'NONE',  ( 0.000000000000000000, 0.9867625124381861346, 0.1621719582624525369 ) ) ;
#121 = CARTESIAN_POINT ( 'NONE',  ( 6.310818297791450426, 17.37659348535379777, 53.28854202316229305 ) ) ;
#122 = DIRECTION ( 'NONE',  ( -1.270581095794116326E-14, 0.9867625124381884660, 0.1621719582624382150 ) ) ;
#123 = EDGE_LOOP ( 'NONE', ( #252, #2386, #713, #2545, #2762, #1601, #554, #1265 ) ) ;
#124 = FACE_BOUND ( 'NONE', #112, .T. ) ;
#125 = ORIENTED_EDGE ( 'NONE', *, *, #443, .F. ) ;
#126 = CARTESIAN_POINT ( 'NONE',  ( 6.689903892204050351, 17.50194892262484814, 50.92255933209303720 ) ) ;
#127 = CARTESIAN_POINT ( 'NONE',  ( -15744.00179581801422, 17.42783394122209728, 52.97676086350611513 ) ) ;
#128 = CARTESIAN_POINT ( 'NONE',  ( 8.104318718697621549, 16.94351250406000631, 52.77888595380180448 ) ) ;
#129 = DIRECTION ( 'NONE',  ( 0.04927818435184643658, 0.1619749342972593154, -0.9855636870372121994 ) ) ;
#130 = ORIENTED_EDGE ( 'NONE', *, *, #1409, .T. ) ;
#131 = DIRECTION ( 'NONE',  ( -0.006297178994484516068, -0.9993710116692212653, -0.03489880473524185206 ) ) ;
#132 = LINE ( 'NONE', #148, #2910 ) ;
#133 = CARTESIAN_POINT ( 'NONE',  ( 6.528905730785013795, 17.19548160140841375, 52.78731121092491918 ) ) ;
#134 = ORIENTED_EDGE ( 'NONE', *, *, #826, .T. ) ;
#135 = EDGE_CURVE ( 'NONE', #488, #517, #1383, .T. ) ;
#136 = ORIENTED_EDGE ( 'NONE', *, *, #2783, .F. ) ;
#137 = CARTESIAN_POINT ( 'NONE',  ( 7.948240085792745546, 17.43824487424635450, 50.92478392648207830 ) ) ;
#138 = ORIENTED_EDGE ( 'NONE', *, *, #1934, .F. ) ;
#139 = VECTOR ( 'NONE', #1250, 39.37007874015748854 ) ;
#140 = SURFACE_STYLE_USAGE ( .BOTH. , #2729 ) ;
#141 = VERTEX_POINT ( 'NONE', #1123 ) ;
#142 = CARTESIAN_POINT ( 'NONE',  ( 8.458502822928871012, 17.23871790441927487, 50.69368587429939055 ) ) ;
#143 = CARTESIAN_POINT ( 'NONE',  ( 6.560514570858911654, 16.99962584571740010, 53.23907314527182422 ) ) ;
#144 = AXIS2_PLACEMENT_3D ( 'NONE', #168, #2296, #2032 ) ;
#145 = CARTESIAN_POINT ( 'NONE',  ( 6.708528947724174074, 18.33657273006098620, 50.53053418885362191 ) ) ;
#146 = DIRECTION ( 'NONE',  ( 3.496765431890223472E-14, -0.1621719582624386313, 0.9867625124381884660 ) ) ;
#147 = VERTEX_POINT ( 'NONE', #1199 ) ;
#148 = CARTESIAN_POINT ( 'NONE',  ( 7.992408288736807975, -10941.11895560293124, -1750.993988796238909 ) ) ;
#149 = CARTESIAN_POINT ( 'NONE',  ( 6.560514570858873462, 17.85005685527386632, 53.49082172616700603 ) ) ;
#150 = STYLED_ITEM ( 'NONE', ( #940 ), #2002 ) ;
#151 = ORIENTED_EDGE ( 'NONE', *, *, #2759, .F. ) ;
#152 = DIRECTION ( 'NONE',  ( 0.000000000000000000, 0.1621719582624380207, -0.9867625124381884660 ) ) ;
#153 = EDGE_CURVE ( 'NONE', #3086, #2938, #1712, .T. ) ;
#154 = EDGE_CURVE ( 'NONE', #636, #730, #611, .T. ) ;
#155 = CIRCLE ( 'NONE', #104, 0.06250000000000076328 ) ;
#156 = VECTOR ( 'NONE', #1210, 39.37007874015748143 ) ;
#157 =( NAMED_UNIT ( * ) SI_UNIT ( $, .STERADIAN. ) SOLID_ANGLE_UNIT ( ) );
#158 = ORIENTED_EDGE ( 'NONE', *, *, #2223, .F. ) ;
#159 = CIRCLE ( 'NONE', #1573, 0.1406000000000001138 ) ;
#160 = CARTESIAN_POINT ( 'NONE',  ( 6.708528947724146541, 17.46822171911652077, 50.38782286558287637 ) ) ;
#161 = CARTESIAN_POINT ( 'NONE',  ( 7.938276449489473308, 17.60761428518248906, 50.91886941632382246 ) ) ;
#162 = DIRECTION ( 'NONE',  ( 9.441266666103602554E-13, -0.1621719582624386313, 0.9867625124381884660 ) ) ;
#163 = DIRECTION ( 'NONE',  ( -0.000000000000000000, 0.9867625124381881330, 0.1621719582624403244 ) ) ;
#164 = CARTESIAN_POINT ( 'NONE',  ( 8.082363476853934969, 17.37459560044418794, 53.30069848941160870 ) ) ;
#165 = VERTEX_POINT ( 'NONE', #355 ) ;
#166 = CARTESIAN_POINT ( 'NONE',  ( 8.082363476853968720, 16.97943543691369328, 53.36192507807038510 ) ) ;
#167 = EDGE_CURVE ( 'NONE', #2462, #548, #623, .T. ) ;
#168 = CARTESIAN_POINT ( 'NONE',  ( 8.156370665287145272, 17.11460465649084384, 51.73784702204095254 ) ) ;
#169 = DIRECTION ( 'NONE',  ( 0.000000000000000000, -0.1621719582624394085, 0.9867625124381883550 ) ) ;
#170 = ORIENTED_EDGE ( 'NONE', *, *, #2861, .T. ) ;
#171 = CARTESIAN_POINT ( 'NONE',  ( 7.928035515913187226, 17.29831825146591839, 50.92967027182196205 ) ) ;
#172 = DIRECTION ( 'NONE',  ( 0.000000000000000000, 0.1621719582624369937, -0.9867625124381886881 ) ) ;
#173 = CARTESIAN_POINT ( 'NONE',  ( 7.093745504025406490, 18.30456200243100184, 47.64216175382547647 ) ) ;
#174 = VERTEX_POINT ( 'NONE', #166 ) ;
#175 = EDGE_CURVE ( 'NONE', #141, #675, #1941, .T. ) ;
#176 = EDGE_CURVE ( 'NONE', #1076, #2266, #469, .T. ) ;
#177 = DIRECTION ( 'NONE',  ( -0.000000000000000000, 0.9867625124381881330, 0.1621719582624403244 ) ) ;
#178 = DIRECTION ( 'NONE',  ( -1.000000000000000000, -6.240605459616045897E-15, -2.741429902426241185E-15 ) ) ;
#179 = DIRECTION ( 'NONE',  ( 0.000000000000000000, -0.1621719582624464862, 0.9867625124381870227 ) ) ;
#180 = CARTESIAN_POINT ( 'NONE',  ( 8.082363476747987718, -15521.91500245392672, -2500.542797141940810 ) ) ;
#181 = DIRECTION ( 'NONE',  ( -0.000000000000000000, 0.9867625124381881330, 0.1621719582624398803 ) ) ;
#182 = ORIENTED_EDGE ( 'NONE', *, *, #1950, .F. ) ;
#183 = FACE_OUTER_BOUND ( 'NONE', #2057, .T. ) ;
#184 = ORIENTED_EDGE ( 'NONE', *, *, #1851, .T. ) ;
#185 = ORIENTED_EDGE ( 'NONE', *, *, #1877, .F. ) ;
#186 = CARTESIAN_POINT ( 'NONE',  ( 7.819724849066353123, 17.33405261087681382, 53.54738911752207997 ) ) ;
#187 = CARTESIAN_POINT ( 'NONE',  ( 6.569199799674435347, 17.32101841993313940, 52.86221524049706488 ) ) ;
#188 = ORIENTED_EDGE ( 'NONE', *, *, #302, .F. ) ;
#189 = DIRECTION ( 'NONE',  ( 0.000000000000000000, -0.1621719582624442935, 0.9867625124381874668 ) ) ;
#190 = LINE ( 'NONE', #161, #2285 ) ;
#191 = EDGE_CURVE ( 'NONE', #3354, #2926, #652, .T. ) ;
#192 = CARTESIAN_POINT ( 'NONE',  ( 7.851467691365089152, 17.08128939360372200, 52.85384371842813778 ) ) ;
#193 = EDGE_CURVE ( 'NONE', #460, #933, #1178, .T. ) ;
#194 = CARTESIAN_POINT ( 'NONE',  ( 7.938276449489473308, 17.60761428518249261, 50.91886941632382246 ) ) ;
#195 = CARTESIAN_POINT ( 'NONE',  ( 6.827015548531812250, 17.42783394146217546, 52.97676086352896618 ) ) ;
#196 = AXIS2_PLACEMENT_3D ( 'NONE', #1626, #387, #3209 ) ;
#197 = ORIENTED_EDGE ( 'NONE', *, *, #2982, .T. ) ;
#198 =( BOUNDED_SURFACE ( )  B_SPLINE_SURFACE ( 3, 2, ( 
 ( #2332, #2072, #1811 ),
 ( #1037, #795, #1792 ),
 ( #1320, #727, #760 ),
 ( #2101, #280, #1308 ),
 ( #530, #15, #775 ),
 ( #2598, #1332, #1840 ),
 ( #2872, #291, #989 ),
 ( #2628, #2089, #2379 ),
 ( #24, #2113, #3347 ),
 ( #3146, #259, #2585 ) ),
 .UNSPECIFIED., .F., .F., .F. ) 
 B_SPLINE_SURFACE_WITH_KNOTS ( ( 4, 2, 2, 2, 4 ),
 ( 3, 3 ),
 ( 9.766356577349620458E-16, 0.3950552761889150055, 0.7901105523778290118, 1.185165828566743018, 1.580221104755657135 ),
 ( 0.000000000000000000, 1.000000000000000000 ),
 .UNSPECIFIED. ) 
 GEOMETRIC_REPRESENTATION_ITEM ( )  RATIONAL_B_SPLINE_SURFACE ( (
 ( 1.000000000000000000, 0.6603830809337039032, 1.000000000000000000),
 ( 1.000000000000000000, 0.6603758856133526978, 1.000000000000000000),
 ( 1.000000000000000000, 0.6616608021757592883, 1.000000000000000000),
 ( 1.000000000000000000, 0.6665368406784455413, 1.000000000000000000),
 ( 1.000000000000000000, 0.6701309726065493022, 1.000000000000000000),
 ( 1.000000000000000000, 0.6789922896019685572, 1.000000000000000000),
 ( 1.000000000000000000, 0.6842532717869841408, 1.000000000000000000),
 ( 1.000000000000000000, 0.6955534147377705478, 1.000000000000000000),
 ( 1.000000000000000000, 0.7015871801270661123, 1.000000000000000000),
 ( 1.000000000000000000, 0.7075324583402138323, 1.000000000000000000) ) ) 
 REPRESENTATION_ITEM ( '' )  SURFACE ( )  );
#199 = ORIENTED_EDGE ( 'NONE', *, *, #1500, .T. ) ;
#200 = VECTOR ( 'NONE', #369, 39.37007874015748143 ) ;
#201 = DIRECTION ( 'NONE',  ( 0.000000000000000000, -0.1621719582624382983, 0.9867625124381884660 ) ) ;
#202 = DIRECTION ( 'NONE',  ( -1.000000000000000000, -8.675313471576187002E-15, 5.278640160186418494E-14 ) ) ;
#203 = CARTESIAN_POINT ( 'NONE',  ( 6.708528947724174074, 18.35449273144898541, 50.42149693122919984 ) ) ;
#204 = ORIENTED_EDGE ( 'NONE', *, *, #1258, .T. ) ;
#205 = AXIS2_PLACEMENT_3D ( 'NONE', #2452, #2691, #357 ) ;
#206 = CARTESIAN_POINT ( 'NONE',  ( 6.560514570856318173, -8.072507997451920048, 49.11853046969256553 ) ) ;
#207 = DIRECTION ( 'NONE',  ( 0.000000000000000000, 0.1621719582624369937, -0.9867625124381886881 ) ) ;
#208 = VECTOR ( 'NONE', #178, 39.37007874015748143 ) ;
#209 = AXIS2_PLACEMENT_3D ( 'NONE', #3187, #347, #2635 ) ;
#210 = EDGE_CURVE ( 'NONE', #579, #2945, #338, .T. ) ;
#211 = DIRECTION ( 'NONE',  ( 0.000000000000000000, -0.1621719582624369937, 0.9867625124381886881 ) ) ;
#212 = VECTOR ( 'NONE', #2201, 39.37007874015748143 ) ;
#213 = VERTEX_POINT ( 'NONE', #2162 ) ;
#214 = CIRCLE ( 'NONE', #2619, 0.1399999999999983480 ) ;
#215 = CARTESIAN_POINT ( 'NONE',  ( 8.299377043048792757, 17.42783394146554699, 52.97676086352891645 ) ) ;
#216 = DIRECTION ( 'NONE',  ( 0.000000000000000000, -0.9993908270190955401, 0.03489949670250597907 ) ) ;
#217 = CARTESIAN_POINT ( 'NONE',  ( 6.928642489334499110, 17.60761428517918148, 50.91886941632422747 ) ) ;
#218 = LINE ( 'NONE', #2310, #3368 ) ;
#219 = CARTESIAN_POINT ( 'NONE',  ( 8.230377853718923831, 18.39503572101499529, 50.17480630311971623 ) ) ;
#220 = AXIS2_PLACEMENT_3D ( 'NONE', #769, #2141, #1864 ) ;
#221 = ORIENTED_EDGE ( 'NONE', *, *, #230, .T. ) ;
#222 = ORIENTED_EDGE ( 'NONE', *, *, #302, .T. ) ;
#223 = ADVANCED_FACE ( 'NONE', ( #2180 ), #1679, .F. ) ;
#224 = EDGE_CURVE ( 'NONE', #1680, #1959, #842, .T. ) ;
#225 = CARTESIAN_POINT ( 'NONE',  ( 6.708528947724155422, 17.86111147523103426, 50.34041095209817485 ) ) ;
#226 = CARTESIAN_POINT ( 'NONE',  ( 7.928035515913187226, 17.29831825146591839, 50.92967027182196205 ) ) ;
#227 = DIRECTION ( 'NONE',  ( 0.000000000000000000, -0.1621719582624369937, 0.9867625124381886881 ) ) ;
#228 = ORIENTED_EDGE ( 'NONE', *, *, #1604, .F. ) ;
#229 = ORIENTED_EDGE ( 'NONE', *, *, #1950, .T. ) ;
#230 = EDGE_CURVE ( 'NONE', #929, #117, #587, .T. ) ;
#231 = DIRECTION ( 'NONE',  ( 4.991119498920738980E-18, 0.9925520697018206384, 0.1218211349915610253 ) ) ;
#232 = CARTESIAN_POINT ( 'NONE',  ( 8.350185122798214010, 17.29865953684533153, 50.92965835387386164 ) ) ;
#233 = DIRECTION ( 'NONE',  ( -8.741913579725558680E-15, -0.1621719582624386313, 0.9867625124381884660 ) ) ;
#234 = EDGE_LOOP ( 'NONE', ( #2025, #2819, #2436, #1617 ) ) ;
#235 = CARTESIAN_POINT ( 'NONE',  ( 7.643988549685037270, 17.39572526790175999, 53.55752486491297049 ) ) ;
#236 = DIRECTION ( 'NONE',  ( -0.9987850922731003056, 0.007991539655956695840, -0.04862586499942014862 ) ) ;
#237 = DIRECTION ( 'NONE',  ( -5.245148147835335523E-14, 0.1621719582624386313, -0.9867625124381884660 ) ) ;
#238 = ORIENTED_EDGE ( 'NONE', *, *, #2340, .T. ) ;
#239 = ORIENTED_EDGE ( 'NONE', *, *, #154, .T. ) ;
#240 = DIRECTION ( 'NONE',  ( -1.075430028295977810E-14, 0.9867625124381883550, 0.1621719582624382705 ) ) ;
#241 = CARTESIAN_POINT ( 'NONE',  ( 8.156370665287145272, 16.81857590275938463, 51.68919543456222243 ) ) ;
#242 = DIRECTION ( 'NONE',  ( 0.000000000000000000, 0.1621719582624442935, -0.9867625124381874668 ) ) ;
#243 = VERTEX_POINT ( 'NONE', #1119 ) ;
#244 = ORIENTED_EDGE ( 'NONE', *, *, #1409, .F. ) ;
#245 = DIRECTION ( 'NONE',  ( 0.000000000000000000, -0.1621719582626633405, 0.9867625124381514956 ) ) ;
#246 = EDGE_CURVE ( 'NONE', #1050, #3203, #353, .T. ) ;
#247 = ADVANCED_FACE ( 'NONE', ( #370 ), #2468, .F. ) ;
#248 = ORIENTED_EDGE ( 'NONE', *, *, #1770, .F. ) ;
#249 = CARTESIAN_POINT ( 'NONE',  ( 6.442257336436943760, 17.75768849054576748, 50.65138962494573605 ) ) ;
#250 = CARTESIAN_POINT ( 'NONE',  ( 6.560514570858318351, -8.113050987017562221, 49.36522109780210599 ) ) ;
#251 = DIRECTION ( 'NONE',  ( 5.708974049750430655E-15, 0.9867625124381900203, 0.1621719582624281120 ) ) ;
#252 = ORIENTED_EDGE ( 'NONE', *, *, #2127, .F. ) ;
#253 = VECTOR ( 'NONE', #2780, 39.37007874015748854 ) ;
#254 = ORIENTED_EDGE ( 'NONE', *, *, #2104, .F. ) ;
#255 = EDGE_CURVE ( 'NONE', #293, #3086, #854, .T. ) ;
#256 = CARTESIAN_POINT ( 'NONE',  ( 8.156370665287145272, 16.78979038016780123, 51.86434578052000433 ) ) ;
#257 = VECTOR ( 'NONE', #2993, 39.37007874015748854 ) ;
#258 = PLANE ( 'NONE',  #1681 ) ;
#259 = CARTESIAN_POINT ( 'NONE',  ( 8.338434680510072639, 16.89009204444814571, 53.10393171083027397 ) ) ;
#260 = ORIENTED_EDGE ( 'NONE', *, *, #362, .T. ) ;
#261 = AXIS2_PLACEMENT_3D ( 'NONE', #3369, #29, #1013 ) ;
#262 = CARTESIAN_POINT ( 'NONE',  ( 6.560514570858901884, 16.32434518211605479, 53.01611008696781369 ) ) ;
#263 = LINE ( 'NONE', #1310, #1781 ) ;
#264 = CONICAL_SURFACE ( 'NONE', #2760, 0.1399999999999983480, 0.04076687465383467546 ) ;
#265 = ADVANCED_FACE ( 'NONE', ( #1420 ), #862, .T. ) ;
#266 = CIRCLE ( 'NONE', #3252, 0.1105000000000027904 ) ;
#267 = EDGE_CURVE ( 'NONE', #2532, #1426, #894, .T. ) ;
#268 = AXIS2_PLACEMENT_3D ( 'NONE', #3295, #1951, #2524 ) ;
#269 = CARTESIAN_POINT ( 'NONE',  ( -65.21129400632888462, -11555.31756945746929, -348.3171629326844823 ) ) ;
#270 = AXIS2_PLACEMENT_3D ( 'NONE', #2834, #975, #1797 ) ;
#271 = DIRECTION ( 'NONE',  ( 5.635624779079844817E-14, 0.03489949670250597907, 0.9993908270190955401 ) ) ;
#272 = DIRECTION ( 'NONE',  ( 0.000000000000000000, -0.1621719582624454037, 0.9867625124381872448 ) ) ;
#273 = DIRECTION ( 'NONE',  ( -1.000000000000000000, -5.837467184107379714E-15, -3.515460027782469524E-15 ) ) ;
#274 = ORIENTED_EDGE ( 'NONE', *, *, #1020, .F. ) ;
#275 = PRODUCT_DEFINITION ( 'UNKNOWN', '', #903, #3000 ) ;
#276 = AXIS2_PLACEMENT_3D ( 'NONE', #1779, #665, #189 ) ;
#277 = LINE ( 'NONE', #1306, #1837 ) ;
#278 = CONICAL_SURFACE ( 'NONE', #378, 0.1875000000000040801, 0.03332099587824763343 ) ;
#279 = LINE ( 'NONE', #2100, #1896 ) ;
#280 = CARTESIAN_POINT ( 'NONE',  ( 8.221652124483915358, 16.92617122690908715, 52.88440186661835440 ) ) ;
#281 = ORIENTED_EDGE ( 'NONE', *, *, #2913, .F. ) ;
#282 = ADVANCED_FACE ( 'NONE', ( #2195 ), #3224, .F. ) ;
#283 = CARTESIAN_POINT ( 'NONE',  ( 6.708528947724155422, 17.86111147523103426, 50.34041095209817485 ) ) ;
#284 = EDGE_CURVE ( 'NONE', #2196, #65, #3359, .T. ) ;
#285 = ORIENTED_EDGE ( 'NONE', *, *, #2772, .T. ) ;
#286 = DIRECTION ( 'NONE',  ( -1.005147185947862494E-14, 0.9867625124381884660, 0.1621719582624382983 ) ) ;
#287 = SURFACE_STYLE_FILL_AREA ( #815 ) ;
#288 = EDGE_LOOP ( 'NONE', ( #2415, #31, #2005, #3348 ) ) ;
#289 = FACE_OUTER_BOUND ( 'NONE', #2833, .T. ) ;
#290 = CARTESIAN_POINT ( 'NONE',  ( 6.634521759291474474, 17.08806790820331756, 51.59099961487945052 ) ) ;
#291 = CARTESIAN_POINT ( 'NONE',  ( 8.310042879496363000, 16.91090043864145542, 52.97731954214498984 ) ) ;
#292 = ORIENTED_EDGE ( 'NONE', *, *, #2466, .F. ) ;
#293 = VERTEX_POINT ( 'NONE', #704 ) ;
#294 = PLANE ( 'NONE',  #3047 ) ;
#295 = DIRECTION ( 'NONE',  ( -1.923220987539622752E-13, -0.1621719582624386313, 0.9867625124381884660 ) ) ;
#296 = CARTESIAN_POINT ( 'NONE',  ( 8.082363476854276030, 17.86797685665792912, 53.38178446854320924 ) ) ;
#297 = ORIENTED_EDGE ( 'NONE', *, *, #1279, .T. ) ;
#298 = CARTESIAN_POINT ( 'NONE',  ( 6.634521759291485132, 17.36129528460310922, 51.77839001160678123 ) ) ;
#299 = CARTESIAN_POINT ( 'NONE',  ( 6.442767787939286173, 17.81030487871284151, 50.64955222018318182 ) ) ;
#300 = EDGE_LOOP ( 'NONE', ( #1616, #1506 ) ) ;
#301 = ADVANCED_FACE ( 'NONE', ( #3302 ), #2804, .T. ) ;
#302 = EDGE_CURVE ( 'NONE', #1092, #3361, #3103, .T. ) ;
#303 = CARTESIAN_POINT ( 'NONE',  ( 8.429462871110510847, 17.26818523269710681, 50.80336021642043676 ) ) ;
#304 = LINE ( 'NONE', #749, #773 ) ;
#305 = ORIENTED_EDGE ( 'NONE', *, *, #2423, .F. ) ;
#306 = AXIS2_PLACEMENT_3D ( 'NONE', #934, #2245, #1163 ) ;
#307 = CARTESIAN_POINT ( 'NONE',  ( -11480.36464778659138, 17.06035700548934031, 55.59812937267301436 ) ) ;
#308 = AXIS2_PLACEMENT_3D ( 'NONE', #720, #1988, #1762 ) ;
#309 = DIRECTION ( 'NONE',  ( -1.000000000000000000, -5.970099838137615907E-15, -2.696972978087112862E-15 ) ) ;
#310 = CARTESIAN_POINT ( 'NONE',  ( 7.852978258081963148, 17.32101841993673474, 52.86221524049770437 ) ) ;
#311 = VERTEX_POINT ( 'NONE', #219 ) ;
#312 = AXIS2_PLACEMENT_3D ( 'NONE', #1972, #3282, #3022 ) ;
#313 =( BOUNDED_CURVE ( )  B_SPLINE_CURVE ( 3, ( #1100, #1614, #2661, #326 ),
 .UNSPECIFIED., .F., .F. ) 
 B_SPLINE_CURVE_WITH_KNOTS ( ( 4, 4 ),
 ( 0.000000000000000000, 1.000000000000000000 ),
 .UNSPECIFIED. ) 
 CURVE ( )  GEOMETRIC_REPRESENTATION_ITEM ( )  RATIONAL_B_SPLINE_CURVE ( ( 1.000000000000000000, 0.8366013071894867759, 0.8366013071894867759, 1.000000000000000000 ) ) 
 REPRESENTATION_ITEM ( '' )  );
#314 = VECTOR ( 'NONE', #497, 39.37007874015748143 ) ;
#315 = EDGE_CURVE ( 'NONE', #1687, #3338, #2255, .T. ) ;
#316 = VECTOR ( 'NONE', #1595, 39.37007874015748143 ) ;
#317 = DIRECTION ( 'NONE',  ( 0.04927818435184641577, 0.1619749342972593154, -0.9855636870372121994 ) ) ;
#318 = AXIS2_PLACEMENT_3D ( 'NONE', #1623, #2735, #1209 ) ;
#319 = DIRECTION ( 'NONE',  ( -0.000000000000000000, 0.9867625124381883550, 0.1621719582624384370 ) ) ;
#320 = ORIENTED_EDGE ( 'NONE', *, *, #2759, .T. ) ;
#321 = FACE_OUTER_BOUND ( 'NONE', #1948, .T. ) ;
#322 = CARTESIAN_POINT ( 'NONE',  ( 8.275835815321025635, 17.24827165473579527, 50.92452772546786122 ) ) ;
#323 = CARTESIAN_POINT ( 'NONE',  ( 6.708528947724146541, 16.79294105551517902, 50.16485980727884453 ) ) ;
#324 = ORIENTED_EDGE ( 'NONE', *, *, #3123, .F. ) ;
#325 = VECTOR ( 'NONE', #231, 39.37007874015748854 ) ;
#326 = CARTESIAN_POINT ( 'NONE',  ( 7.122234812080804112, 17.88224114269273102, 50.59723732759912451 ) ) ;
#327 = CARTESIAN_POINT ( 'NONE',  ( 6.538066137661195931, 17.18396725133063541, 52.85737220753257759 ) ) ;
#328 = COLOUR_RGB ( '',0.7921568627450980005, 0.8196078431372548767, 0.9333333333333333481 ) ;
#329 = EDGE_CURVE ( 'NONE', #1757, #2557, #2843, .T. ) ;
#330 = ORIENTED_EDGE ( 'NONE', *, *, #1268, .T. ) ;
#331 = EDGE_LOOP ( 'NONE', ( #2261, #2682, #904, #1725 ) ) ;
#332 = DIRECTION ( 'NONE',  ( 0.000000000000000000, 0.9867625124381874668, 0.1621719582624434608 ) ) ;
#333 = LINE ( 'NONE', #2883, #1124 ) ;
#334 = ORIENTED_EDGE ( 'NONE', *, *, #3212, .F. ) ;
#335 = DIRECTION ( 'NONE',  ( 1.270581095794116326E-14, -0.9867625124381884660, -0.1621719582624382150 ) ) ;
#336 = CARTESIAN_POINT ( 'NONE',  ( 8.093119909864945782, 17.00307141899311958, 52.85111228656664650 ) ) ;
#337 = LINE ( 'NONE', #1097, #2215 ) ;
#338 = LINE ( 'NONE', #1904, #879 ) ;
#339 = ORIENTED_EDGE ( 'NONE', *, *, #521, .F. ) ;
#340 = CYLINDRICAL_SURFACE ( 'NONE', #2407, 0.2500000000000737743 ) ;
#341 = DIRECTION ( 'NONE',  ( 0.000000000000000000, -0.1621719582624369937, 0.9867625124381886881 ) ) ;
#342 = ORIENTED_EDGE ( 'NONE', *, *, #1632, .F. ) ;
#343 = ORIENTED_EDGE ( 'NONE', *, *, #1570, .F. ) ;
#344 = EDGE_CURVE ( 'NONE', #1682, #1579, #1328, .T. ) ;
#345 = ADVANCED_FACE ( 'NONE', ( #1468 ), #1484, .F. ) ;
#346 = ORIENTED_EDGE ( 'NONE', *, *, #1603, .T. ) ;
#347 = DIRECTION ( 'NONE',  ( -0.000000000000000000, 0.9867625124381881330, 0.1621719582624398803 ) ) ;
#348 = VERTEX_POINT ( 'NONE', #195 ) ;
#349 = CARTESIAN_POINT ( 'NONE',  ( 6.443839177206823976, 17.59484704929611354, 50.72283619890541928 ) ) ;
#350 = CARTESIAN_POINT ( 'NONE',  ( 6.560514570858467565, 17.43626825746722986, 53.31083423680438926 ) ) ;
#351 = DIRECTION ( 'NONE',  ( 3.126089414046852290E-17, 0.9867625124381896873, 0.1621719582624304712 ) ) ;
#352 = DIRECTION ( 'NONE',  ( 4.991119498920738980E-18, 0.9925520697018206384, 0.1218211349915610253 ) ) ;
#353 = LINE ( 'NONE', #1381, #85 ) ;
#354 = VERTEX_POINT ( 'NONE', #1783 ) ;
#355 = CARTESIAN_POINT ( 'NONE',  ( 6.560514570858106076, 17.47681124703145628, 53.06414360869355562 ) ) ;
#356 = ADVANCED_FACE ( 'NONE', ( #3046 ), #1731, .F. ) ;
#357 = DIRECTION ( 'NONE',  ( 0.000000000000000000, -0.1621719582624384925, 0.9867625124381884660 ) ) ;
#358 = CARTESIAN_POINT ( 'NONE',  ( 6.568783638333931307, 17.18395792051837390, 52.85742898239056586 ) ) ;
#359 = EDGE_LOOP ( 'NONE', ( #2156, #457, #3380, #2649, #2080 ) ) ;
#360 = AXIS2_PLACEMENT_3D ( 'NONE', #2951, #602, #116 ) ;
#361 = EDGE_CURVE ( 'NONE', #1341, #1990, #1099, .T. ) ;
#362 = EDGE_CURVE ( 'NONE', #1910, #2945, #3343, .T. ) ;
#363 = AXIS2_PLACEMENT_3D ( 'NONE', #2483, #163, #2272 ) ;
#364 = SURFACE_STYLE_FILL_AREA ( #1671 ) ;
#365 = CIRCLE ( 'NONE', #1721, 0.2500000000000023870 ) ;
#366 = ORIENTED_EDGE ( 'NONE', *, *, #801, .F. ) ;
#367 = CARTESIAN_POINT ( 'NONE',  ( 6.647475078382683478, 17.49364300649102688, 50.97309807356303679 ) ) ;
#368 = PLANE ( 'NONE',  #831 ) ;
#369 = DIRECTION ( 'NONE',  ( 1.000000000000000000, 1.518582415842600512E-14, 1.441601842747379542E-15 ) ) ;
#370 = FACE_OUTER_BOUND ( 'NONE', #2035, .T. ) ;
#371 = ORIENTED_EDGE ( 'NONE', *, *, #2138, .F. ) ;
#372 = VECTOR ( 'NONE', #1411, 39.37007874015748143 ) ;
#373 = LINE ( 'NONE', #3166, #2003 ) ;
#374 = PLANE ( 'NONE',  #1058 ) ;
#375 = VERTEX_POINT ( 'NONE', #449 ) ;
#376 = CIRCLE ( 'NONE', #2876, 0.2500000000000023870 ) ;
#377 = FACE_BOUND ( 'NONE', #2832, .T. ) ;
#378 = AXIS2_PLACEMENT_3D ( 'NONE', #3237, #886, #2986 ) ;
#379 = CARTESIAN_POINT ( 'NONE',  ( -15744.00179581791599, 16.96452652557767848, 55.79583263479602806 ) ) ;
#380 = EDGE_CURVE ( 'NONE', #761, #2497, #2544, .T. ) ;
#381 = DIRECTION ( 'NONE',  ( -0.04927818435184642964, -0.1619749342972593154, 0.9855636870372121994 ) ) ;
#382 = EDGE_LOOP ( 'NONE', ( #2525, #1404, #1807, #1905, #663, #260 ) ) ;
#383 = CARTESIAN_POINT ( 'NONE',  ( 6.619131879196122448, 17.50319200934453434, 50.91499556220433931 ) ) ;
#384 = CARTESIAN_POINT ( 'NONE',  ( 6.689903892204053015, 17.49364300649102688, 50.97309807356303679 ) ) ;
#385 = CARTESIAN_POINT ( 'NONE',  ( 6.708528947721680069, -10941.14522410548489, -1750.744952191785160 ) ) ;
#386 = EDGE_CURVE ( 'NONE', #783, #3127, #2292, .T. ) ;
#387 = DIRECTION ( 'NONE',  ( -0.9987850922730990844, 0.007991539655961140201, -0.04862586499944541313 ) ) ;
#388 = CARTESIAN_POINT ( 'NONE',  ( 6.522088847287387026, 17.67322297767075412, 50.87178204147590321 ) ) ;
#389 = VERTEX_POINT ( 'NONE', #887 ) ;
#390 = CARTESIAN_POINT ( 'NONE',  ( 6.708528947722092184, 17.92278413225833589, 50.35054669948955564 ) ) ;
#391 = CARTESIAN_POINT ( 'NONE',  ( 7.818707329644874804, 16.94382495679239398, 52.80104340987055167 ) ) ;
#392 = DIRECTION ( 'NONE',  ( -1.075430028295977810E-14, 0.9867625124381883550, 0.1621719582624382705 ) ) ;
#393 = ORIENTED_EDGE ( 'NONE', *, *, #1162, .F. ) ;
#394 = FACE_OUTER_BOUND ( 'NONE', #1716, .T. ) ;
#395 = ORIENTED_EDGE ( 'NONE', *, *, #1632, .T. ) ;
#396 =( BOUNDED_CURVE ( )  B_SPLINE_CURVE ( 3, ( #3067, #1767, #2809, #3084 ),
 .UNSPECIFIED., .F., .T. ) 
 B_SPLINE_CURVE_WITH_KNOTS ( ( 4, 4 ),
 ( 3.997097273211156931, 5.427680687555764827 ),
 .UNSPECIFIED. ) 
 CURVE ( )  GEOMETRIC_REPRESENTATION_ITEM ( )  RATIONAL_B_SPLINE_CURVE ( ( 1.000000000000000000, 0.8366013071899498499, 0.8366013071899498499, 1.000000000000000000 ) ) 
 REPRESENTATION_ITEM ( '' )  );
#397 =( NAMED_UNIT ( * ) PLANE_ANGLE_UNIT ( ) SI_UNIT ( $, .RADIAN. ) );
#398 = CARTESIAN_POINT ( 'NONE',  ( 8.082363476854274253, 17.43626825746722986, 53.31083423680382793 ) ) ;
#399 = ORIENTED_EDGE ( 'NONE', *, *, #2983, .T. ) ;
#400 = CARTESIAN_POINT ( 'NONE',  ( 6.440814853935667550, 17.60900008584672349, 50.65658193845232660 ) ) ;
#401 = CARTESIAN_POINT ( 'NONE',  ( 6.560514570858471117, 17.86797685665792912, 53.38178446854376347 ) ) ;
#402 = CARTESIAN_POINT ( 'NONE',  ( 8.341329544584066724, 17.40306706826290295, 53.12745906243569038 ) ) ;
#403 = DIRECTION ( 'NONE',  ( -1.000000000000000000, -2.483265911745832256E-14, 5.725777498525034918E-14 ) ) ;
#404 = EDGE_LOOP ( 'NONE', ( #3114, #3334, #3164, #2313 ) ) ;
#405 = CARTESIAN_POINT ( 'NONE',  ( 8.230377853717911307, 17.92278413225774614, 50.35054669948946326 ) ) ;
#406 = EDGE_CURVE ( 'NONE', #2360, #2797, #830, .T. ) ;
#407 = EDGE_CURVE ( 'NONE', #1086, #1687, #2650, .T. ) ;
#408 = CARTESIAN_POINT ( 'NONE',  ( 8.082363476852711059, 17.33405261087839833, 53.54738911752222208 ) ) ;
#409 = CARTESIAN_POINT ( 'NONE',  ( 8.082363476852711059, 16.26588219116190004, 53.37183797270278518 ) ) ;
#410 = ORIENTED_EDGE ( 'NONE', *, *, #1785, .T. ) ;
#411 = CARTESIAN_POINT ( 'NONE',  ( 8.452434287495711018, 17.31984841682711718, 50.83166841568702665 ) ) ;
#412 = AXIS2_PLACEMENT_3D ( 'NONE', #390, #1422, #146 ) ;
#413 = EDGE_CURVE ( 'NONE', #147, #174, #2754, .T. ) ;
#414 = ORIENTED_EDGE ( 'NONE', *, *, #1785, .F. ) ;
#415 = AXIS2_PLACEMENT_3D ( 'NONE', #3072, #2999, #172 ) ;
#416 =( BOUNDED_CURVE ( )  B_SPLINE_CURVE ( 3, ( #2844, #1216, #1255, #1275 ),
 .UNSPECIFIED., .F., .T. ) 
 B_SPLINE_CURVE_WITH_KNOTS ( ( 4, 4 ),
 ( 2.214297435588240326, 3.092698029835801776 ),
 .UNSPECIFIED. ) 
 CURVE ( )  GEOMETRIC_REPRESENTATION_ITEM ( )  RATIONAL_B_SPLINE_CURVE ( ( 1.000000000000000000, 0.9367279992623116502, 0.9367279992623116502, 1.000000000000000000 ) ) 
 REPRESENTATION_ITEM ( '' )  );
#417 = CARTESIAN_POINT ( 'NONE',  ( 6.437801656886993129, 17.57051974716208065, 50.71214946696340320 ) ) ;
#418 = DIRECTION ( 'NONE',  ( 1.693089050062150051E-15, 0.1621719582624305267, -0.9867625124381897983 ) ) ;
#419 = CIRCLE ( 'NONE', #1611, 0.2500000000000023870 ) ;
#420 = CARTESIAN_POINT ( 'NONE',  ( 8.082363476852789219, 16.30642518072789215, 53.12514734459330867 ) ) ;
#421 = CARTESIAN_POINT ( 'NONE',  ( 6.834379795710267658, 17.19548160140908877, 52.78731121092466338 ) ) ;
#422 = CARTESIAN_POINT ( 'NONE',  ( 6.433095126647231154, 17.57624261946165589, 50.80976308886582871 ) ) ;
#423 = ORIENTED_EDGE ( 'NONE', *, *, #3285, .T. ) ;
#424 = CARTESIAN_POINT ( 'NONE',  ( 6.634521759291485132, 17.06526653087165357, 51.72973842412805112 ) ) ;
#425 = CIRCLE ( 'NONE', #1011, 0.1406000000000001138 ) ;
#426 = CARTESIAN_POINT ( 'NONE',  ( 7.828293464742418273, 16.97018884562416119, 52.84057670842113907 ) ) ;
#427 = CIRCLE ( 'NONE', #2874, 0.1774999999999972156 ) ;
#428 = CARTESIAN_POINT ( 'NONE',  ( 6.560514570858911654, 17.39729967460065652, 53.16255173767020636 ) ) ;
#429 = FACE_OUTER_BOUND ( 'NONE', #1367, .T. ) ;
#430 = ADVANCED_FACE ( 'NONE', ( #516 ), #1578, .T. ) ;
#431 = CIRCLE ( 'NONE', #1405, 0.1105000000000027904 ) ;
#432 = AXIS2_PLACEMENT_3D ( 'NONE', #2204, #2461, #1091 ) ;
#433 = ORIENTED_EDGE ( 'NONE', *, *, #1808, .T. ) ;
#434 = CARTESIAN_POINT ( 'NONE',  ( 8.097194075547292869, 17.00305833876683792, 52.85121150235651299 ) ) ;
#435 = CARTESIAN_POINT ( 'NONE',  ( 8.082363476853934969, 17.35667559905618518, 53.40973574703603077 ) ) ;
#436 = DIRECTION ( 'NONE',  ( -1.000000000000000000, 7.394844388316521596E-16, -8.854778121374521922E-16 ) ) ;
#437 = ORIENTED_EDGE ( 'NONE', *, *, #135, .F. ) ;
#438 = ORIENTED_EDGE ( 'NONE', *, *, #1274, .F. ) ;
#439 = ADVANCED_FACE ( 'NONE', ( #541 ), #198, .F. ) ;
#440 = PLANE ( 'NONE',  #827 ) ;
#441 = EDGE_LOOP ( 'NONE', ( #2880, #188, #2675, #888 ) ) ;
#442 = EDGE_CURVE ( 'NONE', #863, #2230, #1220, .T. ) ;
#443 = EDGE_CURVE ( 'NONE', #481, #3076, #2831, .T. ) ;
#444 = CARTESIAN_POINT ( 'NONE',  ( 6.560514570858901884, 17.37459560044417373, 53.30069848941161581 ) ) ;
#445 = ORIENTED_EDGE ( 'NONE', *, *, #3212, .T. ) ;
#446 = DIRECTION ( 'NONE',  ( -1.000000000000000000, -1.518582415842600196E-14, -1.441601842747379344E-15 ) ) ;
#447 = CARTESIAN_POINT ( 'NONE',  ( 7.846669992254887482, 17.04180636630529477, 52.85246494073302159 ) ) ;
#448 = DIRECTION ( 'NONE',  ( -1.000000000000000000, 7.394844388316521596E-16, -8.854778121374519950E-16 ) ) ;
#449 = CARTESIAN_POINT ( 'NONE',  ( 8.209280729844422808, 17.29831825146592195, 50.92967027182194073 ) ) ;
#450 = ORIENTED_EDGE ( 'NONE', *, *, #2329, .F. ) ;
#451 = ORIENTED_EDGE ( 'NONE', *, *, #938, .F. ) ;
#452 = DIRECTION ( 'NONE',  ( -1.005147185947862336E-14, 0.9867625124381884660, 0.1621719582624382983 ) ) ;
#453 = LINE ( 'NONE', #2315, #2510 ) ;
#454 = CARTESIAN_POINT ( 'NONE',  ( 8.156370665287145272, 16.52688174078986094, 51.78374238518478023 ) ) ;
#455 = ORIENTED_EDGE ( 'NONE', *, *, #2104, .T. ) ;
#456 = EDGE_CURVE ( 'NONE', #531, #2346, #1551, .T. ) ;
#457 = ORIENTED_EDGE ( 'NONE', *, *, #2337, .F. ) ;
#458 = DIMENSIONAL_EXPONENTS ( 1.000000000000000000, 0.000000000000000000, 0.000000000000000000, 0.000000000000000000, 0.000000000000000000, 0.000000000000000000, 0.000000000000000000 ) ;
#459 = PLANE ( 'NONE',  #1173 ) ;
#460 = VERTEX_POINT ( 'NONE', #2642 ) ;
#461 = EDGE_CURVE ( 'NONE', #1373, #78, #304, .T. ) ;
#462 = EDGE_CURVE ( 'NONE', #1757, #389, #1276, .T. ) ;
#463 = ORIENTED_EDGE ( 'NONE', *, *, #1462, .T. ) ;
#464 = FACE_OUTER_BOUND ( 'NONE', #2321, .T. ) ;
#465 = CARTESIAN_POINT ( 'NONE',  ( 8.230377853720026948, 16.79294105551519323, 50.16485980727884453 ) ) ;
#466 = LINE ( 'NONE', #3044, #844 ) ;
#467 = DIRECTION ( 'NONE',  ( 0.000000000000000000, 0.000000000000000000, 1.000000000000000000 ) ) ;
#468 = EDGE_CURVE ( 'NONE', #65, #2959, #2644, .T. ) ;
#469 = CIRCLE ( 'NONE', #412, 0.2500000000000023870 ) ;
#470 = EDGE_LOOP ( 'NONE', ( #103, #736, #776, #5 ) ) ;
#471 = ORIENTED_EDGE ( 'NONE', *, *, #3087, .T. ) ;
#472 = CONICAL_SURFACE ( 'NONE', #1883, 0.1399999999999983480, 0.04076687465383467546 ) ;
#473 = CARTESIAN_POINT ( 'NONE',  ( 8.230377853718495729, 17.86111147523355314, 50.34041095209820327 ) ) ;
#474 = DIRECTION ( 'NONE',  ( 5.245148147835137362E-14, 0.000000000000000000, 1.000000000000000000 ) ) ;
#475 = VERTEX_POINT ( 'NONE', #1025 ) ;
#476 = CONICAL_SURFACE ( 'NONE', #1107, 0.1399999999999983480, 0.04076687465383467546 ) ;
#477 = ORIENTED_EDGE ( 'NONE', *, *, #1461, .F. ) ;
#478 = CARTESIAN_POINT ( 'NONE',  ( 6.708528947724155422, 17.88381554938777640, 50.20226420035682935 ) ) ;
#479 = AXIS2_PLACEMENT_3D ( 'NONE', #524, #2801, #2323 ) ;
#480 = AXIS2_PLACEMENT_3D ( 'NONE', #1110, #2173, #3204 ) ;
#481 = VERTEX_POINT ( 'NONE', #1351 ) ;
#482 = VECTOR ( 'NONE', #600, 39.37007874015748143 ) ;
#483 = DIRECTION ( 'NONE',  ( 0.000000000000000000, -0.1621719582624464862, 0.9867625124381870227 ) ) ;
#484 = FACE_BOUND ( 'NONE', #1496, .T. ) ;
#485 = CARTESIAN_POINT ( 'NONE',  ( 8.338488262612315793, 16.95215169181536297, 53.11171275051439977 ) ) ;
#486 = DIRECTION ( 'NONE',  ( -0.000000000000000000, 0.9867625124381881330, 0.1621719582624403244 ) ) ;
#487 = AXIS2_PLACEMENT_3D ( 'NONE', #633, #111, #1134 ) ;
#488 = VERTEX_POINT ( 'NONE', #841 ) ;
#489 = ORIENTED_EDGE ( 'NONE', *, *, #1548, .T. ) ;
#490 = ADVANCED_FACE ( 'NONE', ( #96 ), #2966, .T. ) ;
#491 = DIRECTION ( 'NONE',  ( -0.000000000000000000, 0.9867625124381881330, 0.1621719582624398803 ) ) ;
#492 = CYLINDRICAL_SURFACE ( 'NONE', #1799, 0.2499999999999966693 ) ;
#493 = CARTESIAN_POINT ( 'NONE',  ( 8.156370665287145272, 16.81857590275938463, 51.68919543456222243 ) ) ;
#494 = ORIENTED_EDGE ( 'NONE', *, *, #361, .T. ) ;
#495 = ORIENTED_EDGE ( 'NONE', *, *, #2486, .F. ) ;
#496 = LINE ( 'NONE', #2036, #1343 ) ;
#497 = DIRECTION ( 'NONE',  ( 1.000000000000000000, 1.518556440322763995E-14, 1.441592771895973066E-15 ) ) ;
#498 = PLANE ( 'NONE',  #3234 ) ;
#499 = DIRECTION ( 'NONE',  ( 0.000000000000000000, 0.000000000000000000, -1.000000000000000000 ) ) ;
#500 = DIRECTION ( 'NONE',  ( -0.000000000000000000, 0.9867625124381881330, 0.1621719582624398803 ) ) ;
#501 = ORIENTED_EDGE ( 'NONE', *, *, #1556, .F. ) ;
#502 = CARTESIAN_POINT ( 'NONE',  ( 6.971167575514448878, 17.58342355453093830, 50.04141986744826198 ) ) ;
#503 = DIRECTION ( 'NONE',  ( 0.000000000000000000, -0.9867625124381883550, -0.1621719582624384370 ) ) ;
#504 = VERTEX_POINT ( 'NONE', #60 ) ;
#505 = EDGE_CURVE ( 'NONE', #1327, #2376, #1118, .T. ) ;
#506 = CARTESIAN_POINT ( 'NONE',  ( 8.230377853720035830, 17.86111147523100229, 50.34041095209817485 ) ) ;
#507 = LINE ( 'NONE', #2877, #314 ) ;
#508 = DIRECTION ( 'NONE',  ( 0.000000000000000000, -0.9867625124381881330, -0.1621719582624398803 ) ) ;
#509 = FACE_OUTER_BOUND ( 'NONE', #671, .T. ) ;
#510 = EDGE_CURVE ( 'NONE', #2959, #1151, #2056, .T. ) ;
#511 = DIRECTION ( 'NONE',  ( 0.000000000000000000, -0.1621719582624369937, 0.9867625124381886881 ) ) ;
#512 = LINE ( 'NONE', #2610, #1103 ) ;
#513 = ORIENTED_EDGE ( 'NONE', *, *, #994, .T. ) ;
#514 = PLANE ( 'NONE',  #1005 ) ;
#515 = DIRECTION ( 'NONE',  ( 3.059669752903945459E-14, -0.1621719582624386313, 0.9867625124381884660 ) ) ;
#516 = FACE_OUTER_BOUND ( 'NONE', #2339, .T. ) ;
#517 = VERTEX_POINT ( 'NONE', #3193 ) ;
#518 = VECTOR ( 'NONE', #1033, 39.37007874015748854 ) ;
#519 =( LENGTH_UNIT ( ) NAMED_UNIT ( * ) SI_UNIT ( $, .METRE. ) );
#520 = VECTOR ( 'NONE', #758, 39.37007874015748143 ) ;
#521 = EDGE_CURVE ( 'NONE', #1357, #767, #2416, .T. ) ;
#522 = EDGE_CURVE ( 'NONE', #2571, #2317, #1380, .T. ) ;
#523 = VECTOR ( 'NONE', #48, 39.37007874015748143 ) ;
#524 = CARTESIAN_POINT ( 'NONE',  ( 8.082363476853968720, 16.99962584571736457, 53.23907314527183843 ) ) ;
#525 = CARTESIAN_POINT ( 'NONE',  ( 6.477125553183425311, 17.78722925865178439, 50.78995970538016280 ) ) ;
#526 = ORIENTED_EDGE ( 'NONE', *, *, #2406, .T. ) ;
#527 = AXIS2_PLACEMENT_3D ( 'NONE', #2915, #2112, #2673 ) ;
#528 = CARTESIAN_POINT ( 'NONE',  ( 7.643988549685037270, 17.39572526790175999, 53.55752486491297049 ) ) ;
#529 = CARTESIAN_POINT ( 'NONE',  ( 8.405796224028746266, 17.31859731355100962, 50.83699757587897494 ) ) ;
#530 = CARTESIAN_POINT ( 'NONE',  ( 8.293985814064729567, 16.93162585442395596, 52.85121226955338614 ) ) ;
#531 = VERTEX_POINT ( 'NONE', #601 ) ;
#532 = CARTESIAN_POINT ( 'NONE',  ( -11480.11124920966722, 18.39503572089623873, 50.17480630308048717 ) ) ;
#533 = DIRECTION ( 'NONE',  ( 1.270679215567811385E-14, -0.9867625124381885771, -0.1621719582624382150 ) ) ;
#534 = EDGE_CURVE ( 'NONE', #3325, #2583, #2498, .T. ) ;
#535 = ADVANCED_FACE ( 'NONE', ( #569 ), #3184, .F. ) ;
#536 = DIRECTION ( 'NONE',  ( -0.000000000000000000, 0.9867625124381881330, 0.1621719582624403244 ) ) ;
#537 = DIRECTION ( 'NONE',  ( 0.000000000000000000, -0.1621719582624395750, 0.9867625124381881330 ) ) ;
#538 = VERTEX_POINT ( 'NONE', #620 ) ;
#539 = DIRECTION ( 'NONE',  ( 0.000000000000000000, 0.1621719582624382983, -0.9867625124381884660 ) ) ;
#540 = CARTESIAN_POINT ( 'NONE',  ( 8.359684738183501551, 17.30895518240354747, 50.88159320208032455 ) ) ;
#541 = FACE_OUTER_BOUND ( 'NONE', #2546, .T. ) ;
#542 = ORIENTED_EDGE ( 'NONE', *, *, #1356, .T. ) ;
#543 = CARTESIAN_POINT ( 'NONE',  ( 7.242364598190029312, 17.32101841993744529, 52.86221524049722120 ) ) ;
#544 = SURFACE_STYLE_FILL_AREA ( #17 ) ;
#545 = LINE ( 'NONE', #1596, #622 ) ;
#546 = EDGE_CURVE ( 'NONE', #2175, #2758, #2157, .T. ) ;
#547 = ORIENTED_EDGE ( 'NONE', *, *, #837, .T. ) ;
#548 = VERTEX_POINT ( 'NONE', #809 ) ;
#549 = FACE_OUTER_BOUND ( 'NONE', #1376, .T. ) ;
#550 = ADVANCED_FACE ( 'NONE', ( #586 ), #472, .F. ) ;
#551 = CARTESIAN_POINT ( 'NONE',  ( 8.411208404179769005, 17.26351197093582002, 50.83179546234642743 ) ) ;
#552 = EDGE_CURVE ( 'NONE', #174, #2365, #819, .T. ) ;
#553 = DIRECTION ( 'NONE',  ( 0.000000000000000000, -0.1621719582624369937, 0.9867625124381886881 ) ) ;
#554 = ORIENTED_EDGE ( 'NONE', *, *, #1693, .F. ) ;
#555 = CARTESIAN_POINT ( 'NONE',  ( 6.560514570858901884, 16.99962584571740010, 53.23907314527184553 ) ) ;
#556 = VECTOR ( 'NONE', #1366, 39.37007874015748854 ) ;
#557 = CARTESIAN_POINT ( 'NONE',  ( 6.708528947724146541, 16.81086105690317822, 50.05582254965442246 ) ) ;
#558 = CARTESIAN_POINT ( 'NONE',  ( 6.320031151102417866, 17.21384811234328183, 53.06678499245757052 ) ) ;
#559 = ORIENTED_EDGE ( 'NONE', *, *, #167, .F. ) ;
#560 = ORIENTED_EDGE ( 'NONE', *, *, #742, .T. ) ;
#561 = AXIS2_PLACEMENT_3D ( 'NONE', #2518, #1423, #1700 ) ;
#562 = CIRCLE ( 'NONE', #3371, 0.2500000000000023870 ) ;
#563 = AXIS2_PLACEMENT_3D ( 'NONE', #3236, #1704, #1190 ) ;
#564 = CARTESIAN_POINT ( 'NONE',  ( 6.452074001687977400, 17.79424499474421495, 50.74727128102281881 ) ) ;
#565 = EDGE_LOOP ( 'NONE', ( #965, #3110 ) ) ;
#566 = VECTOR ( 'NONE', #2821, 39.37007874015748854 ) ;
#567 = DIRECTION ( 'NONE',  ( 0.000000000000000000, 0.1621719582626633405, -0.9867625124381514956 ) ) ;
#568 = CARTESIAN_POINT ( 'NONE',  ( 8.520497813398586473, 17.28189477698420262, 50.71994219205182475 ) ) ;
#569 = FACE_OUTER_BOUND ( 'NONE', #1973, .T. ) ;
#570 = ORIENTED_EDGE ( 'NONE', *, *, #406, .T. ) ;
#571 = CIRCLE ( 'NONE', #2355, 0.1399999999999983480 ) ;
#572 = EDGE_CURVE ( 'NONE', #3025, #1333, #1903, .T. ) ;
#573 = LINE ( 'NONE', #27, #1517 ) ;
#574 = CARTESIAN_POINT ( 'NONE',  ( 6.928113959780833220, 17.55313444497134512, 50.92077189426598949 ) ) ;
#575 = FACE_OUTER_BOUND ( 'NONE', #359, .T. ) ;
#576 = AXIS2_PLACEMENT_3D ( 'NONE', #2901, #2417, #2889 ) ;
#577 = CARTESIAN_POINT ( 'NONE',  ( 7.938276449489475972, 17.60761428518430094, 50.91886941632376562 ) ) ;
#578 = VERTEX_POINT ( 'NONE', #2161 ) ;
#579 = VERTEX_POINT ( 'NONE', #2899 ) ;
#580 = CARTESIAN_POINT ( 'NONE',  ( 6.708528947722082414, 17.90165446479460698, 50.09372032398829333 ) ) ;
#581 = ADVANCED_FACE ( 'NONE', ( #1885 ), #1402, .F. ) ;
#582 = ORIENTED_EDGE ( 'NONE', *, *, #2502, .T. ) ;
#583 = CARTESIAN_POINT ( 'NONE',  ( 6.634521759291474474, 17.04246515353991853, 51.86847723337706384 ) ) ;
#584 = DIRECTION ( 'NONE',  ( 2.522250684851303850E-15, 0.1621719582624281397, -0.9867625124381901314 ) ) ;
#585 = CARTESIAN_POINT ( 'NONE',  ( 8.344024266912077437, 17.41192448616882160, 53.07356461584419094 ) ) ;
#586 = FACE_OUTER_BOUND ( 'NONE', #1898, .T. ) ;
#587 = LINE ( 'NONE', #1643, #1998 ) ;
#588 = ORIENTED_EDGE ( 'NONE', *, *, #3352, .T. ) ;
#589 = CARTESIAN_POINT ( 'NONE',  ( 8.230377853720053594, 17.94070413364575245, 50.24150944186503409 ) ) ;
#590 = DIRECTION ( 'NONE',  ( 2.522250684851303850E-15, 0.1621719582624281397, -0.9867625124381901314 ) ) ;
#591 = ORIENTED_EDGE ( 'NONE', *, *, #386, .T. ) ;
#592 = ADVANCED_FACE ( 'NONE', ( #1609 ), #76, .F. ) ;
#593 = EDGE_CURVE ( 'NONE', #3030, #2086, #337, .T. ) ;
#594 = ORIENTED_EDGE ( 'NONE', *, *, #3156, .F. ) ;
#595 = VERTEX_POINT ( 'NONE', #1936 ) ;
#596 = DIRECTION ( 'NONE',  ( -1.521858939388606170E-14, 0.9867625124381884660, 0.1621719582624380762 ) ) ;
#597 = ORIENTED_EDGE ( 'NONE', *, *, #2082, .F. ) ;
#598 = CARTESIAN_POINT ( 'NONE',  ( 6.440604901371057345, 17.53633867902465227, 50.71330908444416963 ) ) ;
#599 = CARTESIAN_POINT ( 'NONE',  ( 8.156370665287145272, 16.54968311812156045, 51.64500357593596647 ) ) ;
#600 = DIRECTION ( 'NONE',  ( -0.000000000000000000, 0.9867625124381882440, 0.1621719582624388256 ) ) ;
#601 = CARTESIAN_POINT ( 'NONE',  ( 6.708528947724174074, 17.90486413087034023, 50.45958395711397060 ) ) ;
#602 = DIRECTION ( 'NONE',  ( 0.006297178994492658860, 0.9993710116692211542, 0.03489880473524465537 ) ) ;
#603 = EDGE_LOOP ( 'NONE', ( #1777, #3131, #2994, #221 ) ) ;
#604 = ORIENTED_EDGE ( 'NONE', *, *, #1055, .F. ) ;
#605 = DIRECTION ( 'NONE',  ( -5.594340924136940352E-15, -0.9867625124381896873, -0.1621719582624304989 ) ) ;
#606 = LINE ( 'NONE', #2921, #34 ) ;
#607 = CARTESIAN_POINT ( 'NONE',  ( 6.380945141588052927, 17.18574412031635745, 52.84656054977585882 ) ) ;
#608 = ORIENTED_EDGE ( 'NONE', *, *, #2983, .F. ) ;
#609 = CLOSED_SHELL ( 'NONE', ( #592, #1150, #1875, #1479, #106, #2636, #1093, #3333, #2240, #2485, #2587, #1598, #664, #247, #2358 ) ) ;
#610 = DIRECTION ( 'NONE',  ( 2.622574073917667762E-14, -0.1621719582624386313, 0.9867625124381884660 ) ) ;
#611 = CIRCLE ( 'NONE', #882, 0.1774999999999972156 ) ;
#612 = VERTEX_POINT ( 'NONE', #3323 ) ;
#613 = CIRCLE ( 'NONE', #363, 0.1105000000000027904 ) ;
#614 = EDGE_CURVE ( 'NONE', #2758, #2840, #2235, .T. ) ;
#615 = DIRECTION ( 'NONE',  ( 4.991119498920738980E-18, 0.9925520697018206384, 0.1218211349915610253 ) ) ;
#616 = VERTEX_POINT ( 'NONE', #2030 ) ;
#617 = CARTESIAN_POINT ( 'NONE',  ( 6.525724926232900458, 17.51151523526607789, 50.86435149643426712 ) ) ;
#618 = FACE_BOUND ( 'NONE', #984, .T. ) ;
#619 = CARTESIAN_POINT ( 'NONE',  ( 7.068143097142536746, 17.47614467760736190, 53.57074159435887140 ) ) ;
#620 = CARTESIAN_POINT ( 'NONE',  ( 6.634521759291474474, 16.57248449545324576, 51.50626476668713849 ) ) ;
#621 = ORIENTED_EDGE ( 'NONE', *, *, #1471, .T. ) ;
#622 = VECTOR ( 'NONE', #2648, 39.37007874015748143 ) ;
#623 = LINE ( 'NONE', #2516, #1880 ) ;
#624 = DIRECTION ( 'NONE',  ( 0.04927818435184643658, 0.1619749342972593154, -0.9855636870372121994 ) ) ;
#625 = AXIS2_PLACEMENT_3D ( 'NONE', #506, #3350, #2076 ) ;
#626 = CARTESIAN_POINT ( 'NONE',  ( 6.449734331688321554, 17.17942524262724646, 52.88500882219810961 ) ) ;
#627 = VERTEX_POINT ( 'NONE', #1211 ) ;
#628 = CIRCLE ( 'NONE', #1297, 0.1406000000000001138 ) ;
#629 = FACE_OUTER_BOUND ( 'NONE', #3227, .T. ) ;
#630 = AXIS2_PLACEMENT_3D ( 'NONE', #19, #788, #1041 ) ;
#631 = ORIENTED_EDGE ( 'NONE', *, *, #836, .F. ) ;
#632 = CYLINDRICAL_SURFACE ( 'NONE', #2228, 0.1105000000000027904 ) ;
#633 = CARTESIAN_POINT ( 'NONE',  ( 6.634521759291474474, 16.54968311812154624, 51.64500357593595226 ) ) ;
#634 = EDGE_CURVE ( 'NONE', #3172, #1252, #3007, .T. ) ;
#635 = EDGE_CURVE ( 'NONE', #1201, #2462, #2254, .T. ) ;
#636 = VERTEX_POINT ( 'NONE', #3264 ) ;
#637 =( BOUNDED_CURVE ( )  B_SPLINE_CURVE ( 3, ( #2750, #2268, #2964, #649 ),
 .UNSPECIFIED., .F., .T. ) 
 B_SPLINE_CURVE_WITH_KNOTS ( ( 4, 4 ),
 ( 3.339390590668366965, 4.712388980383720671 ),
 .UNSPECIFIED. ) 
 CURVE ( )  GEOMETRIC_REPRESENTATION_ITEM ( )  RATIONAL_B_SPLINE_CURVE ( ( 1.000000000000000000, 0.8489797846903656131, 0.8489797846903656131, 1.000000000000000000 ) ) 
 REPRESENTATION_ITEM ( '' )  );
#638 = CARTESIAN_POINT ( 'NONE',  ( 6.435474253281215695, 17.54456121667461588, 50.75568858754029122 ) ) ;
#639 = DIRECTION ( 'NONE',  ( 1.748382715945107003E-14, -1.000000000000000000, 0.000000000000000000 ) ) ;
#640 = CARTESIAN_POINT ( 'NONE',  ( 6.634521759291485132, 17.03648100828007017, 51.90488877008583302 ) ) ;
#641 = ORIENTED_EDGE ( 'NONE', *, *, #697, .T. ) ;
#642 = FACE_BOUND ( 'NONE', #53, .T. ) ;
#643 = PRODUCT_RELATED_PRODUCT_CATEGORY ( 'part', '', ( #1126 ) ) ;
#644 = DIRECTION ( 'NONE',  ( -1.000000000000000000, -6.504113906681127257E-15, -1.138429840251974668E-15 ) ) ;
#645 = CARTESIAN_POINT ( 'NONE',  ( 6.708528947724174074, 18.33657273006098620, 50.53053418885362191 ) ) ;
#646 = ADVANCED_FACE ( 'NONE', ( #1467 ), #1957, .F. ) ;
#647 = ORIENTED_EDGE ( 'NONE', *, *, #925, .F. ) ;
#648 = CARTESIAN_POINT ( 'NONE',  ( 6.411080591269277207, 17.52105463455875878, 50.80630741954399099 ) ) ;
#649 = CARTESIAN_POINT ( 'NONE',  ( 6.925090452578318789, 17.49364300649164505, 50.97309807356311495 ) ) ;
#650 = DIRECTION ( 'NONE',  ( -5.592750594078180438E-15, -0.9867625124381896873, -0.1621719582624304989 ) ) ;
#651 = LINE ( 'NONE', #3245, #2500 ) ;
#652 = LINE ( 'NONE', #1697, #2444 ) ;
#653 = VERTEX_POINT ( 'NONE', #3045 ) ;
#654 = PLANE ( 'NONE',  #2441 ) ;
#655 = CARTESIAN_POINT ( 'NONE',  ( 8.156370665287145272, 17.11460465649084384, 51.73784702204095254 ) ) ;
#656 = LINE ( 'NONE', #3289, #2712 ) ;
#657 = ORIENTED_EDGE ( 'NONE', *, *, #1968, .F. ) ;
#658 = VERTEX_POINT ( 'NONE', #2803 ) ;
#659 = CYLINDRICAL_SURFACE ( 'NONE', #1223, 0.2500000000000018874 ) ;
#660 = VECTOR ( 'NONE', #605, 39.37007874015748143 ) ;
#661 = AXIS2_PLACEMENT_3D ( 'NONE', #2130, #2194, #1920 ) ;
#662 = CARTESIAN_POINT ( 'NONE',  ( 6.634521759291485132, 17.33088804242890291, 51.96340798268894190 ) ) ;
#663 = ORIENTED_EDGE ( 'NONE', *, *, #2958, .F. ) ;
#664 = ADVANCED_FACE ( 'NONE', ( #2992 ), #2210, .T. ) ;
#665 = DIRECTION ( 'NONE',  ( -0.000000000000000000, 0.9867625124381883550, 0.1621719582624384370 ) ) ;
#666 = CARTESIAN_POINT ( 'NONE',  ( 8.230377853720035830, 17.86111147523100229, 50.34041095209817485 ) ) ;
#667 = AXIS2_PLACEMENT_3D ( 'NONE', #1318, #1821, #3363 ) ;
#668 = LINE ( 'NONE', #2773, #156 ) ;
#669 = CARTESIAN_POINT ( 'NONE',  ( -15744.00179581791599, 17.33405261078221216, 53.54738911746615315 ) ) ;
#670 = ORIENTED_EDGE ( 'NONE', *, *, #1525, .F. ) ;
#671 = EDGE_LOOP ( 'NONE', ( #2888, #130, #1263, #1793 ) ) ;
#672 = DIRECTION ( 'NONE',  ( 1.000000000000000000, 2.483265911745832572E-14, -5.725777498525036180E-14 ) ) ;
#673 = AXIS2_PLACEMENT_3D ( 'NONE', #599, #839, #1349 ) ;
#674 = CARTESIAN_POINT ( 'NONE',  ( 6.324109199056441533, 17.17847746488235572, 52.98298435166342557 ) ) ;
#675 = VERTEX_POINT ( 'NONE', #703 ) ;
#676 = CIRCLE ( 'NONE', #1566, 0.1105000000000027904 ) ;
#677 = EDGE_CURVE ( 'NONE', #2758, #2175, #1835, .T. ) ;
#678 = EDGE_CURVE ( 'NONE', #2086, #2926, #613, .T. ) ;
#679 = EDGE_LOOP ( 'NONE', ( #320, #513 ) ) ;
#680 = VECTOR ( 'NONE', #644, 39.37007874015748143 ) ;
#681 = FACE_OUTER_BOUND ( 'NONE', #1513, .T. ) ;
#682 = DIRECTION ( 'NONE',  ( -0.000000000000000000, 0.9867625124381883550, 0.1621719582624385203 ) ) ;
#683 = CIRCLE ( 'NONE', #2409, 0.1399999999999983480 ) ;
#684 = CYLINDRICAL_SURFACE ( 'NONE', #957, 0.1406000000000001138 ) ;
#685 = EDGE_LOOP ( 'NONE', ( #2106, #330, #2316, #3251 ) ) ;
#686 = CARTESIAN_POINT ( 'NONE',  ( 6.322359636967926022, 17.41452929163310870, 53.05771523956410363 ) ) ;
#687 = DIRECTION ( 'NONE',  ( 0.000000000000000000, 0.1621719582624398803, -0.9867625124381881330 ) ) ;
#688 = EDGE_CURVE ( 'NONE', #2462, #3360, #926, .T. ) ;
#689 = CARTESIAN_POINT ( 'NONE',  ( 7.938276449489475972, 17.60761428518430094, 50.91886941632376562 ) ) ;
#690 = DIRECTION ( 'NONE',  ( -5.594340924136938774E-15, -0.9867625124381896873, -0.1621719582624304712 ) ) ;
#691 = ORIENTED_EDGE ( 'NONE', *, *, #386, .F. ) ;
#692 = ORIENTED_EDGE ( 'NONE', *, *, #3057, .T. ) ;
#693 = CARTESIAN_POINT ( 'NONE',  ( 7.820253994955881360, 16.94740093322139884, 52.81394508872426030 ) ) ;
#694 = FACE_BOUND ( 'NONE', #2577, .T. ) ;
#695 = ORIENTED_EDGE ( 'NONE', *, *, #2637, .F. ) ;
#696 = EDGE_CURVE ( 'NONE', #2961, #761, #1195, .T. ) ;
#697 = EDGE_CURVE ( 'NONE', #81, #612, #1155, .T. ) ;
#698 = LINE ( 'NONE', #2784, #523 ) ;
#699 = ORIENTED_EDGE ( 'NONE', *, *, #2535, .F. ) ;
#700 = CARTESIAN_POINT ( 'NONE',  ( 6.362266290376870970, 17.42783394146128018, 52.97676086352881697 ) ) ;
#701 = DIRECTION ( 'NONE',  ( -0.04862741781208584219, 0.000000000000000000, 0.9988169873590100334 ) ) ;
#702 = DIRECTION ( 'NONE',  ( 0.000000000000000000, -0.1621719582624454037, 0.9867625124381872448 ) ) ;
#703 = CARTESIAN_POINT ( 'NONE',  ( 6.310818297792025078, 16.30842306564183275, 53.11299087834363775 ) ) ;
#704 = CARTESIAN_POINT ( 'NONE',  ( 6.690432421757724235, 17.60761428518245708, 50.91886941632389352 ) ) ;
#705 = ORIENTED_EDGE ( 'NONE', *, *, #2138, .T. ) ;
#706 = ORIENTED_EDGE ( 'NONE', *, *, #3101, .F. ) ;
#707 = CARTESIAN_POINT ( 'NONE',  ( 7.836285725223143039, 16.99863688568857611, 52.85095742925133067 ) ) ;
#708 = DIRECTION ( 'NONE',  ( -0.000000000000000000, 0.9867625124381881330, 0.1621719582624398803 ) ) ;
#709 = EDGE_LOOP ( 'NONE', ( #2744, #1652 ) ) ;
#710 = ORIENTED_EDGE ( 'NONE', *, *, #836, .T. ) ;
#711 = CARTESIAN_POINT ( 'NONE',  ( 15752.41947736544535, 17.78722925890627593, 50.78995970448339392 ) ) ;
#712 = CARTESIAN_POINT ( 'NONE',  ( 6.568783638333929531, 17.25497303989195075, 52.85990888500464990 ) ) ;
#713 = ORIENTED_EDGE ( 'NONE', *, *, #224, .F. ) ;
#714 = ORIENTED_EDGE ( 'NONE', *, *, #505, .F. ) ;
#715 = EDGE_CURVE ( 'NONE', #3064, #2185, #2011, .T. ) ;
#716 = EDGE_CURVE ( 'NONE', #3344, #2274, #651, .T. ) ;
#717 = CYLINDRICAL_SURFACE ( 'NONE', #2074, 0.1105000000000027904 ) ;
#718 = CARTESIAN_POINT ( 'NONE',  ( 8.332059749922748892, 17.37259771552670529, 53.31285495566207544 ) ) ;
#719 = LINE ( 'NONE', #1539, #2815 ) ;
#720 = CARTESIAN_POINT ( 'NONE',  ( 8.082363476854277806, 17.86797685665792912, 53.38178446854376347 ) ) ;
#721 = AXIS2_PLACEMENT_3D ( 'NONE', #755, #1819, #2852 ) ;
#722 = ORIENTED_EDGE ( 'NONE', *, *, #2566, .T. ) ;
#723 = VERTEX_POINT ( 'NONE', #1709 ) ;
#724 = CIRCLE ( 'NONE', #144, 0.1875000000000040801 ) ;
#725 = CARTESIAN_POINT ( 'NONE',  ( 6.560514570855867866, 17.33405261087423099, 53.54738911752153285 ) ) ;
#726 = CARTESIAN_POINT ( 'NONE',  ( -15744.00179581793054, 16.26588219104527155, 53.37183797264336249 ) ) ;
#727 = CARTESIAN_POINT ( 'NONE',  ( 8.163759064107521723, 16.93050882633928467, 52.85800901451551681 ) ) ;
#728 = ORIENTED_EDGE ( 'NONE', *, *, #2659, .T. ) ;
#729 = VECTOR ( 'NONE', #911, 39.37007874015748854 ) ;
#730 = VERTEX_POINT ( 'NONE', #640 ) ;
#731 = SURFACE_SIDE_STYLE ('',( #544 ) ) ;
#732 = CIRCLE ( 'NONE', #673, 0.1406000000000001138 ) ;
#733 = ADVANCED_FACE ( 'NONE', ( #2543 ), #1228, .F. ) ;
#734 = AXIS2_PLACEMENT_3D ( 'NONE', #735, #2796, #30 ) ;
#735 = CARTESIAN_POINT ( 'NONE',  ( 6.708528947724174074, 17.92278413225833944, 50.35054669948954853 ) ) ;
#736 = ORIENTED_EDGE ( 'NONE', *, *, #468, .F. ) ;
#737 = ORIENTED_EDGE ( 'NONE', *, *, #1048, .T. ) ;
#738 = ORIENTED_EDGE ( 'NONE', *, *, #1962, .F. ) ;
#739 = AXIS2_PLACEMENT_3D ( 'NONE', #1194, #2949, #95 ) ;
#740 = DIRECTION ( 'NONE',  ( -0.000000000000000000, 0.9867625124381881330, 0.1621719582624398803 ) ) ;
#741 = PLANE ( 'NONE',  #479 ) ;
#742 = EDGE_CURVE ( 'NONE', #2278, #1201, #2291, .T. ) ;
#743 = CARTESIAN_POINT ( 'NONE',  ( 6.689903892204048574, 17.55313444497450348, 50.92077189426574790 ) ) ;
#744 = AXIS2_PLACEMENT_3D ( 'NONE', #2894, #319, #537 ) ;
#745 = VERTEX_POINT ( 'NONE', #145 ) ;
#746 = VERTEX_POINT ( 'NONE', #2752 ) ;
#747 = CARTESIAN_POINT ( 'NONE',  ( 6.708528947724155422, 17.46595131170084869, 50.40163754075700098 ) ) ;
#748 = CYLINDRICAL_SURFACE ( 'NONE', #2078, 0.2500000000000737743 ) ;
#749 = CARTESIAN_POINT ( 'NONE',  ( 8.156370665287145272, 17.08419741431663397, 51.92286499312312031 ) ) ;
#750 = ORIENTED_EDGE ( 'NONE', *, *, #2733, .T. ) ;
#751 =( BOUNDED_SURFACE ( )  B_SPLINE_SURFACE ( 3, 2, ( 
 ( #2898, #3145, #774 ),
 ( #3174, #1902, #336 ),
 ( #2160, #1065, #2614 ),
 ( #3162, #1365, #2430 ) ),
 .UNSPECIFIED., .F., .F., .T. ) 
 B_SPLINE_SURFACE_WITH_KNOTS ( ( 4, 4 ),
 ( 3, 3 ),
 ( 6.234290683425678381, 6.283185307179587120 ),
 ( 0.000000000000000000, 1.000000000000000000 ),
 .UNSPECIFIED. ) 
 GEOMETRIC_REPRESENTATION_ITEM ( )  RATIONAL_B_SPLINE_SURFACE ( (
 ( 1.000000000000000000, 0.6604408934801849762, 1.000000000000000000),
 ( 1.000000000000000000, 0.6604023601441327829, 1.000000000000000000),
 ( 1.000000000000000000, 0.6603830799296634968, 1.000000000000000000),
 ( 1.000000000000000000, 0.6603830809337039032, 1.000000000000000000) ) ) 
 REPRESENTATION_ITEM ( '' )  SURFACE ( )  );
#752 = PRESENTATION_STYLE_ASSIGNMENT (( #1535 ) ) ;
#753 = VERTEX_POINT ( 'NONE', #421 ) ;
#754 = CARTESIAN_POINT ( 'NONE',  ( 8.230377853720053594, 18.35449273144893922, 50.42149693122919274 ) ) ;
#755 = CARTESIAN_POINT ( 'NONE',  ( 6.708528947724174074, 18.35449273144898541, 50.42149693122919984 ) ) ;
#756 = ORIENTED_EDGE ( 'NONE', *, *, #2127, .T. ) ;
#757 = ORIENTED_EDGE ( 'NONE', *, *, #443, .T. ) ;
#758 = DIRECTION ( 'NONE',  ( -0.03486611143713302247, -0.8119253981476645121, 0.5827190593382113315 ) ) ;
#759 = CARTESIAN_POINT ( 'NONE',  ( 7.919595612236363991, 17.27114188789197868, 50.93650864846551229 ) ) ;
#760 = CARTESIAN_POINT ( 'NONE',  ( 8.166684815834662103, 17.00121207790844835, 52.86114795234637143 ) ) ;
#761 = VERTEX_POINT ( 'NONE', #1450 ) ;
#762 = ORIENTED_EDGE ( 'NONE', *, *, #2265, .F. ) ;
#763 = EDGE_CURVE ( 'NONE', #2557, #1151, #1239, .T. ) ;
#764 = CARTESIAN_POINT ( 'NONE',  ( 8.082363476853931417, 17.45418825885554881, 53.20179697917792083 ) ) ;
#765 = CYLINDRICAL_SURFACE ( 'NONE', #2352, 0.2500000000000737743 ) ;
#766 = PLANE ( 'NONE',  #261 ) ;
#767 = VERTEX_POINT ( 'NONE', #3358 ) ;
#768 = DIRECTION ( 'NONE',  ( -2.185478394931389749E-14, 0.1621719582624386313, -0.9867625124381884660 ) ) ;
#769 = CARTESIAN_POINT ( 'NONE',  ( 6.560514570858873462, 17.86797685666186553, 53.38178446854258397 ) ) ;
#770 = EDGE_CURVE ( 'NONE', #2519, #2536, #218, .T. ) ;
#771 = ORIENTED_EDGE ( 'NONE', *, *, #688, .T. ) ;
#772 = DIRECTION ( 'NONE',  ( 0.000000000000000000, -0.9867625124381883550, -0.1621719582624388256 ) ) ;
#773 = VECTOR ( 'NONE', #1530, 39.37007874015748143 ) ;
#774 = CARTESIAN_POINT ( 'NONE',  ( 8.089045235967240899, 17.00306500835421275, 52.85111206270220663 ) ) ;
#775 = CARTESIAN_POINT ( 'NONE',  ( 8.252987481166226047, 16.99188533977794791, 52.90921374355004048 ) ) ;
#776 = ORIENTED_EDGE ( 'NONE', *, *, #1826, .F. ) ;
#777 = VERTEX_POINT ( 'NONE', #2046 ) ;
#778 = LENGTH_MEASURE_WITH_UNIT ( LENGTH_MEASURE( 0.02539999999999999897 ), #1888 );
#779 = DIRECTION ( 'NONE',  ( -0.04927818435184642964, -0.1619749342972593154, 0.9855636870372121994 ) ) ;
#780 = EDGE_CURVE ( 'NONE', #636, #2243, #1553, .T. ) ;
#781 = VECTOR ( 'NONE', #2111, 39.37007874015748143 ) ;
#782 = EDGE_CURVE ( 'NONE', #579, #354, #719, .T. ) ;
#783 = VERTEX_POINT ( 'NONE', #2594 ) ;
#784 = CIRCLE ( 'NONE', #318, 0.1774999999999972156 ) ;
#785 = CIRCLE ( 'NONE', #734, 0.1105000000000027904 ) ;
#786 = CIRCLE ( 'NONE', #2171, 0.1105000000000027904 ) ;
#787 = DIRECTION ( 'NONE',  ( -1.005147185947862494E-14, 0.9867625124381884660, 0.1621719582624382983 ) ) ;
#788 = DIRECTION ( 'NONE',  ( -0.000000000000000000, 0.9867625124381881330, 0.1621719582624398803 ) ) ;
#789 = VERTEX_POINT ( 'NONE', #2344 ) ;
#790 = CIRCLE ( 'NONE', #2713, 0.2500000000000023870 ) ;
#791 = EDGE_CURVE ( 'NONE', #1030, #810, #1270, .T. ) ;
#792 = CARTESIAN_POINT ( 'NONE',  ( 6.431391011036101446, 17.51635172720748557, 50.83492304905260539 ) ) ;
#793 = CARTESIAN_POINT ( 'NONE',  ( 6.708528947724155422, 17.48614172050452353, 50.27878560795844720 ) ) ;
#794 = CARTESIAN_POINT ( 'NONE',  ( 8.397252375105599853, 17.24868375797497322, 50.92202021410509616 ) ) ;
#795 = CARTESIAN_POINT ( 'NONE',  ( 8.132494969371377280, 16.93174756900697986, 52.85047167668584933 ) ) ;
#796 = ORIENTED_EDGE ( 'NONE', *, *, #4, .T. ) ;
#797 = DIRECTION ( 'NONE',  ( -1.476329634149815500E-16, -0.9867625124381900203, -0.1621719582624281120 ) ) ;
#798 = DIRECTION ( 'NONE',  ( 0.000000000000000000, -0.9993908270190955401, 0.03489949670250597907 ) ) ;
#799 = ORIENTED_EDGE ( 'NONE', *, *, #2038, .F. ) ;
#800 = ORIENTED_EDGE ( 'NONE', *, *, #2633, .F. ) ;
#801 = EDGE_CURVE ( 'NONE', #723, #2961, #3377, .T. ) ;
#802 = ADVANCED_FACE ( 'NONE', ( #3113 ), #3126, .F. ) ;
#803 = EDGE_CURVE ( 'NONE', #1030, #1359, #512, .T. ) ;
#804 = EDGE_CURVE ( 'NONE', #1333, #348, #11, .T. ) ;
#805 = ORIENTED_EDGE ( 'NONE', *, *, #2247, .F. ) ;
#806 = CARTESIAN_POINT ( 'NONE',  ( 6.434673989370297775, 17.53683702373230702, 50.77085671812110945 ) ) ;
#807 = DIRECTION ( 'NONE',  ( -1.748382715945107003E-14, 1.000000000000000000, 0.000000000000000000 ) ) ;
#808 = CARTESIAN_POINT ( 'NONE',  ( 6.936355606447718536, 17.78722925865179150, 50.78995970538013438 ) ) ;
#809 = CARTESIAN_POINT ( 'NONE',  ( 7.819724849066883365, 17.01582170061156418, 53.49508866098167914 ) ) ;
#810 = VERTEX_POINT ( 'NONE', #1834 ) ;
#811 = CARTESIAN_POINT ( 'NONE',  ( 8.338488262612315793, 16.95215169181536297, 53.11171275051439977 ) ) ;
#812 = DIRECTION ( 'NONE',  ( -0.000000000000000000, 0.9867625124381881330, 0.1621719582624403244 ) ) ;
#813 = CARTESIAN_POINT ( 'NONE',  ( 8.082363476853931417, 17.85005685527382013, 53.49082172616700603 ) ) ;
#814 = DIRECTION ( 'NONE',  ( 0.000000000000000000, -0.1621719582624369937, 0.9867625124381886881 ) ) ;
#815 = FILL_AREA_STYLE ('',( #2410 ) ) ;
#816 = EDGE_LOOP ( 'NONE', ( #1390, #2163, #3065, #410 ) ) ;
#817 = CARTESIAN_POINT ( 'NONE',  ( 8.082363476764369281, -15521.91500245387215, -2500.542797142268682 ) ) ;
#818 = CARTESIAN_POINT ( 'NONE',  ( 8.459577275953332531, 17.28889720445392442, 50.67733474624414924 ) ) ;
#819 = LINE ( 'NONE', #2702, #3239 ) ;
#820 = EDGE_LOOP ( 'NONE', ( #3296, #2716, #799, #37, #997, #1795 ) ) ;
#821 = AXIS2_PLACEMENT_3D ( 'NONE', #2887, #1543, #1046 ) ;
#822 = DIRECTION ( 'NONE',  ( -0.000000000000000000, 0.9867625124381884660, 0.1621719582624384648 ) ) ;
#823 = CARTESIAN_POINT ( 'NONE',  ( -15744.00179581791599, 17.42783394136309028, 52.97676086351098235 ) ) ;
#824 = FACE_OUTER_BOUND ( 'NONE', #234, .T. ) ;
#825 = ORIENTED_EDGE ( 'NONE', *, *, #91, .T. ) ;
#826 = EDGE_CURVE ( 'NONE', #1359, #1184, #1316, .T. ) ;
#827 = AXIS2_PLACEMENT_3D ( 'NONE', #2014, #1200, #3066 ) ;
#828 =( BOUNDED_CURVE ( )  B_SPLINE_CURVE ( 3, ( #2309, #447, #192, #1466 ),
 .UNSPECIFIED., .F., .T. ) 
 B_SPLINE_CURVE_WITH_KNOTS ( ( 4, 4 ),
 ( 0.3853604704973564998, 1.000000000000000000 ),
 .UNSPECIFIED. ) 
 CURVE ( )  GEOMETRIC_REPRESENTATION_ITEM ( )  RATIONAL_B_SPLINE_CURVE ( ( 0.9916319705552343322, 0.9899723868116048209, 0.9927617299598601175, 1.000000000000000000 ) ) 
 REPRESENTATION_ITEM ( '' )  );
#829 = ORIENTED_EDGE ( 'NONE', *, *, #1073, .T. ) ;
#830 = LINE ( 'NONE', #2981, #2862 ) ;
#831 = AXIS2_PLACEMENT_3D ( 'NONE', #793, #1588, #1606 ) ;
#832 = DIRECTION ( 'NONE',  ( 0.000000000000000000, -0.1621719582624369937, 0.9867625124381886881 ) ) ;
#833 = AXIS2_PLACEMENT_3D ( 'NONE', #298, #1060, #1599 ) ;
#834 = ORIENTED_EDGE ( 'NONE', *, *, #2782, .T. ) ;
#835 = AXIS2_PLACEMENT_3D ( 'NONE', #1012, #2356, #2588 ) ;
#836 = EDGE_CURVE ( 'NONE', #2475, #2840, #2447, .T. ) ;
#837 = EDGE_CURVE ( 'NONE', #375, #595, #2979, .T. ) ;
#838 = DIRECTION ( 'NONE',  ( -4.432218481120741337E-15, -0.9867625124381900203, -0.1621719582624281397 ) ) ;
#839 = DIRECTION ( 'NONE',  ( -1.005147185947862494E-14, 0.9867625124381884660, 0.1621719582624382983 ) ) ;
#840 = DIRECTION ( 'NONE',  ( 3.980400497305896891E-15, -0.7313537016191691276, 0.6819983600625000308 ) ) ;
#841 = CARTESIAN_POINT ( 'NONE',  ( 8.230377853718923831, 17.96332712182335811, 50.10385607137991570 ) ) ;
#842 = LINE ( 'NONE', #3008, #2280 ) ;
#843 = ORIENTED_EDGE ( 'NONE', *, *, #153, .F. ) ;
#844 = VECTOR ( 'NONE', #1326, 39.37007874015748143 ) ;
#845 = AXIS2_PLACEMENT_3D ( 'NONE', #555, #62, #2402 ) ;
#846 = ADVANCED_FACE ( 'NONE', ( #961 ), #659, .T. ) ;
#847 = CARTESIAN_POINT ( 'NONE',  ( 6.320312150919425775, 17.19826665003539290, 53.06422879084673383 ) ) ;
#848 = CARTESIAN_POINT ( 'NONE',  ( -2.805442573393275655E-13, -8.113050987017523141, 49.36522109780209888 ) ) ;
#849 = ORIENTED_EDGE ( 'NONE', *, *, #191, .F. ) ;
#850 = VERTEX_POINT ( 'NONE', #2521 ) ;
#851 = VERTEX_POINT ( 'NONE', #3015 ) ;
#852 = ORIENTED_EDGE ( 'NONE', *, *, #1010, .T. ) ;
#853 = EDGE_CURVE ( 'NONE', #675, #2262, #1441, .T. ) ;
#854 =( BOUNDED_CURVE ( )  B_SPLINE_CURVE ( 3, ( #2967, #1403, #388, #1921 ),
 .UNSPECIFIED., .F., .F. ) 
 B_SPLINE_CURVE_WITH_KNOTS ( ( 4, 4 ),
 ( 3.135135034645455399, 4.171038163367288831 ),
 .UNSPECIFIED. ) 
 CURVE ( )  GEOMETRIC_REPRESENTATION_ITEM ( )  RATIONAL_B_SPLINE_CURVE ( ( 1.000000000000000000, 0.9125567901507425361, 0.9125567901507425361, 1.000000000000000000 ) ) 
 REPRESENTATION_ITEM ( '' )  );
#855 = CARTESIAN_POINT ( 'NONE',  ( 8.156370665287145272, 16.54968311812156045, 51.64500357593596647 ) ) ;
#856 = CARTESIAN_POINT ( 'NONE',  ( 6.798484135832373099, 17.01582170060937571, 53.49508866098132387 ) ) ;
#857 = ORIENTED_EDGE ( 'NONE', *, *, #2423, .T. ) ;
#858 = CARTESIAN_POINT ( 'NONE',  ( 6.605100406123510126, 17.49509087609754232, 50.96428826781166777 ) ) ;
#859 = CARTESIAN_POINT ( 'NONE',  ( 8.204420366873938164, 16.94271156470156470, 52.78375940382434806 ) ) ;
#860 = FACE_BOUND ( 'NONE', #1820, .T. ) ;
#861 = CARTESIAN_POINT ( 'NONE',  ( 6.833879716932229620, 17.19465425843586104, 52.79744695831596601 ) ) ;
#862 = CYLINDRICAL_SURFACE ( 'NONE', #360, 0.2499999999999966693 ) ;
#863 = VERTEX_POINT ( 'NONE', #1719 ) ;
#864 = CARTESIAN_POINT ( 'NONE',  ( 8.454243579125437336, 17.28574868179864410, 50.78890099361431965 ) ) ;
#865 = ORIENTED_EDGE ( 'NONE', *, *, #522, .F. ) ;
#866 = ADVANCED_FACE ( 'NONE', ( #429 ), #2908, .F. ) ;
#867 = EDGE_LOOP ( 'NONE', ( #297, #463, #2625, #2200, #1933 ) ) ;
#868 = CARTESIAN_POINT ( 'NONE',  ( 6.634521759291474474, 17.06526653087161804, 51.72973842412825718 ) ) ;
#869 = ORIENTED_EDGE ( 'NONE', *, *, #2565, .F. ) ;
#870 = CARTESIAN_POINT ( 'NONE',  ( 6.437036861707913893, 17.56139270235512839, 50.72635850741975361 ) ) ;
#871 = CARTESIAN_POINT ( 'NONE',  ( 6.560514570858873462, 17.45418825885401404, 53.20179697917766504 ) ) ;
#872 = CARTESIAN_POINT ( 'NONE',  ( 8.480074126786734112, 16.79094317060388519, 50.17701627352892757 ) ) ;
#873 = DIRECTION ( 'NONE',  ( -0.000000000000000000, 0.9867625124381881330, 0.1621719582624398803 ) ) ;
#874 = ORIENTED_EDGE ( 'NONE', *, *, #267, .F. ) ;
#875 = CARTESIAN_POINT ( 'NONE',  ( 8.156370665287145272, 17.08419741431663397, 51.92286499312312031 ) ) ;
#876 = FACE_OUTER_BOUND ( 'NONE', #1198, .T. ) ;
#877 = CARTESIAN_POINT ( 'NONE',  ( 8.230377853717939729, 18.35449273144606153, 50.42149693122927800 ) ) ;
#878 = EDGE_LOOP ( 'NONE', ( #1003, #3155 ) ) ;
#879 = VECTOR ( 'NONE', #1656, 39.37007874015748143 ) ;
#880 = DIRECTION ( 'NONE',  ( -0.000000000000000000, 0.9867625124381881330, 0.1621719582624403244 ) ) ;
#881 = EDGE_CURVE ( 'NONE', #2643, #475, #1664, .T. ) ;
#882 = AXIS2_PLACEMENT_3D ( 'NONE', #424, #1454, #1734 ) ;
#883 = EDGE_LOOP ( 'NONE', ( #292, #1473, #1850, #1146, #2562, #608 ) ) ;
#884 = VECTOR ( 'NONE', #3062, 39.37007874015748854 ) ;
#885 = CARTESIAN_POINT ( 'NONE',  ( 8.156370665287145272, 17.11460465649084384, 51.73784702204095254 ) ) ;
#886 = DIRECTION ( 'NONE',  ( -0.000000000000000000, 0.9867625124381883550, 0.1621719582624388256 ) ) ;
#887 = CARTESIAN_POINT ( 'NONE',  ( 8.450160394817599396, 17.25753976387122179, 50.86813435910293180 ) ) ;
#888 = ORIENTED_EDGE ( 'NONE', *, *, #1670, .F. ) ;
#889 = VECTOR ( 'NONE', #2914, 39.37007874015748143 ) ;
#890 = CARTESIAN_POINT ( 'NONE',  ( 6.560514570858106076, 17.39572526790022877, 53.55752486491270759 ) ) ;
#891 = DIRECTION ( 'NONE',  ( -0.000000000000000000, 0.9867625124381883550, 0.1621719582624385203 ) ) ;
#892 = DIRECTION ( 'NONE',  ( -0.000000000000000000, 0.9867625124381883550, 0.1621719582624384370 ) ) ;
#893 = DIRECTION ( 'NONE',  ( -1.000000000000000000, -1.605092555436302942E-14, 5.695111009175551862E-14 ) ) ;
#894 = LINE ( 'NONE', #1140, #257 ) ;
#895 = ORIENTED_EDGE ( 'NONE', *, *, #2670, .F. ) ;
#896 = COLOUR_RGB ( '',0.7921568627450980005, 0.8196078431372548767, 0.9333333333333333481 ) ;
#897 = DIRECTION ( 'NONE',  ( -3.059669752903945459E-14, -0.1621719582624386313, 0.9867625124381884660 ) ) ;
#898 = FACE_OUTER_BOUND ( 'NONE', #3349, .T. ) ;
#899 = VECTOR ( 'NONE', #1174, 39.37007874015748854 ) ;
#900 = DIRECTION ( 'NONE',  ( -6.330302821764085290E-15, 0.9867625124381884660, 0.1621719582624384925 ) ) ;
#901 = ORIENTED_EDGE ( 'NONE', *, *, #1934, .T. ) ;
#902 = CIRCLE ( 'NONE', #739, 0.1399999999999983480 ) ;
#903 = PRODUCT_DEFINITION_FORMATION_WITH_SPECIFIED_SOURCE ( 'ANY', '', #1126, .NOT_KNOWN. ) ;
#904 = ORIENTED_EDGE ( 'NONE', *, *, #2535, .T. ) ;
#905 = EDGE_CURVE ( 'NONE', #2797, #3361, #1774, .T. ) ;
#906 = ADVANCED_FACE ( 'NONE', ( #3293 ), #937, .F. ) ;
#907 = FILL_AREA_STYLE_COLOUR ( '', #896 ) ;
#908 = FACE_OUTER_BOUND ( 'NONE', #2408, .T. ) ;
#909 = ORIENTED_EDGE ( 'NONE', *, *, #905, .F. ) ;
#910 = CARTESIAN_POINT ( 'NONE',  ( 6.689903892204053015, 17.49364300649102688, 50.97309807356303679 ) ) ;
#911 = DIRECTION ( 'NONE',  ( -5.710707575386692223E-15, -0.9867625124381900203, -0.1621719582624281120 ) ) ;
#912 = CARTESIAN_POINT ( 'NONE',  ( 15752.05000666440537, 16.57030519983655026, 55.04972846635651962 ) ) ;
#913 = DIRECTION ( 'NONE',  ( -1.000000000000000000, -6.106196515991638724E-15, -3.559625023356269394E-15 ) ) ;
#914 = DIRECTION ( 'NONE',  ( -4.314294584152796622E-15, -0.9867625124381896873, -0.1621719582624304989 ) ) ;
#915 = VERTEX_POINT ( 'NONE', #2781 ) ;
#916 = FACE_BOUND ( 'NONE', #1106, .T. ) ;
#917 = EDGE_LOOP ( 'NONE', ( #526, #1647 ) ) ;
#918 = ORIENTED_EDGE ( 'NONE', *, *, #3228, .F. ) ;
#919 = DIRECTION ( 'NONE',  ( 0.000000000000000000, 0.1621719582626633405, -0.9867625124381514956 ) ) ;
#920 = FACE_BOUND ( 'NONE', #3032, .T. ) ;
#921 = ORIENTED_EDGE ( 'NONE', *, *, #3276, .F. ) ;
#922 = DIRECTION ( 'NONE',  ( 0.000000000000000000, -0.1621719582624369937, 0.9867625124381886881 ) ) ;
#923 = FACE_OUTER_BOUND ( 'NONE', #1978, .T. ) ;
#924 = FACE_OUTER_BOUND ( 'NONE', #1561, .T. ) ;
#925 = EDGE_CURVE ( 'NONE', #658, #2142, #32, .T. ) ;
#926 = LINE ( 'NONE', #1177, #2338 ) ;
#927 = CARTESIAN_POINT ( 'NONE',  ( 8.342218714915274447, 16.92918934650709062, 53.03131470225766719 ) ) ;
#928 = ORIENTED_EDGE ( 'NONE', *, *, #3151, .F. ) ;
#929 = VERTEX_POINT ( 'NONE', #2023 ) ;
#930 = CARTESIAN_POINT ( 'NONE',  ( 6.708528947724174074, 18.37241273283698462, 50.31245967360477778 ) ) ;
#931 = CARTESIAN_POINT ( 'NONE',  ( 7.818047255307895682, 16.94283449436051825, 52.78301141767175864 ) ) ;
#932 = VERTEX_POINT ( 'NONE', #3055 ) ;
#933 = VERTEX_POINT ( 'NONE', #2795 ) ;
#934 = CARTESIAN_POINT ( 'NONE',  ( 8.230377853720053594, 17.92278413225774969, 50.35054669948945616 ) ) ;
#935 = ORIENTED_EDGE ( 'NONE', *, *, #230, .F. ) ;
#936 = LINE ( 'NONE', #1131, #1453 ) ;
#937 = CYLINDRICAL_SURFACE ( 'NONE', #1497, 0.1105000000000027904 ) ;
#938 = EDGE_CURVE ( 'NONE', #3185, #1827, #2371, .T. ) ;
#939 = AXIS2_PLACEMENT_3D ( 'NONE', #2530, #181, #3324 ) ;
#940 = PRESENTATION_STYLE_ASSIGNMENT (( #140 ) ) ;
#941 = EDGE_LOOP ( 'NONE', ( #2928, #1592 ) ) ;
#942 = AXIS2_PLACEMENT_3D ( 'NONE', #1964, #3034, #2575 ) ;
#943 = LINE ( 'NONE', #2008, #566 ) ;
#944 = CARTESIAN_POINT ( 'NONE',  ( 8.332059749922525071, 17.86597897174161176, 53.39394093479312176 ) ) ;
#945 = AXIS2_PLACEMENT_3D ( 'NONE', #1858, #3135, #2055 ) ;
#946 = DIRECTION ( 'NONE',  ( -0.000000000000000000, 0.9867625124381881330, 0.1621719582624398803 ) ) ;
#947 = DIRECTION ( 'NONE',  ( 6.749335247189119980E-15, 0.9867625124381935731, 0.1621719582624073508 ) ) ;
#948 = MANIFOLD_SOLID_BREP ( '#10 Clearance Hole1[2]', #609 ) ;
#949 = CARTESIAN_POINT ( 'NONE',  ( 8.344555035572781776, 16.92008713371684436, 52.98183027790896915 ) ) ;
#950 = ORIENTED_EDGE ( 'NONE', *, *, #742, .F. ) ;
#951 = AXIS2_PLACEMENT_3D ( 'NONE', #1639, #2687, #807 ) ;
#952 = ADVANCED_FACE ( 'NONE', ( #3, #2383 ), #766, .F. ) ;
#953 = PLANE ( 'NONE',  #2394 ) ;
#954 = DIRECTION ( 'NONE',  ( 6.330302821764085290E-15, -0.9867625124381884660, -0.1621719582624384925 ) ) ;
#955 = CARTESIAN_POINT ( 'NONE',  ( 7.938276449489480413, 17.29831825146592195, 50.92967027182195494 ) ) ;
#956 = ORIENTED_EDGE ( 'NONE', *, *, #1415, .F. ) ;
#957 = AXIS2_PLACEMENT_3D ( 'NONE', #885, #1427, #3218 ) ;
#958 = ORIENTED_EDGE ( 'NONE', *, *, #1048, .F. ) ;
#959 = AXIS2_PLACEMENT_3D ( 'NONE', #2187, #3217, #610 ) ;
#960 = LINE ( 'NONE', #3109, #2827 ) ;
#961 = FACE_OUTER_BOUND ( 'NONE', #3304, .T. ) ;
#962 = AXIS2_PLACEMENT_3D ( 'NONE', #912, #1176, #1694 ) ;
#963 = CONICAL_SURFACE ( 'NONE', #744, 0.1875000000000040801, 0.03332099587824763343 ) ;
#964 = DIRECTION ( 'NONE',  ( 0.000000000000000000, -0.1621719582624369937, 0.9867625124381886881 ) ) ;
#965 = ORIENTED_EDGE ( 'NONE', *, *, #1928, .F. ) ;
#966 = DIRECTION ( 'NONE',  ( -0.009695013075859609114, -0.9993438579051875381, 0.03489785650487710333 ) ) ;
#967 = CARTESIAN_POINT ( 'NONE',  ( 6.442767787939286173, 17.81030487871284151, 50.64955222018318182 ) ) ;
#968 = DIRECTION ( 'NONE',  ( 0.04862741781208594627, 0.000000000000000000, -0.9988169873590100334 ) ) ;
#969 = ORIENTED_EDGE ( 'NONE', *, *, #1300, .T. ) ;
#970 = ORIENTED_EDGE ( 'NONE', *, *, #1130, .T. ) ;
#971 = CARTESIAN_POINT ( 'NONE',  ( 15752.05000666428168, 15.98677611688079736, 55.07010575095413429 ) ) ;
#972 = DIRECTION ( 'NONE',  ( 0.000000000000000000, -0.1621719582626633405, 0.9867625124381514956 ) ) ;
#973 = EDGE_LOOP ( 'NONE', ( #3093, #3091, #3291, #1382, #1281 ) ) ;
#974 = ORIENTED_EDGE ( 'NONE', *, *, #1693, .T. ) ;
#975 = DIRECTION ( 'NONE',  ( -0.000000000000000000, 0.9867625124381881330, 0.1621719582624398803 ) ) ;
#976 = CARTESIAN_POINT ( 'NONE',  ( 6.689903892204051239, 17.55531566351841377, 50.98323382095443890 ) ) ;
#977 = ADVANCED_FACE ( 'NONE', ( #2077 ), #2451, .F. ) ;
#978 = EDGE_CURVE ( 'NONE', #2427, #753, #507, .T. ) ;
#979 = DIRECTION ( 'NONE',  ( 1.005147185947862494E-14, -0.9867625124381884660, -0.1621719582624382983 ) ) ;
#980 = ORIENTED_EDGE ( 'NONE', *, *, #522, .T. ) ;
#981 = LINE ( 'NONE', #2579, #3096 ) ;
#982 = CARTESIAN_POINT ( 'NONE',  ( 6.560514570858469341, 17.86797685665792912, 53.38178446854348635 ) ) ;
#983 = CARTESIAN_POINT ( 'NONE',  ( 6.440814853935667550, 17.60900008584672349, 50.65658193845232660 ) ) ;
#984 = EDGE_LOOP ( 'NONE', ( #2531, #1087 ) ) ;
#985 = ORIENTED_EDGE ( 'NONE', *, *, #380, .F. ) ;
#986 = VERTEX_POINT ( 'NONE', #2105 ) ;
#987 = CARTESIAN_POINT ( 'NONE',  ( 6.831737544847395149, 17.32101841992778191, 52.86221524049742726 ) ) ;
#988 = CARTESIAN_POINT ( 'NONE',  ( 7.908098003635802620, 17.23882681298321629, 50.98199645111938594 ) ) ;
#989 = CARTESIAN_POINT ( 'NONE',  ( 8.313995926978401840, 16.97674542940414355, 52.98660169190637248 ) ) ;
#990 = ORIENTED_EDGE ( 'NONE', *, *, #2861, .F. ) ;
#991 = ORIENTED_EDGE ( 'NONE', *, *, #3132, .F. ) ;
#992 =( BOUNDED_CURVE ( )  B_SPLINE_CURVE ( 3, ( #1675, #2990, #74, #1136 ),
 .UNSPECIFIED., .F., .T. ) 
 B_SPLINE_CURVE_WITH_KNOTS ( ( 4, 4 ),
 ( 5.355890089155039391, 6.234849144676083199 ),
 .UNSPECIFIED. ) 
 CURVE ( )  GEOMETRIC_REPRESENTATION_ITEM ( )  RATIONAL_B_SPLINE_CURVE ( ( 1.000000000000000000, 0.9366488202216809444, 0.9366488202216809444, 1.000000000000000000 ) ) 
 REPRESENTATION_ITEM ( '' )  );
#993 = DIRECTION ( 'NONE',  ( -0.000000000000000000, 0.9867625124381881330, 0.1621719582624398803 ) ) ;
#994 = EDGE_CURVE ( 'NONE', #1437, #1191, #1778, .T. ) ;
#995 = ADVANCED_FACE ( 'NONE', ( #1565 ), #476, .F. ) ;
#996 = CYLINDRICAL_SURFACE ( 'NONE', #1447, 0.1105000000000027904 ) ;
#997 = ORIENTED_EDGE ( 'NONE', *, *, #1825, .T. ) ;
#998 = AXIS2_PLACEMENT_3D ( 'NONE', #1590, #2052, #3366 ) ;
#999 = DIRECTION ( 'NONE',  ( 3.126089414046852290E-17, 0.9867625124381896873, 0.1621719582624304989 ) ) ;
#1000 = DIRECTION ( 'NONE',  ( 0.000000000000000000, -0.1621719582624369937, 0.9867625124381886881 ) ) ;
#1001 = CARTESIAN_POINT ( 'NONE',  ( 8.082363476854125039, -8.113050987017572879, 49.36522109780210599 ) ) ;
#1002 = DIRECTION ( 'NONE',  ( 0.000000000000000000, 0.1621719582624301381, -0.9867625124381897983 ) ) ;
#1003 = ORIENTED_EDGE ( 'NONE', *, *, #2486, .T. ) ;
#1004 = ORIENTED_EDGE ( 'NONE', *, *, #3240, .F. ) ;
#1005 = AXIS2_PLACEMENT_3D ( 'NONE', #2087, #3117, #2828 ) ;
#1006 = DIRECTION ( 'NONE',  ( 0.000000000000000000, -0.1621719582624386313, 0.9867625124381884660 ) ) ;
#1007 = FACE_OUTER_BOUND ( 'NONE', #1309, .T. ) ;
#1008 = DIRECTION ( 'NONE',  ( 0.04927818435184642964, 0.1619749342972593154, -0.9855636870372121994 ) ) ;
#1009 = EDGE_LOOP ( 'NONE', ( #1108, #82, #2095, #985, #1658, #974 ) ) ;
#1010 = EDGE_CURVE ( 'NONE', #2186, #3172, #2745, .T. ) ;
#1011 = AXIS2_PLACEMENT_3D ( 'NONE', #1031, #2289, #3341 ) ;
#1012 = CARTESIAN_POINT ( 'NONE',  ( 8.230377853720035830, 17.48614172050449156, 50.27878560795844720 ) ) ;
#1013 = DIRECTION ( 'NONE',  ( 0.000000000000000000, -0.1621719582624384925, 0.9867625124381882440 ) ) ;
#1014 = CIRCLE ( 'NONE', #3315, 0.2500000000000023870 ) ;
#1015 = AXIS2_PLACEMENT_3D ( 'NONE', #2246, #3273, #919 ) ;
#1016 = ORIENTED_EDGE ( 'NONE', *, *, #572, .T. ) ;
#1017 = FACE_OUTER_BOUND ( 'NONE', #2835, .T. ) ;
#1018 = DIRECTION ( 'NONE',  ( 1.000000000000000000, 1.761726593373539518E-14, 6.152084827471176491E-16 ) ) ;
#1019 = CARTESIAN_POINT ( 'NONE',  ( 8.235419652906315946, 15.98677611669281085, 55.07010575113869066 ) ) ;
#1020 = EDGE_CURVE ( 'NONE', #1979, #1112, #263, .T. ) ;
#1021 = ORIENTED_EDGE ( 'NONE', *, *, #505, .T. ) ;
#1022 = ORIENTED_EDGE ( 'NONE', *, *, #3306, .F. ) ;
#1023 = DIRECTION ( 'NONE',  ( -0.000000000000000000, 0.9867625124381881330, 0.1621719582624398803 ) ) ;
#1024 = CARTESIAN_POINT ( 'NONE',  ( 7.911951116579496457, 17.24964337335510223, 50.95507896261429437 ) ) ;
#1025 = CARTESIAN_POINT ( 'NONE',  ( 6.708528947724146541, 17.50406172189251919, 50.16974835033403224 ) ) ;
#1026 = EDGE_LOOP ( 'NONE', ( #3082, #3205, #1622, #800 ) ) ;
#1027 = FACE_OUTER_BOUND ( 'NONE', #867, .T. ) ;
#1028 = CARTESIAN_POINT ( 'NONE',  ( 6.634521759291485132, 17.33088804242890291, 51.96340798268894190 ) ) ;
#1029 = CARTESIAN_POINT ( 'NONE',  ( 8.212281327754233473, 17.60761428518430449, 50.91886941632374430 ) ) ;
#1030 = VERTEX_POINT ( 'NONE', #2116 ) ;
#1031 = CARTESIAN_POINT ( 'NONE',  ( 6.634521759291474474, 16.54968311812154624, 51.64500357593595226 ) ) ;
#1032 = CARTESIAN_POINT ( 'NONE',  ( 8.212281327754233473, 17.60761428518430449, 50.91886941632374430 ) ) ;
#1033 = DIRECTION ( 'NONE',  ( -0.03013542484105136490, 0.6816886134213843151, 0.7310215390132356328 ) ) ;
#1034 = ORIENTED_EDGE ( 'NONE', *, *, #853, .F. ) ;
#1035 = EDGE_CURVE ( 'NONE', #517, #1910, #419, .T. ) ;
#1036 = LINE ( 'NONE', #2099, #1227 ) ;
#1037 = CARTESIAN_POINT ( 'NONE',  ( 8.145427903660383606, 16.94318357876445091, 52.78088735499671458 ) ) ;
#1038 = ORIENTED_EDGE ( 'NONE', *, *, #1189, .T. ) ;
#1039 = SHAPE_DEFINITION_REPRESENTATION ( #109, #2480 ) ;
#1040 = PLANE ( 'NONE',  #3372 ) ;
#1041 = DIRECTION ( 'NONE',  ( 0.000000000000000000, -0.1621719582624464862, 0.9867625124381870227 ) ) ;
#1042 = ORIENTED_EDGE ( 'NONE', *, *, #1471, .F. ) ;
#1043 = LINE ( 'NONE', #2314, #781 ) ;
#1044 = AXIS2_PLACEMENT_3D ( 'NONE', #3130, #2615, #3107 ) ;
#1045 = CARTESIAN_POINT ( 'NONE',  ( 8.478313089070248054, 17.26332065972059482, 50.83295952756243707 ) ) ;
#1046 = DIRECTION ( 'NONE',  ( 0.000000000000000000, -0.1621719582624369937, 0.9867625124381886881 ) ) ;
#1047 = ORIENTED_EDGE ( 'NONE', *, *, #1928, .T. ) ;
#1048 = EDGE_CURVE ( 'NONE', #354, #1076, #1169, .T. ) ;
#1049 = EDGE_CURVE ( 'NONE', #851, #1157, #3150, .T. ) ;
#1050 = VERTEX_POINT ( 'NONE', #2936 ) ;
#1051 = AXIS2_PLACEMENT_3D ( 'NONE', #976, #2037, #2264 ) ;
#1052 =( NAMED_UNIT ( * ) SI_UNIT ( $, .STERADIAN. ) SOLID_ANGLE_UNIT ( ) );
#1053 = DIRECTION ( 'NONE',  ( 1.000000000000000000, 7.537956959088780926E-15, 2.954646386202394669E-15 ) ) ;
#1054 = CIRCLE ( 'NONE', #1562, 0.2500000000000023870 ) ;
#1055 = EDGE_CURVE ( 'NONE', #488, #851, #1684, .T. ) ;
#1056 = ORIENTED_EDGE ( 'NONE', *, *, #3027, .F. ) ;
#1057 = AXIS2_PLACEMENT_3D ( 'NONE', #3375, #271, #216 ) ;
#1058 = AXIS2_PLACEMENT_3D ( 'NONE', #2937, #3250, #1646 ) ;
#1059 = CIRCLE ( 'NONE', #835, 0.1244999999999983620 ) ;
#1060 = DIRECTION ( 'NONE',  ( -0.000000000000000000, 0.9867625124381883550, 0.1621719582624384370 ) ) ;
#1061 = VERTEX_POINT ( 'NONE', #1661 ) ;
#1062 = CIRCLE ( 'NONE', #2984, 0.1105000000000027904 ) ;
#1063 = CARTESIAN_POINT ( 'NONE',  ( 6.634521759291474474, 17.38409666193477676, 51.63965120235818063 ) ) ;
#1064 = CIRCLE ( 'NONE', #1740, 0.1105000000000027904 ) ;
#1065 = CARTESIAN_POINT ( 'NONE',  ( 8.096896003683667686, 16.93203240561035372, 52.84873854059160436 ) ) ;
#1066 = CARTESIAN_POINT ( 'NONE',  ( 6.832146224982080795, 17.19465425843586104, 52.83305323323579472 ) ) ;
#1067 = VERTEX_POINT ( 'NONE', #574 ) ;
#1068 = DIRECTION ( 'NONE',  ( 0.009695013075864560015, 0.9993438579051865389, -0.03489785650490647567 ) ) ;
#1069 = CARTESIAN_POINT ( 'NONE',  ( 6.687963141372497589, 17.34436059633696914, 50.67791005163522300 ) ) ;
#1070 = CARTESIAN_POINT ( 'NONE',  ( 8.451002730331449442, 17.26030847869516904, 50.85128764882585983 ) ) ;
#1071 = DIRECTION ( 'NONE',  ( 0.000000000000000000, -0.1621719582624369937, 0.9867625124381886881 ) ) ;
#1072 = ORIENTED_EDGE ( 'NONE', *, *, #2302, .F. ) ;
#1073 = EDGE_CURVE ( 'NONE', #850, #2632, #63, .T. ) ;
#1074 =( BOUNDED_CURVE ( )  B_SPLINE_CURVE ( 3, ( #2538, #3092, #2135, #187 ),
 .UNSPECIFIED., .F., .T. ) 
 B_SPLINE_CURVE_WITH_KNOTS ( ( 4, 4 ),
 ( 5.309464709148929096, 6.289482402938987526 ),
 .UNSPECIFIED. ) 
 CURVE ( )  GEOMETRIC_REPRESENTATION_ITEM ( )  RATIONAL_B_SPLINE_CURVE ( ( 1.000000000000000000, 0.9215524633318411540, 0.9215524633318411540, 1.000000000000000000 ) ) 
 REPRESENTATION_ITEM ( '' )  );
#1075 = CARTESIAN_POINT ( 'NONE',  ( -103.0951560838371392, -11302.89189316501324, 450.3340586659151654 ) ) ;
#1076 = VERTEX_POINT ( 'NONE', #3226 ) ;
#1077 = CARTESIAN_POINT ( 'NONE',  ( 6.834379795710267658, 17.19548160140908877, 52.78731121092466338 ) ) ;
#1078 = CARTESIAN_POINT ( 'NONE',  ( 8.249174325094704940, 17.23882681298244179, 50.98199645111923672 ) ) ;
#1079 = DIRECTION ( 'NONE',  ( 0.000000000000000000, -0.1621719582624369937, 0.9867625124381886881 ) ) ;
#1080 = VERTEX_POINT ( 'NONE', #2676 ) ;
#1081 = DIRECTION ( 'NONE',  ( 1.000000000000000000, 1.033736879996685877E-14, 3.414722741450710766E-15 ) ) ;
#1082 = CARTESIAN_POINT ( 'NONE',  ( 6.560514570858106076, 17.82743386709116606, 53.62847509665239443 ) ) ;
#1083 = FACE_OUTER_BOUND ( 'NONE', #1536, .T. ) ;
#1084 = FACE_OUTER_BOUND ( 'NONE', #2987, .T. ) ;
#1085 = ORIENTED_EDGE ( 'NONE', *, *, #678, .T. ) ;
#1086 = VERTEX_POINT ( 'NONE', #589 ) ;
#1087 = ORIENTED_EDGE ( 'NONE', *, *, #925, .T. ) ;
#1088 = ADVANCED_FACE ( 'NONE', ( #1337, #2953 ), #1645, .T. ) ;
#1089 =( BOUNDED_SURFACE ( )  B_SPLINE_SURFACE ( 3, 2, ( 
 ( #14, #818, #1096 ),
 ( #568, #2871, #2886 ),
 ( #2378, #2627, #23 ),
 ( #1045, #303, #1853 ),
 ( #3129, #551, #529 ),
 ( #794, #1331, #540 ),
 ( #1589, #2640, #1867 ),
 ( #1608, #322, #2413 ),
 ( #1078, #1625, #2144 ),
 ( #2736, #2718, #2234 ) ),
 .UNSPECIFIED., .F., .F., .F. ) 
 B_SPLINE_SURFACE_WITH_KNOTS ( ( 4, 2, 2, 2, 4 ),
 ( 3, 3 ),
 ( 4.703254219398941061, 5.086152950718226151, 5.469051682037512130, 5.851950413356798109, 6.234849144676083199 ),
 ( 0.000000000000000000, 1.000000000000000000 ),
 .UNSPECIFIED. ) 
 GEOMETRIC_REPRESENTATION_ITEM ( )  RATIONAL_B_SPLINE_SURFACE ( (
 ( 1.000000000000000000, 0.7064711062166108002, 1.000000000000000000),
 ( 1.000000000000000000, 0.7153604317887084507, 1.000000000000000000),
 ( 1.000000000000000000, 0.7240803972164434610, 1.000000000000000000),
 ( 1.000000000000000000, 0.7400468485352946768, 1.000000000000000000),
 ( 1.000000000000000000, 0.7472873674877229533, 1.000000000000000000),
 ( 1.000000000000000000, 0.7594057399151712406, 1.000000000000000000),
 ( 1.000000000000000000, 0.7642827551754201032, 1.000000000000000000),
 ( 1.000000000000000000, 0.7711187759220650140, 1.000000000000000000),
 ( 1.000000000000000000, 0.7730828775405348408, 1.000000000000000000),
 ( 1.000000000000000000, 0.7734696770191454851, 1.000000000000000000) ) ) 
 REPRESENTATION_ITEM ( '' )  SURFACE ( )  );
#1090 = CARTESIAN_POINT ( 'NONE',  ( 8.230377853718923831, 17.88224114269205245, 50.59723732759955794 ) ) ;
#1091 = DIRECTION ( 'NONE',  ( 0.000000000000000000, -0.1621719582624464862, 0.9867625124381870227 ) ) ;
#1092 = VERTEX_POINT ( 'NONE', #2419 ) ;
#1093 = ADVANCED_FACE ( 'NONE', ( #1083 ), #1889, .F. ) ;
#1094 = CARTESIAN_POINT ( 'NONE',  ( 6.491845328273003979, 17.50475491301243025, 50.90548581238961390 ) ) ;
#1095 = CARTESIAN_POINT ( 'NONE',  ( 6.971167575511047154, 16.57692579184754678, 49.87600447002117221 ) ) ;
#1096 = CARTESIAN_POINT ( 'NONE',  ( 8.459689708452584611, 17.35067996066075580, 50.68749318724577790 ) ) ;
#1097 = CARTESIAN_POINT ( 'NONE',  ( 8.082363476853931417, 17.85005685527382013, 53.49082172616700603 ) ) ;
#1098 = EDGE_LOOP ( 'NONE', ( #2443, #641, #2540, #1698, #722 ) ) ;
#1099 = CIRCLE ( 'NONE', #939, 0.1244999999999983620 ) ;
#1100 = CARTESIAN_POINT ( 'NONE',  ( 7.792002926552013875, 17.88224114269076281, 50.59723732759835002 ) ) ;
#1101 = CARTESIAN_POINT ( 'NONE',  ( 8.156370665287145272, 16.84137728009108415, 51.55045662531341577 ) ) ;
#1102 = EDGE_CURVE ( 'NONE', #595, #389, #1204, .T. ) ;
#1103 = VECTOR ( 'NONE', #273, 39.37007874015748143 ) ;
#1104 = ORIENTED_EDGE ( 'NONE', *, *, #546, .T. ) ;
#1105 = ORIENTED_EDGE ( 'NONE', *, *, #1569, .T. ) ;
#1106 = EDGE_LOOP ( 'NONE', ( #2684, #1855 ) ) ;
#1107 = AXIS2_PLACEMENT_3D ( 'NONE', #2589, #1547, #2601 ) ;
#1108 = ORIENTED_EDGE ( 'NONE', *, *, #3232, .T. ) ;
#1109 = AXIS2_PLACEMENT_3D ( 'NONE', #2429, #2178, #539 ) ;
#1110 = CARTESIAN_POINT ( 'NONE',  ( 8.082363476853934969, 17.37459560044418794, 53.30069848941160870 ) ) ;
#1111 = AXIS2_PLACEMENT_3D ( 'NONE', #1075, #2107, #71 ) ;
#1112 = VERTEX_POINT ( 'NONE', #2166 ) ;
#1113 = CIRCLE ( 'NONE', #3038, 0.1105000000000027904 ) ;
#1114 = LINE ( 'NONE', #1208, #2617 ) ;
#1115 = CARTESIAN_POINT ( 'NONE',  ( -11480.23794849829210, 17.47681124696129373, 53.06414360868163271 ) ) ;
#1116 = DIRECTION ( 'NONE',  ( -0.000000000000000000, 0.9867625124381882440, 0.1621719582624388256 ) ) ;
#1117 = EDGE_CURVE ( 'NONE', #165, #2536, #373, .T. ) ;
#1118 = LINE ( 'NONE', #2719, #1494 ) ;
#1119 = CARTESIAN_POINT ( 'NONE',  ( 7.992408288744587530, 17.58342355453258676, 50.04141986744802040 ) ) ;
#1120 = ORIENTED_EDGE ( 'NONE', *, *, #2727, .F. ) ;
#1121 = VECTOR ( 'NONE', #1791, 39.37007874015748143 ) ;
#1122 = ORIENTED_EDGE ( 'NONE', *, *, #2782, .F. ) ;
#1123 = CARTESIAN_POINT ( 'NONE',  ( 6.560514570855867866, 16.26588219116188938, 53.37183797270278518 ) ) ;
#1124 = VECTOR ( 'NONE', #1361, 39.37007874015748143 ) ;
#1125 = CARTESIAN_POINT ( 'NONE',  ( 8.459584237712594046, 17.35018812251016840, 50.68979324850823787 ) ) ;
#1126 = PRODUCT ( 'module top plate counter block 1', 'module top plate counter block 1', '', ( #1628 ) ) ;
#1127 = ORIENTED_EDGE ( 'NONE', *, *, #1808, .F. ) ;
#1128 = ORIENTED_EDGE ( 'NONE', *, *, #3257, .T. ) ;
#1129 = DIRECTION ( 'NONE',  ( -1.000000000000000000, -1.518556440322763680E-14, -1.441592771895972671E-15 ) ) ;
#1130 = EDGE_CURVE ( 'NONE', #675, #2793, #606, .T. ) ;
#1131 = CARTESIAN_POINT ( 'NONE',  ( -11480.23794849783917, 17.88224114254869335, 50.59723732757545633 ) ) ;
#1132 = ORIENTED_EDGE ( 'NONE', *, *, #2337, .T. ) ;
#1133 = FACE_OUTER_BOUND ( 'NONE', #1802, .T. ) ;
#1134 = DIRECTION ( 'NONE',  ( 0.000000000000000000, -0.1621719582624442935, 0.9867625124381874668 ) ) ;
#1135 = ORIENTED_EDGE ( 'NONE', *, *, #1723, .F. ) ;
#1136 = CARTESIAN_POINT ( 'NONE',  ( 8.209280729844426361, 17.23882681298244179, 50.98199645111923672 ) ) ;
#1137 = DIRECTION ( 'NONE',  ( 3.496765431890223472E-14, -0.1621719582624386313, 0.9867625124381884660 ) ) ;
#1138 = DIRECTION ( 'NONE',  ( -3.158989414262576045E-17, -0.9867625124381896873, -0.1621719582624304712 ) ) ;
#1139 = DIRECTION ( 'NONE',  ( -0.000000000000000000, 0.9867625124381881330, 0.1621719582624403244 ) ) ;
#1140 = CARTESIAN_POINT ( 'NONE',  ( 8.230377853720035830, 17.88381554938774443, 50.20226420035682935 ) ) ;
#1141 = ORIENTED_EDGE ( 'NONE', *, *, #677, .F. ) ;
#1142 = CARTESIAN_POINT ( 'NONE',  ( 8.230377853720026948, 17.87903147661930703, 50.23137369447380252 ) ) ;
#1143 = ADVANCED_FACE ( 'NONE', ( #1630 ), #1406, .F. ) ;
#1144 = CARTESIAN_POINT ( 'NONE',  ( 8.453443326298295091, 17.27802465086589123, 50.80406892315792078 ) ) ;
#1145 = CARTESIAN_POINT ( 'NONE',  ( 6.329610161783501887, 17.15639234576173067, 53.02515635089967105 ) ) ;
#1146 = ORIENTED_EDGE ( 'NONE', *, *, #2019, .F. ) ;
#1147 = CARTESIAN_POINT ( 'NONE',  ( 6.185453767214843523, 16.96452652569537989, 55.79583263469512389 ) ) ;
#1148 = EDGE_LOOP ( 'NONE', ( #2778, #3176, #2068, #1491, #918, #2629, #895 ) ) ;
#1149 = CARTESIAN_POINT ( 'NONE',  ( 6.798484135845179743, 16.00932393793940989, 53.32967326355643678 ) ) ;
#1150 = ADVANCED_FACE ( 'NONE', ( #876 ), #3196, .F. ) ;
#1151 = VERTEX_POINT ( 'NONE', #2434 ) ;
#1152 = CARTESIAN_POINT ( 'NONE',  ( 6.440065510111250724, 17.59921638520084741, 50.67036568521216822 ) ) ;
#1153 = LINE ( 'NONE', #3242, #208 ) ;
#1154 = DIRECTION ( 'NONE',  ( 0.000000000000000000, -0.1621719582626633405, 0.9867625124381514956 ) ) ;
#1155 = LINE ( 'NONE', #3301, #1330 ) ;
#1156 = CARTESIAN_POINT ( 'NONE',  ( 15752.05000666440537, 17.23882681311978970, 50.98199645022663162 ) ) ;
#1157 = VERTEX_POINT ( 'NONE', #1872 ) ;
#1158 = LINE ( 'NONE', #1435, #660 ) ;
#1159 = DIRECTION ( 'NONE',  ( -0.000000000000000000, 0.9867625124381883550, 0.1621719582624388256 ) ) ;
#1160 = FACE_BOUND ( 'NONE', #679, .T. ) ;
#1161 = ORIENTED_EDGE ( 'NONE', *, *, #2679, .T. ) ;
#1162 = EDGE_CURVE ( 'NONE', #1751, #2785, #2972, .T. ) ;
#1163 = DIRECTION ( 'NONE',  ( 0.000000000000000000, -0.1621719582624369937, 0.9867625124381886881 ) ) ;
#1164 = AXIS2_PLACEMENT_3D ( 'NONE', #493, #2350, #242 ) ;
#1165 = CARTESIAN_POINT ( 'NONE',  ( 6.318834118842473480, 17.20805549318108163, 53.09619664031713882 ) ) ;
#1166 = EDGE_CURVE ( 'NONE', #1157, #1112, #313, .T. ) ;
#1167 = MECHANICAL_DESIGN_GEOMETRIC_PRESENTATION_REPRESENTATION (  '', ( #1720 ), #3186 ) ;
#1168 = ORIENTED_EDGE ( 'NONE', *, *, #2715, .T. ) ;
#1169 = CIRCLE ( 'NONE', #2110, 0.2500000000000023870 ) ;
#1170 = DIRECTION ( 'NONE',  ( 0.000000000000000000, -0.1621719582624384648, 0.9867625124381882440 ) ) ;
#1171 = AXIS2_PLACEMENT_3D ( 'NONE', #39, #584, #2446 ) ;
#1172 = ORIENTED_EDGE ( 'NONE', *, *, #442, .T. ) ;
#1173 = AXIS2_PLACEMENT_3D ( 'NONE', #3152, #2878, #798 ) ;
#1174 = DIRECTION ( 'NONE',  ( -0.009695013075864560015, -0.9993438579051865389, 0.03489785650490648261 ) ) ;
#1175 = LINE ( 'NONE', #3263, #729 ) ;
#1176 = DIRECTION ( 'NONE',  ( -5.860958519781944997E-16, -0.9867625124381883550, -0.1621719582624388256 ) ) ;
#1177 = CARTESIAN_POINT ( 'NONE',  ( 7.707302673207210297, 16.96452652569964314, 55.79583263469523757 ) ) ;
#1178 = LINE ( 'NONE', #1156, #2812 ) ;
#1179 = ORIENTED_EDGE ( 'NONE', *, *, #2189, .F. ) ;
#1180 = VECTOR ( 'NONE', #1053, 39.37007874015748143 ) ;
#1181 = PLANE ( 'NONE',  #1994 ) ;
#1182 = CARTESIAN_POINT ( 'NONE',  ( 7.949883202564844709, 17.60761428518365790, 50.91886941632408536 ) ) ;
#1183 = AXIS2_PLACEMENT_3D ( 'NONE', #1691, #2734, #2445 ) ;
#1184 = VERTEX_POINT ( 'NONE', #1354 ) ;
#1185 = DIRECTION ( 'NONE',  ( 1.748382715945107003E-14, -1.000000000000000000, 0.000000000000000000 ) ) ;
#1186 = VECTOR ( 'NONE', #1116, 39.37007874015748143 ) ;
#1187 = CYLINDRICAL_SURFACE ( 'NONE', #1015, 0.2500000000000737743 ) ;
#1188 = AXIS2_PLACEMENT_3D ( 'NONE', #1621, #2669, #511 ) ;
#1189 = EDGE_CURVE ( 'NONE', #1891, #481, #1251, .T. ) ;
#1190 = DIRECTION ( 'NONE',  ( 0.000000000000000000, 0.000000000000000000, 1.000000000000000000 ) ) ;
#1191 = VERTEX_POINT ( 'NONE', #3249 ) ;
#1192 = DIRECTION ( 'NONE',  ( -6.330302821764085290E-15, 0.9867625124381884660, 0.1621719582624384925 ) ) ;
#1193 = DIRECTION ( 'NONE',  ( -1.459899567814168348E-12, 0.1621719582624386313, -0.9867625124381884660 ) ) ;
#1194 = CARTESIAN_POINT ( 'NONE',  ( 8.230377853720035830, 17.86111147523100229, 50.34041095209817485 ) ) ;
#1195 = LINE ( 'NONE', #1730, #884 ) ;
#1196 = CARTESIAN_POINT ( 'NONE',  ( 15752.05000666440537, 16.94357356985908680, 52.77851438863605438 ) ) ;
#1197 = ORIENTED_EDGE ( 'NONE', *, *, #461, .T. ) ;
#1198 = EDGE_LOOP ( 'NONE', ( #805, #1637, #2725, #1690 ) ) ;
#1199 = CARTESIAN_POINT ( 'NONE',  ( 8.082363476853968720, 17.01981625452103941, 53.11622121247328465 ) ) ;
#1200 = DIRECTION ( 'NONE',  ( 1.012303861778613362E-14, -0.7313537016191848927, 0.6819983600624831555 ) ) ;
#1201 = VERTEX_POINT ( 'NONE', #408 ) ;
#1202 = CARTESIAN_POINT ( 'NONE',  ( 7.231005259547193198, 16.75911341712870239, 55.05707331905934154 ) ) ;
#1203 = DIRECTION ( 'NONE',  ( 0.000000000000000000, -0.1621719582624258638, 0.9867625124381904644 ) ) ;
#1204 = B_SPLINE_CURVE_WITH_KNOTS ( 'NONE', 3,
 ( #1125, #3213, #2706, #864, #1144, #47, #1070, #2149 ),
 .UNSPECIFIED., .F., .F.,
 ( 4, 2, 2, 4 ),
 ( -1.633353147062303551E-05, 0.002559976436044446475, 0.003848131419802271799, 0.005136286403560097122 ),
 .UNSPECIFIED. ) ;
#1205 = EDGE_CURVE ( 'NONE', #777, #78, #724, .T. ) ;
#1206 = ADVANCED_FACE ( 'NONE', ( #183 ), #953, .T. ) ;
#1207 = ORIENTED_EDGE ( 'NONE', *, *, #3277, .F. ) ;
#1208 = CARTESIAN_POINT ( 'NONE',  ( -11480.36464778656227, 17.82743386697398336, 53.62847509660377199 ) ) ;
#1209 = DIRECTION ( 'NONE',  ( 0.000000000000000000, -0.1621719582624394085, 0.9867625124381883550 ) ) ;
#1210 = DIRECTION ( 'NONE',  ( 6.749335247189119980E-15, 0.9867625124381934620, 0.1621719582624073230 ) ) ;
#1211 = CARTESIAN_POINT ( 'NONE',  ( 8.082363476853968720, 17.39729967460062099, 53.16255173767022058 ) ) ;
#1212 = CARTESIAN_POINT ( 'NONE',  ( 8.230377853717937953, 18.00558645674557923, 50.61750882238116134 ) ) ;
#1213 = ORIENTED_EDGE ( 'NONE', *, *, #804, .T. ) ;
#1214 = FACE_BOUND ( 'NONE', #1358, .T. ) ;
#1215 =( BOUNDED_CURVE ( )  B_SPLINE_CURVE ( 3, ( #700, #1727, #686, #2836 ),
 .UNSPECIFIED., .F., .T. ) 
 B_SPLINE_CURVE_WITH_KNOTS ( ( 4, 4 ),
 ( 4.170504971133820682, 4.712388980384802473 ),
 .UNSPECIFIED. ) 
 CURVE ( )  GEOMETRIC_REPRESENTATION_ITEM ( )  RATIONAL_B_SPLINE_CURVE ( ( 1.000000000000000000, 0.9756794710293064110, 0.9756794710293064110, 1.000000000000000000 ) ) 
 REPRESENTATION_ITEM ( '' )  );
#1216 = CARTESIAN_POINT ( 'NONE',  ( 6.388582404318612795, 17.18890643954913955, 52.82731888737808390 ) ) ;
#1217 = ORIENTED_EDGE ( 'NONE', *, *, #3306, .T. ) ;
#1218 = ORIENTED_EDGE ( 'NONE', *, *, #2177, .T. ) ;
#1219 = EDGE_CURVE ( 'NONE', #932, #243, #132, .T. ) ;
#1220 = CIRCLE ( 'NONE', #1164, 0.1406000000000001138 ) ;
#1221 = CYLINDRICAL_SURFACE ( 'NONE', #1726, 0.1105000000000027904 ) ;
#1222 = EDGE_LOOP ( 'NONE', ( #1042, #2333, #3284, #1056 ) ) ;
#1223 = AXIS2_PLACEMENT_3D ( 'NONE', #2281, #1242, #1203 ) ;
#1224 = EDGE_CURVE ( 'NONE', #78, #777, #2816, .T. ) ;
#1225 = CARTESIAN_POINT ( 'NONE',  ( 8.082363476853931417, 17.43626825746754960, 53.31083423680234290 ) ) ;
#1226 = PLANE ( 'NONE',  #93 ) ;
#1227 = VECTOR ( 'NONE', #2842, 39.37007874015748854 ) ;
#1228 = CYLINDRICAL_SURFACE ( 'NONE', #2392, 0.06250000000000295597 ) ;
#1229 = DIRECTION ( 'NONE',  ( -0.04927818435184642964, -0.1619749342972593154, 0.9855636870372121994 ) ) ;
#1230 = ORIENTED_EDGE ( 'NONE', *, *, #2189, .T. ) ;
#1231 = ORIENTED_EDGE ( 'NONE', *, *, #3006, .F. ) ;
#1232 = VECTOR ( 'NONE', #1449, 39.37007874015748143 ) ;
#1233 = ADVANCED_FACE ( 'NONE', ( #1976 ), #440, .F. ) ;
#1234 = CARTESIAN_POINT ( 'NONE',  ( 8.082363476853934969, 17.39251560183218714, 53.19166123178718664 ) ) ;
#1235 = CARTESIAN_POINT ( 'NONE',  ( 7.206261054893424500, 17.18102933185129544, 55.63466511084777011 ) ) ;
#1236 = EDGE_LOOP ( 'NONE', ( #1989, #2122, #1413, #2582, #2049, #1238 ) ) ;
#1237 = AXIS2_PLACEMENT_3D ( 'NONE', #3167, #3075, #1756 ) ;
#1238 = ORIENTED_EDGE ( 'NONE', *, *, #3352, .F. ) ;
#1239 =( BOUNDED_CURVE ( )  B_SPLINE_CURVE ( 3, ( #485, #3080, #1504, #2363 ),
 .UNSPECIFIED., .F., .T. ) 
 B_SPLINE_CURVE_WITH_KNOTS ( ( 4, 4 ),
 ( 4.712388980384710102, 6.283185307179585344 ),
 .UNSPECIFIED. ) 
 CURVE ( )  GEOMETRIC_REPRESENTATION_ITEM ( )  RATIONAL_B_SPLINE_CURVE ( ( 1.000000000000000000, 0.8047378541243698225, 0.8047378541243698225, 1.000000000000000000 ) ) 
 REPRESENTATION_ITEM ( '' )  );
#1240 = CIRCLE ( 'NONE', #1796, 0.1105000000000027904 ) ;
#1241 = CARTESIAN_POINT ( 'NONE',  ( 6.974220435215823244, 17.39572526790334805, 53.55752486491321918 ) ) ;
#1242 = DIRECTION ( 'NONE',  ( 4.432399266810763288E-15, 0.9867625124381901314, 0.1621719582624281120 ) ) ;
#1243 = AXIS2_PLACEMENT_3D ( 'NONE', #3322, #2838, #2065 ) ;
#1244 = AXIS2_PLACEMENT_3D ( 'NONE', #3171, #1878, #2374 ) ;
#1245 = DIRECTION ( 'NONE',  ( -1.075262961451087530E-14, 0.9867625124381884660, 0.1621719582624382983 ) ) ;
#1246 = ORIENTED_EDGE ( 'NONE', *, *, #2119, .T. ) ;
#1247 = CARTESIAN_POINT ( 'NONE',  ( 7.433521525133182983, 17.51907058195806144, 53.57779635969601628 ) ) ;
#1248 = FACE_BOUND ( 'NONE', #102, .T. ) ;
#1249 = DIRECTION ( 'NONE',  ( -0.000000000000000000, 0.9867625124381881330, 0.1621719582624403244 ) ) ;
#1250 = DIRECTION ( 'NONE',  ( -3.916557586873884970E-15, 0.9867625124381900203, 0.1621719582624281120 ) ) ;
#1251 = B_SPLINE_CURVE_WITH_KNOTS ( 'NONE', 3,
 ( #2903, #847, #3029, #674, #2740, #3307, #1993, #1735 ),
 .UNSPECIFIED., .F., .F.,
 ( 4, 2, 2, 4 ),
 ( -1.610188823418563599E-05, 0.002533980298911830530, 0.003809021392484838574, 0.005084062486057846185 ),
 .UNSPECIFIED. ) ;
#1252 = VERTEX_POINT ( 'NONE', #1182 ) ;
#1253 = ORIENTED_EDGE ( 'NONE', *, *, #2388, .T. ) ;
#1254 = CARTESIAN_POINT ( 'NONE',  ( 6.708528947724155422, 17.48614172050452353, 50.27878560795844720 ) ) ;
#1255 = CARTESIAN_POINT ( 'NONE',  ( 6.474211488460002606, 17.19548160140847060, 52.78731121092455680 ) ) ;
#1256 = CARTESIAN_POINT ( 'NONE',  ( 8.082363476853931417, 17.43626825746754960, 53.31083423680234290 ) ) ;
#1257 = ORIENTED_EDGE ( 'NONE', *, *, #255, .T. ) ;
#1258 = EDGE_CURVE ( 'NONE', #612, #2196, #2326, .T. ) ;
#1259 = ADVANCED_FACE ( 'NONE', ( #2757, #642, #1214, #3268, #916, #1753, #898 ), #3010, .F. ) ;
#1260 = ORIENTED_EDGE ( 'NONE', *, *, #2177, .F. ) ;
#1261 = CARTESIAN_POINT ( 'NONE',  ( 8.230377853720035830, 17.50633212930816285, 50.15593367515989343 ) ) ;
#1262 =( NAMED_UNIT ( * ) SI_UNIT ( $, .STERADIAN. ) SOLID_ANGLE_UNIT ( ) );
#1263 = ORIENTED_EDGE ( 'NONE', *, *, #2295, .T. ) ;
#1264 = PLANE ( 'NONE',  #1237 ) ;
#1265 = ORIENTED_EDGE ( 'NONE', *, *, #246, .T. ) ;
#1266 = DIRECTION ( 'NONE',  ( -0.000000000000000000, 0.9867625124381882440, 0.1621719582624385203 ) ) ;
#1267 = FACE_OUTER_BOUND ( 'NONE', #2294, .T. ) ;
#1268 = EDGE_CURVE ( 'NONE', #2175, #2475, #1487, .T. ) ;
#1269 = CARTESIAN_POINT ( 'NONE',  ( 7.705255045419742821, 16.63956516501396266, 55.78448473392514728 ) ) ;
#1270 = LINE ( 'NONE', #1001, #2282 ) ;
#1271 = ORIENTED_EDGE ( 'NONE', *, *, #50, .F. ) ;
#1272 = ORIENTED_EDGE ( 'NONE', *, *, #1268, .F. ) ;
#1273 = DIRECTION ( 'NONE',  ( -4.032929656148398366E-15, 0.9867625124381896873, 0.1621719582624304712 ) ) ;
#1274 = EDGE_CURVE ( 'NONE', #2372, #2274, #1340, .T. ) ;
#1275 = CARTESIAN_POINT ( 'NONE',  ( 6.568783638333930419, 17.19548160140847060, 52.78731121092456391 ) ) ;
#1276 = LINE ( 'NONE', #2845, #2602 ) ;
#1277 = ORIENTED_EDGE ( 'NONE', *, *, #2727, .T. ) ;
#1278 = DIRECTION ( 'NONE',  ( 0.006297178994492659727, 0.9993710116692212653, 0.03489880473524466231 ) ) ;
#1279 = EDGE_CURVE ( 'NONE', #2634, #929, #2504, .T. ) ;
#1280 = CIRCLE ( 'NONE', #2385, 0.1105000000000027904 ) ;
#1281 = ORIENTED_EDGE ( 'NONE', *, *, #2732, .T. ) ;
#1282 = FACE_OUTER_BOUND ( 'NONE', #1236, .T. ) ;
#1283 = CARTESIAN_POINT ( 'NONE',  ( 6.708528947722132152, 18.35449273144606153, 50.42149693122871668 ) ) ;
#1284 = B_SPLINE_CURVE_WITH_KNOTS ( 'NONE', 3,
 ( #792, #1587, #3160, #806, #638, #870, #417, #2191, #3189, #1152, #1954, #400 ),
 .UNSPECIFIED., .F., .F.,
 ( 4, 2, 2, 2, 2, 4 ),
 ( 2.812093233101276601E-15, 0.001282275775900327749, 0.002564551551797843512, 0.003846827327695358841, 0.004487965215644342670, 0.005129103103593326933 ),
 .UNSPECIFIED. ) ;
#1285 = VECTOR ( 'NONE', #2496, 39.37007874015748854 ) ;
#1286 = ORIENTED_EDGE ( 'NONE', *, *, #715, .F. ) ;
#1287 = EDGE_LOOP ( 'NONE', ( #1122, #1522, #3095, #1800 ) ) ;
#1288 = AXIS2_PLACEMENT_3D ( 'NONE', #2807, #240, #3144 ) ;
#1289 = DIRECTION ( 'NONE',  ( 0.04927818435184642964, 0.1619749342972593154, -0.9855636870372121994 ) ) ;
#1290 = FACE_OUTER_BOUND ( 'NONE', #2616, .T. ) ;
#1291 = ORIENTED_EDGE ( 'NONE', *, *, #2791, .F. ) ;
#1292 = CIRCLE ( 'NONE', #2974, 0.1875000000000040801 ) ;
#1293 = CARTESIAN_POINT ( 'NONE',  ( 8.464009240074943818, 17.80630910888823948, 50.67386515268281499 ) ) ;
#1294 = CARTESIAN_POINT ( 'NONE',  ( 8.429156214938650749, 17.78722925865356785, 50.78995970538002780 ) ) ;
#1295 = VECTOR ( 'NONE', #1375, 39.37007874015748143 ) ;
#1296 = VECTOR ( 'NONE', #1594, 39.37007874015748143 ) ;
#1297 = AXIS2_PLACEMENT_3D ( 'NONE', #2071, #503, #1529 ) ;
#1298 = DIRECTION ( 'NONE',  ( -0.9987850922731003056, 0.007991539655956697574, -0.04862586499942015555 ) ) ;
#1299 = ADVANCED_FACE ( 'NONE', ( #1790 ), #514, .T. ) ;
#1300 = EDGE_CURVE ( 'NONE', #1990, #1341, #1443, .T. ) ;
#1301 = MECHANICAL_DESIGN_GEOMETRIC_PRESENTATION_REPRESENTATION (  '', ( #1899 ), #107 ) ;
#1302 = DIRECTION ( 'NONE',  ( 1.075430028295977810E-14, -0.9867625124381884660, -0.1621719582624382983 ) ) ;
#1303 = SURFACE_STYLE_USAGE ( .BOTH. , #1345 ) ;
#1304 = CARTESIAN_POINT ( 'NONE',  ( 6.832110453277980611, 17.31258291824185847, 52.85316927242998020 ) ) ;
#1305 = ORIENTED_EDGE ( 'NONE', *, *, #2566, .F. ) ;
#1306 = CARTESIAN_POINT ( 'NONE',  ( 7.938276449489475084, 17.55313444497453546, 50.92077189426567685 ) ) ;
#1307 = PLANE ( 'NONE',  #3379 ) ;
#1308 = CARTESIAN_POINT ( 'NONE',  ( 8.226117850769346873, 16.99577231087945606, 52.88925524888838225 ) ) ;
#1309 = EDGE_LOOP ( 'NONE', ( #346, #1894 ) ) ;
#1310 = CARTESIAN_POINT ( 'NONE',  ( 7.248934100280961523, 18.29869538409095497, 48.06325156359525153 ) ) ;
#1311 = EDGE_LOOP ( 'NONE', ( #2952, #657, #2126, #477 ) ) ;
#1312 = DIRECTION ( 'NONE',  ( -0.000000000000000000, 0.9867625124381883550, 0.1621719582624384370 ) ) ;
#1313 = EDGE_CURVE ( 'NONE', #1086, #1764, #1576, .T. ) ;
#1314 = CYLINDRICAL_SURFACE ( 'NONE', #1188, 0.1105000000000027904 ) ;
#1315 = ADVANCED_FACE ( 'NONE', ( #2626 ), #264, .F. ) ;
#1316 = LINE ( 'NONE', #20, #2700 ) ;
#1317 = ORIENTED_EDGE ( 'NONE', *, *, #3133, .T. ) ;
#1318 = CARTESIAN_POINT ( 'NONE',  ( 8.156370665287145272, 17.11460465649084384, 51.73784702204095254 ) ) ;
#1319 = DIRECTION ( 'NONE',  ( -0.04862741781208525932, 0.000000000000000000, 0.9988169873590100334 ) ) ;
#1320 = CARTESIAN_POINT ( 'NONE',  ( 8.186096304953359493, 16.94151040110454787, 52.79106808543329521 ) ) ;
#1321 = ORIENTED_EDGE ( 'NONE', *, *, #3294, .F. ) ;
#1322 = LINE ( 'NONE', #3353, #1180 ) ;
#1323 = EDGE_CURVE ( 'NONE', #2938, #3122, #2584, .T. ) ;
#1324 =( BOUNDED_SURFACE ( )  B_SPLINE_SURFACE ( 3, 2, ( 
 ( #2724, #1873, #2663 ),
 ( #2973, #2954, #558 ),
 ( #1371, #1145, #2420 ),
 ( #2150, #3214, #64 ),
 ( #1925, #2217, #3198 ),
 ( #607, #1387, #80 ),
 ( #1631, #626, #2923 ),
 ( #2677, #2435, #1424 ),
 ( #133, #327, #2453 ),
 ( #1615, #358, #1662 ) ),
 .UNSPECIFIED., .F., .F., .T. ) 
 B_SPLINE_SURFACE_WITH_KNOTS ( ( 4, 2, 2, 2, 4 ),
 ( 3, 3 ),
 ( 1.561664916572670814, 1.944423194888453388, 2.327181473204236184, 2.709939751520018980, 3.092698029835801776 ),
 ( 0.000000000000000000, 1.000000000000000000 ),
 .UNSPECIFIED. ) 
 GEOMETRIC_REPRESENTATION_ITEM ( )  RATIONAL_B_SPLINE_SURFACE ( (
 ( 1.000000000000000000, 0.7075192124026306040, 1.000000000000000000),
 ( 1.000000000000000000, 0.7017588658911976252, 1.000000000000000000),
 ( 1.000000000000000000, 0.6959157886845798169, 1.000000000000000000),
 ( 1.000000000000000000, 0.6849230505816085168, 1.000000000000000000),
 ( 1.000000000000000000, 0.6797779239261653172, 1.000000000000000000),
 ( 1.000000000000000000, 0.6709990761859833119, 1.000000000000000000),
 ( 1.000000000000000000, 0.6673706886221510981, 1.000000000000000000),
 ( 1.000000000000000000, 0.6622405001592768237, 1.000000000000000000),
 ( 1.000000000000000000, 0.6607363028608791433, 1.000000000000000000),
 ( 1.000000000000000000, 0.6604408934801196951, 1.000000000000000000) ) ) 
 REPRESENTATION_ITEM ( '' )  SURFACE ( )  );
#1325 = CARTESIAN_POINT ( 'NONE',  ( -11480.11124920963812, 17.96332712168307211, 50.10385607133714814 ) ) ;
#1326 = DIRECTION ( 'NONE',  ( -0.000000000000000000, 0.9867625124381882440, 0.1621719582624385203 ) ) ;
#1327 = VERTEX_POINT ( 'NONE', #2070 ) ;
#1328 = CIRCLE ( 'NONE', #308, 0.2500000000000023870 ) ;
#1329 = CARTESIAN_POINT ( 'NONE',  ( 6.834212177961525470, 17.19493065022791711, 52.79066356590004006 ) ) ;
#1330 = VECTOR ( 'NONE', #448, 39.37007874015748143 ) ;
#1331 = CARTESIAN_POINT ( 'NONE',  ( 8.364953357760883890, 17.25570922733274770, 50.87927256606171511 ) ) ;
#1332 = CARTESIAN_POINT ( 'NONE',  ( 8.292323943321422419, 16.91544422860427943, 52.94967208912753165 ) ) ;
#1333 = VERTEX_POINT ( 'NONE', #987 ) ;
#1334 = VECTOR ( 'NONE', #2085, 39.37007874015748143 ) ;
#1335 = EDGE_CURVE ( 'NONE', #2867, #311, #2554, .T. ) ;
#1336 = CARTESIAN_POINT ( 'NONE',  ( 7.333773555261914545, 17.60015656108922499, 53.08441510347726222 ) ) ;
#1337 = FACE_BOUND ( 'NONE', #565, .T. ) ;
#1338 = DIRECTION ( 'NONE',  ( -0.000000000000000000, 0.9867625124381881330, 0.1621719582624403244 ) ) ;
#1339 = VERTEX_POINT ( 'NONE', #502 ) ;
#1340 = CIRCLE ( 'NONE', #561, 0.1105000000000027904 ) ;
#1341 = VERTEX_POINT ( 'NONE', #747 ) ;
#1342 = AXIS2_PLACEMENT_3D ( 'NONE', #3111, #1552, #499 ) ;
#1343 = VECTOR ( 'NONE', #2574, 39.37007874015748143 ) ;
#1344 = CARTESIAN_POINT ( 'NONE',  ( 8.461950993846945934, 17.79954375620460993, 50.71503007714421329 ) ) ;
#1345 = SURFACE_SIDE_STYLE ('',( #287 ) ) ;
#1346 = EDGE_CURVE ( 'NONE', #1339, #1680, #1765, .T. ) ;
#1347 = EDGE_LOOP ( 'NONE', ( #21, #239 ) ) ;
#1348 = CIRCLE ( 'NONE', #3105, 0.1244999999999983620 ) ;
#1349 = DIRECTION ( 'NONE',  ( 0.000000000000000000, -0.1621719582624442935, 0.9867625124381874668 ) ) ;
#1350 = PLANE ( 'NONE',  #1736 ) ;
#1351 = CARTESIAN_POINT ( 'NONE',  ( 6.328150156334612753, 17.17700418676913898, 52.89974014308297257 ) ) ;
#1352 = ORIENTED_EDGE ( 'NONE', *, *, #3074, .T. ) ;
#1353 = CARTESIAN_POINT ( 'NONE',  ( 8.230377853720053594, 18.33657273006094002, 50.53053418885361481 ) ) ;
#1354 = CARTESIAN_POINT ( 'NONE',  ( 7.668657612496226683, 17.47681124703305144, 53.06414360869342062 ) ) ;
#1355 = CARTESIAN_POINT ( 'NONE',  ( 6.560514570858873462, 17.43626825746601483, 53.31083423680208710 ) ) ;
#1356 = EDGE_CURVE ( 'NONE', #1579, #1983, #13, .T. ) ;
#1357 = VERTEX_POINT ( 'NONE', #1541 ) ;
#1358 = EDGE_LOOP ( 'NONE', ( #1217, #3384 ) ) ;
#1359 = VERTEX_POINT ( 'NONE', #528 ) ;
#1360 = CARTESIAN_POINT ( 'NONE',  ( 8.464009240074943818, 17.80630910888823948, 50.67386515268281499 ) ) ;
#1361 = DIRECTION ( 'NONE',  ( -1.000000000000000000, -1.212857961063159638E-14, -4.549388667144350145E-15 ) ) ;
#1362 = ORIENTED_EDGE ( 'NONE', *, *, #154, .F. ) ;
#1363 = ADVANCED_FACE ( 'NONE', ( #289 ), #2165, .F. ) ;
#1364 = FACE_OUTER_BOUND ( 'NONE', #1544, .T. ) ;
#1365 = CARTESIAN_POINT ( 'NONE',  ( 8.100816545776117650, 16.93200103633206055, 52.84892941223188245 ) ) ;
#1366 = DIRECTION ( 'NONE',  ( 0.000000000000000000, 0.9793332441004248823, 0.2022532991071782082 ) ) ;
#1367 = EDGE_LOOP ( 'NONE', ( #597, #706, #2708, #445 ) ) ;
#1368 = EDGE_CURVE ( 'NONE', #761, #1050, #365, .T. ) ;
#1369 = DIRECTION ( 'NONE',  ( -6.749335247189119980E-15, -0.9867625124381935731, -0.1621719582624073508 ) ) ;
#1370 = DIRECTION ( 'NONE',  ( 0.04927818435184642964, 0.1619749342972593154, -0.9855636870372121994 ) ) ;
#1371 = CARTESIAN_POINT ( 'NONE',  ( 6.267231287996485989, 17.15939181259217605, 53.00690559128035773 ) ) ;
#1372 = DIRECTION ( 'NONE',  ( -1.000000000000000000, -1.605092555436303573E-14, 5.695111009175551862E-14 ) ) ;
#1373 = VERTEX_POINT ( 'NONE', #256 ) ;
#1374 = ORIENTED_EDGE ( 'NONE', *, *, #191, .T. ) ;
#1375 = DIRECTION ( 'NONE',  ( -1.000000000000000000, -1.226401458580554239E-14, -3.731362171940922400E-15 ) ) ;
#1376 = EDGE_LOOP ( 'NONE', ( #2432, #2345, #1886, #560, #2905, #2384, #2595, #591 ) ) ;
#1377 = PLANE ( 'NONE',  #1183 ) ;
#1378 = LINE ( 'NONE', #1115, #889 ) ;
#1379 = LINE ( 'NONE', #1641, #482 ) ;
#1380 = LINE ( 'NONE', #3223, #556 ) ;
#1381 = CARTESIAN_POINT ( 'NONE',  ( 8.230377853718492176, 16.83348404508076257, 49.91816917916928986 ) ) ;
#1382 = ORIENTED_EDGE ( 'NONE', *, *, #634, .T. ) ;
#1383 = CIRCLE ( 'NONE', #3297, 0.2500000000000023870 ) ;
#1384 = DIRECTION ( 'NONE',  ( 1.005147185947862494E-14, -0.9867625124381884660, -0.1621719582624382983 ) ) ;
#1385 = AXIS2_PLACEMENT_3D ( 'NONE', #3085, #2368, #2857 ) ;
#1386 = DIRECTION ( 'NONE',  ( 0.04927818435184641577, 0.1619749342972593154, -0.9855636870372121994 ) ) ;
#1387 = CARTESIAN_POINT ( 'NONE',  ( 6.422880100055935237, 17.17673859928024171, 52.90135615474852671 ) ) ;
#1388 = EDGE_CURVE ( 'NONE', #1061, #2142, #1838, .T. ) ;
#1389 = VECTOR ( 'NONE', #913, 39.37007874015748143 ) ;
#1390 = ORIENTED_EDGE ( 'NONE', *, *, #780, .F. ) ;
#1391 = ORIENTED_EDGE ( 'NONE', *, *, #2957, .T. ) ;
#1392 = VECTOR ( 'NONE', #2870, 39.37007874015748143 ) ;
#1393 = UNCERTAINTY_MEASURE_WITH_UNIT (LENGTH_MEASURE( 1.000000000000000082E-05 ), #2203, 'distance_accuracy_value', 'NONE');
#1394 = VECTOR ( 'NONE', #1866, 39.37007874015748143 ) ;
#1395 = PLANE ( 'NONE',  #2069 ) ;
#1396 = AXIS2_PLACEMENT_3D ( 'NONE', #848, #590, #1685 ) ;
#1397 = CARTESIAN_POINT ( 'NONE',  ( 7.819724849061474359, 16.00932393794160191, 53.32967326355679916 ) ) ;
#1398 = EDGE_CURVE ( 'NONE', #2196, #933, #22, .T. ) ;
#1399 = EDGE_LOOP ( 'NONE', ( #928, #1022, #1733, #647 ) ) ;
#1400 = VECTOR ( 'NONE', #1702, 39.37007874015748143 ) ;
#1401 = CARTESIAN_POINT ( 'NONE',  ( 6.438898219634057618, 17.60221713863306192, 50.68829691975371787 ) ) ;
#1402 = CYLINDRICAL_SURFACE ( 'NONE', #3305, 0.1105000000000027904 ) ;
#1403 = CARTESIAN_POINT ( 'NONE',  ( 6.600004315444739866, 17.60761428518245708, 50.91886941632391483 ) ) ;
#1404 = ORIENTED_EDGE ( 'NONE', *, *, #782, .T. ) ;
#1405 = AXIS2_PLACEMENT_3D ( 'NONE', #2800, #1480, #3355 ) ;
#1406 = PLANE ( 'NONE',  #3090 ) ;
#1407 = CARTESIAN_POINT ( 'NONE',  ( 6.634521759291485132, 17.39170252677731909, 51.59337204052461345 ) ) ;
#1408 = ORIENTED_EDGE ( 'NONE', *, *, #2503, .T. ) ;
#1409 = EDGE_CURVE ( 'NONE', #3361, #1067, #277, .T. ) ;
#1410 = ORIENTED_EDGE ( 'NONE', *, *, #1368, .F. ) ;
#1411 = DIRECTION ( 'NONE',  ( -0.006297178994492659727, -0.9993710116692212653, -0.03489880473524466231 ) ) ;
#1412 = DIRECTION ( 'NONE',  ( 0.000000000000000000, 0.1621719582624369937, -0.9867625124381886881 ) ) ;
#1413 = ORIENTED_EDGE ( 'NONE', *, *, #210, .T. ) ;
#1414 = EDGE_CURVE ( 'NONE', #3325, #2643, #1043, .T. ) ;
#1415 = EDGE_CURVE ( 'NONE', #1644, #2372, #3345, .T. ) ;
#1416 = CARTESIAN_POINT ( 'NONE',  ( 6.437395630161907079, 17.54216672165711088, 50.67784738034828251 ) ) ;
#1417 = CARTESIAN_POINT ( 'NONE',  ( 6.490583732090845714, 17.50185082705379713, 50.92315621106755685 ) ) ;
#1418 = CARTESIAN_POINT ( 'NONE',  ( 8.329550768074513556, 17.42046899000903792, 53.02157414741025576 ) ) ;
#1419 = CARTESIAN_POINT ( 'NONE',  ( 8.082363476852680861, -8.113050987017562221, 49.36522109780211309 ) ) ;
#1420 = FACE_OUTER_BOUND ( 'NONE', #883, .T. ) ;
#1421 = EDGE_LOOP ( 'NONE', ( #1463, #728, #2665, #2212 ) ) ;
#1422 = DIRECTION ( 'NONE',  ( 1.270679215567811385E-14, -0.9867625124381885771, -0.1621719582624382150 ) ) ;
#1423 = DIRECTION ( 'NONE',  ( -0.000000000000000000, 0.9867625124381881330, 0.1621719582624403244 ) ) ;
#1424 = CARTESIAN_POINT ( 'NONE',  ( 6.504993767675919969, 17.25366393713161628, 52.86604470352234131 ) ) ;
#1425 = DIRECTION ( 'NONE',  ( 0.000000000000000000, -0.1621719582624369937, 0.9867625124381886881 ) ) ;
#1426 = VERTEX_POINT ( 'NONE', #3083 ) ;
#1427 = DIRECTION ( 'NONE',  ( -0.000000000000000000, 0.9867625124381883550, 0.1621719582624388256 ) ) ;
#1428 = DIRECTION ( 'NONE',  ( -8.383495122956810558E-12, -0.1621719582624386313, 0.9867625124381884660 ) ) ;
#1429 = VERTEX_POINT ( 'NONE', #725 ) ;
#1430 = CARTESIAN_POINT ( 'NONE',  ( 6.689903892204048574, 17.55313444497450348, 50.92077189426574790 ) ) ;
#1431 = DIRECTION ( 'NONE',  ( 0.000000000000000000, -0.1621719582624464862, 0.9867625124381870227 ) ) ;
#1432 = DIRECTION ( 'NONE',  ( 0.000000000000000000, 0.000000000000000000, 1.000000000000000000 ) ) ;
#1433 = EDGE_LOOP ( 'NONE', ( #18, #1128 ) ) ;
#1434 =( BOUNDED_CURVE ( )  B_SPLINE_CURVE ( 3, ( #3014, #3254, #2457, #1165 ),
 .UNSPECIFIED., .F., .T. ) 
 B_SPLINE_CURVE_WITH_KNOTS ( ( 4, 4 ),
 ( 3.190487277343783123, 4.712388980384799808 ),
 .UNSPECIFIED. ) 
 CURVE ( )  GEOMETRIC_REPRESENTATION_ITEM ( )  RATIONAL_B_SPLINE_CURVE ( ( 1.000000000000000000, 0.8161204141114533073, 0.8161204141114533073, 1.000000000000000000 ) ) 
 REPRESENTATION_ITEM ( '' )  );
#1435 = CARTESIAN_POINT ( 'NONE',  ( 8.230377853717911307, 17.96332712182664437, 50.10385607138045572 ) ) ;
#1436 = DIRECTION ( 'NONE',  ( 0.000000000000000000, -0.1621719582624395750, 0.9867625124381881330 ) ) ;
#1437 = VERTEX_POINT ( 'NONE', #2348 ) ;
#1438 = EDGE_CURVE ( 'NONE', #1080, #1891, #1036, .T. ) ;
#1439 = AXIS2_PLACEMENT_3D ( 'NONE', #323, #2431, #1642 ) ;
#1440 = FACE_OUTER_BOUND ( 'NONE', #2776, .T. ) ;
#1441 = LINE ( 'NONE', #3336, #3138 ) ;
#1442 = AXIS2_PLACEMENT_3D ( 'NONE', #180, #947, #2788 ) ;
#1443 = CIRCLE ( 'NONE', #3370, 0.1244999999999983620 ) ;
#1444 = LENGTH_MEASURE_WITH_UNIT ( LENGTH_MEASURE( 0.02539999999999999897 ), #1966 );
#1445 = AXIS2_PLACEMENT_3D ( 'NONE', #982, #1817, #768 ) ;
#1446 = ORIENTED_EDGE ( 'NONE', *, *, #1862, .T. ) ;
#1447 = AXIS2_PLACEMENT_3D ( 'NONE', #1801, #1477, #211 ) ;
#1448 = FACE_OUTER_BOUND ( 'NONE', #1752, .T. ) ;
#1449 = DIRECTION ( 'NONE',  ( -6.749335247189119980E-15, -0.9867625124381934620, -0.1621719582624073230 ) ) ;
#1450 = CARTESIAN_POINT ( 'NONE',  ( 8.480074126791681266, 17.85911359031672063, 50.35256741834800209 ) ) ;
#1451 = CARTESIAN_POINT ( 'NONE',  ( 8.347804300108471409, 16.92110038540183226, 52.91525625328610261 ) ) ;
#1452 = ORIENTED_EDGE ( 'NONE', *, *, #413, .T. ) ;
#1453 = VECTOR ( 'NONE', #1931, 39.37007874015748143 ) ;
#1454 = DIRECTION ( 'NONE',  ( -0.000000000000000000, 0.9867625124381883550, 0.1621719582624384370 ) ) ;
#1455 = DIRECTION ( 'NONE',  ( -0.000000000000000000, 0.9867625124381882440, 0.1621719582624385203 ) ) ;
#1456 =( BOUNDED_CURVE ( )  B_SPLINE_CURVE ( 3, ( #137, #2726, #1460, #171 ),
 .UNSPECIFIED., .F., .F. ) 
 B_SPLINE_CURVE_WITH_KNOTS ( ( 4, 4 ),
 ( 0.000000000000000000, 0.7233962169319109181 ),
 .UNSPECIFIED. ) 
 CURVE ( )  GEOMETRIC_REPRESENTATION_ITEM ( )  RATIONAL_B_SPLINE_CURVE ( ( 1.000000000000000000, 0.9914809625596268106, 0.9891245645755208926, 0.9929308060476822462 ) ) 
 REPRESENTATION_ITEM ( '' )  );
#1457 = CIRCLE ( 'NONE', #2238, 0.1774999999999972156 ) ;
#1458 = DIRECTION ( 'NONE',  ( -0.000000000000000000, 0.9867625124381883550, 0.1621719582624388256 ) ) ;
#1459 = VECTOR ( 'NONE', #381, 39.37007874015748143 ) ;
#1460 = CARTESIAN_POINT ( 'NONE',  ( 7.941019198274773316, 17.34399543397099563, 50.92807518946065670 ) ) ;
#1461 = EDGE_CURVE ( 'NONE', #2230, #863, #3139, .T. ) ;
#1462 = EDGE_CURVE ( 'NONE', #929, #165, #1054, .T. ) ;
#1463 = ORIENTED_EDGE ( 'NONE', *, *, #1916, .F. ) ;
#1464 = DIRECTION ( 'NONE',  ( -0.000000000000000000, 0.9867625124381881330, 0.1621719582624403244 ) ) ;
#1465 = CARTESIAN_POINT ( 'NONE',  ( 6.971167575517704940, 17.90165446479461764, 50.09372032398825780 ) ) ;
#1466 = CARTESIAN_POINT ( 'NONE',  ( 7.851717793275190260, 17.12098091262953403, 52.85522977681534940 ) ) ;
#1467 = FACE_OUTER_BOUND ( 'NONE', #1486, .T. ) ;
#1468 = FACE_OUTER_BOUND ( 'NONE', #1787, .T. ) ;
#1469 = ORIENTED_EDGE ( 'NONE', *, *, #2565, .T. ) ;
#1470 = ORIENTED_EDGE ( 'NONE', *, *, #3362, .F. ) ;
#1471 = EDGE_CURVE ( 'NONE', #3137, #2300, #732, .T. ) ;
#1472 = CARTESIAN_POINT ( 'NONE',  ( 7.831760288743146781, 16.98170902146399897, 52.84671287180886168 ) ) ;
#1473 = ORIENTED_EDGE ( 'NONE', *, *, #763, .T. ) ;
#1474 = EDGE_LOOP ( 'NONE', ( #1773, #244, #909, #2090 ) ) ;
#1475 = LINE ( 'NONE', #711, #3374 ) ;
#1476 = DIRECTION ( 'NONE',  ( 1.509188348810272106E-16, 0.9867625124381900203, 0.1621719582624280842 ) ) ;
#1477 = DIRECTION ( 'NONE',  ( -0.000000000000000000, 0.9867625124381881330, 0.1621719582624403244 ) ) ;
#1478 = ORIENTED_EDGE ( 'NONE', *, *, #853, .T. ) ;
#1479 = ADVANCED_FACE ( 'NONE', ( #2932, #1364, #1852 ), #2639, .F. ) ;
#1480 = DIRECTION ( 'NONE',  ( 0.000000000000000000, -0.9867625124381881330, -0.1621719582624398803 ) ) ;
#1481 = DIRECTION ( 'NONE',  ( -1.000000000000000000, -1.518556440322763680E-14, -1.441592771895972671E-15 ) ) ;
#1482 = DIRECTION ( 'NONE',  ( 0.000000000000000000, -0.1621719582624369937, 0.9867625124381886881 ) ) ;
#1483 = CARTESIAN_POINT ( 'NONE',  ( -65.06483125847344695, -11554.83615370985171, -351.2464178897942588 ) ) ;
#1484 = PLANE ( 'NONE',  #2213 ) ;
#1485 = VERTEX_POINT ( 'NONE', #75 ) ;
#1486 = EDGE_LOOP ( 'NONE', ( #1969, #843, #2655, #228 ) ) ;
#1487 = LINE ( 'NONE', #1234, #2061 ) ;
#1488 = DIRECTION ( 'NONE',  ( -4.491201186832907144E-15, -0.9867625124381861346, -0.1621719582624525369 ) ) ;
#1489 = LINE ( 'NONE', #955, #1620 ) ;
#1490 = ORIENTED_EDGE ( 'NONE', *, *, #176, .F. ) ;
#1491 = ORIENTED_EDGE ( 'NONE', *, *, #3123, .T. ) ;
#1492 = LINE ( 'NONE', #1028, #2563 ) ;
#1493 = UNCERTAINTY_MEASURE_WITH_UNIT (LENGTH_MEASURE( 1.000000000000000082E-05 ), #3142, 'distance_accuracy_value', 'NONE');
#1494 = VECTOR ( 'NONE', #352, 39.37007874015748854 ) ;
#1495 = CARTESIAN_POINT ( 'NONE',  ( 6.560514570858911654, 17.35189152628717224, 53.43884524115289736 ) ) ;
#1496 = EDGE_LOOP ( 'NONE', ( #1179, #2664 ) ) ;
#1497 = AXIS2_PLACEMENT_3D ( 'NONE', #2000, #682, #1742 ) ;
#1498 = CARTESIAN_POINT ( 'NONE',  ( 6.708528947722027347, 17.90165446479461053, 50.09372032398828622 ) ) ;
#1499 = CARTESIAN_POINT ( 'NONE',  ( 8.230377853720053594, 18.37241273283693843, 50.31245967360476357 ) ) ;
#1500 = EDGE_CURVE ( 'NONE', #243, #1339, #3077, .T. ) ;
#1501 = AXIS2_PLACEMENT_3D ( 'NONE', #283, #993, #2848 ) ;
#1502 = CARTESIAN_POINT ( 'NONE',  ( 6.798484135831860620, 17.33405261087468219, 53.54738911752158259 ) ) ;
#1503 = EDGE_CURVE ( 'NONE', #767, #2102, #2159, .T. ) ;
#1504 = CARTESIAN_POINT ( 'NONE',  ( 8.247532773044513377, 17.00185543969258362, 52.85853074376814931 ) ) ;
#1505 = DIRECTION ( 'NONE',  ( -0.000000000000000000, 0.9867625124381883550, 0.1621719582624385203 ) ) ;
#1506 = ORIENTED_EDGE ( 'NONE', *, *, #2336, .T. ) ;
#1507 = ORIENTED_EDGE ( 'NONE', *, *, #2958, .T. ) ;
#1508 = ORIENTED_EDGE ( 'NONE', *, *, #70, .T. ) ;
#1509 = AXIS2_PLACEMENT_3D ( 'NONE', #2081, #1302, #3321 ) ;
#1510 = DIRECTION ( 'NONE',  ( -0.000000000000000000, 0.9867625124381882440, 0.1621719582624385203 ) ) ;
#1511 = CARTESIAN_POINT ( 'NONE',  ( 7.923871129100178656, 17.28425621453198247, 50.93137033877187037 ) ) ;
#1512 = VECTOR ( 'NONE', #2471, 39.37007874015748143 ) ;
#1513 = EDGE_LOOP ( 'NONE', ( #849, #2325, #1836, #1085 ) ) ;
#1514 = CIRCLE ( 'NONE', #2231, 0.2500000000000023870 ) ;
#1515 = FACE_OUTER_BOUND ( 'NONE', #1869, .T. ) ;
#1516 = VECTOR ( 'NONE', #3376, 39.37007874015748143 ) ;
#1517 = VECTOR ( 'NONE', #797, 39.37007874015748854 ) ;
#1518 = CARTESIAN_POINT ( 'NONE',  ( 8.429156214938650749, 17.78722925865356785, 50.78995970538002780 ) ) ;
#1519 = ORIENTED_EDGE ( 'NONE', *, *, #688, .F. ) ;
#1520 = CARTESIAN_POINT ( 'NONE',  ( 15752.41947736534530, 18.30456200270465672, 47.64216175363793582 ) ) ;
#1521 = CARTESIAN_POINT ( 'NONE',  ( 8.338488262612315793, 16.95215169181536297, 53.11171275051439977 ) ) ;
#1522 = ORIENTED_EDGE ( 'NONE', *, *, #1640, .F. ) ;
#1523 = ORIENTED_EDGE ( 'NONE', *, *, #1356, .F. ) ;
#1524 = ORIENTED_EDGE ( 'NONE', *, *, #2476, .F. ) ;
#1525 = EDGE_CURVE ( 'NONE', #2959, #1757, #66, .T. ) ;
#1526 = ADVANCED_FACE ( 'NONE', ( #549 ), #2412, .F. ) ;
#1527 = DIRECTION ( 'NONE',  ( 0.000000000000000000, -0.1621719582624464862, 0.9867625124381870227 ) ) ;
#1528 = DIMENSIONAL_EXPONENTS ( 1.000000000000000000, 0.000000000000000000, 0.000000000000000000, 0.000000000000000000, 0.000000000000000000, 0.000000000000000000, 0.000000000000000000 ) ;
#1529 = DIRECTION ( 'NONE',  ( 0.000000000000000000, 0.1621719582624442935, -0.9867625124381874668 ) ) ;
#1530 = DIRECTION ( 'NONE',  ( 0.000000000000000000, 0.9808120361962940903, 0.1949557633220409536 ) ) ;
#1531 = EDGE_LOOP ( 'NONE', ( #1845, #2093 ) ) ;
#1532 = ORIENTED_EDGE ( 'NONE', *, *, #801, .T. ) ;
#1533 = EDGE_CURVE ( 'NONE', #2262, #1429, #562, .T. ) ;
#1534 = LINE ( 'NONE', #3121, #1895 ) ;
#1535 = SURFACE_STYLE_USAGE ( .BOTH. , #731 ) ;
#1536 = EDGE_LOOP ( 'NONE', ( #2671, #197, #1865, #1634 ) ) ;
#1537 = DIRECTION ( 'NONE',  ( -0.000000000000000000, 0.9867625124381883550, 0.1621719582624384370 ) ) ;
#1538 = DIRECTION ( 'NONE',  ( -0.000000000000000000, 0.9867625124381881330, 0.1621719582624398803 ) ) ;
#1539 = CARTESIAN_POINT ( 'NONE',  ( 6.708528947722130376, 18.00558645674558633, 50.61750882238116134 ) ) ;
#1540 = ORIENTED_EDGE ( 'NONE', *, *, #1816, .T. ) ;
#1541 = CARTESIAN_POINT ( 'NONE',  ( 6.833879716932229620, 17.19465425843586104, 52.79744695831596601 ) ) ;
#1542 = CARTESIAN_POINT ( 'NONE',  ( 8.209280729844426361, 17.30049947000983224, 50.99213219851063883 ) ) ;
#1543 = DIRECTION ( 'NONE',  ( -6.328444105024763124E-15, 0.9867625124381883550, 0.1621719582624384925 ) ) ;
#1544 = EDGE_LOOP ( 'NONE', ( #1917, #3024, #542, #2257, #184, #2968 ) ) ;
#1545 = ORIENTED_EDGE ( 'NONE', *, *, #2251, .F. ) ;
#1546 = CARTESIAN_POINT ( 'NONE',  ( 8.082363476853934969, 17.01754584710536733, 53.13003588764740215 ) ) ;
#1547 = DIRECTION ( 'NONE',  ( -0.000000000000000000, 0.9867625124381881330, 0.1621719582624398803 ) ) ;
#1548 = EDGE_CURVE ( 'NONE', #538, #2900, #113, .T. ) ;
#1549 = CLOSED_SHELL ( 'NONE', ( #439, #1695, #2154, #3211, #1668, #282, #1882, #2040, #535, #1363, #995, #550, #1649, #1315, #2401, #345, #1259, #2906, #2989, #2399, #1907, #1206, #1906, #1981, #8, #1299, #1526, #1743, #2139, #119, #1861, #1088, #1755, #2841, #2539, #1648, #265, #2948, #430, #2440, #846, #10, #646, #1233, #2895, #1580, #977, #2248, #2460, #1776, #866, #1659, #3258, #2823, #3271, #2155, #3180, #223, #2714, #1967, #2084, #906, #3169, #2006, #2940, #733, #2622, #26, #2225, #2920, #356 ) ) ;
#1550 = FACE_OUTER_BOUND ( 'NONE', #2638, .T. ) ;
#1551 = CIRCLE ( 'NONE', #998, 0.1105000000000027904 ) ;
#1552 = DIRECTION ( 'NONE',  ( 1.000000000000000000, 0.000000000000000000, 0.000000000000000000 ) ) ;
#1553 = LINE ( 'NONE', #2097, #2001 ) ;
#1554 = AXIS2_PLACEMENT_3D ( 'NONE', #115, #2674, #1079 ) ;
#1555 = ORIENTED_EDGE ( 'NONE', *, *, #521, .T. ) ;
#1556 = EDGE_CURVE ( 'NONE', #2102, #3194, #2115, .T. ) ;
#1557 = AXIS2_PLACEMENT_3D ( 'NONE', #655, #1159, #1436 ) ;
#1558 = CARTESIAN_POINT ( 'NONE',  ( -11480.23794849836122, 17.90851984610052128, 53.13509384041317674 ) ) ;
#1559 = DIRECTION ( 'NONE',  ( 1.000000000000000000, 6.504113906681127257E-15, 1.138429840251974668E-15 ) ) ;
#1560 = DIRECTION ( 'NONE',  ( -1.000000000000000000, -2.483265911745831941E-14, 5.725777498525036180E-14 ) ) ;
#1561 = EDGE_LOOP ( 'NONE', ( #2478, #3367, #1938, #2226 ) ) ;
#1562 = AXIS2_PLACEMENT_3D ( 'NONE', #350, #335, #1137 ) ;
#1563 = EDGE_LOOP ( 'NONE', ( #2790, #2438, #151, #1913 ) ) ;
#1564 = APPLICATION_PROTOCOL_DEFINITION ( 'draft international standard', 'automotive_design', 1998, #2387 ) ;
#1565 = FACE_OUTER_BOUND ( 'NONE', #3373, .T. ) ;
#1566 = AXIS2_PLACEMENT_3D ( 'NONE', #2576, #1338, #1071 ) ;
#1567 = VECTOR ( 'NONE', #177, 39.37007874015748143 ) ;
#1568 = EDGE_LOOP ( 'NONE', ( #874, #2768, #980, #1047 ) ) ;
#1569 = EDGE_CURVE ( 'NONE', #1184, #1586, #1378, .T. ) ;
#1570 = EDGE_CURVE ( 'NONE', #753, #1357, #2039, .T. ) ;
#1571 =( BOUNDED_CURVE ( )  B_SPLINE_CURVE ( 3, ( #1984, #2288, #3019, #215 ),
 .UNSPECIFIED., .F., .F. ) 
 B_SPLINE_CURVE_WITH_KNOTS ( ( 4, 4 ),
 ( 3.147889749349185529, 4.127907443139003263 ),
 .UNSPECIFIED. ) 
 CURVE ( )  GEOMETRIC_REPRESENTATION_ITEM ( )  RATIONAL_B_SPLINE_CURVE ( ( 1.000000000000000000, 0.9215524633318790126, 0.9215524633318790126, 1.000000000000000000 ) ) 
 REPRESENTATION_ITEM ( '' )  );
#1572 = AXIS2_PLACEMENT_3D ( 'NONE', #385, #351, #1154 ) ;
#1573 = AXIS2_PLACEMENT_3D ( 'NONE', #868, #1689, #2730 ) ;
#1574 = DIRECTION ( 'NONE',  ( 0.04927818435184642964, 0.1619749342972593154, -0.9855636870372121994 ) ) ;
#1575 = EDGE_LOOP ( 'NONE', ( #1545, #1490, #1847, #2060 ) ) ;
#1576 = LINE ( 'NONE', #2567, #1887 ) ;
#1577 = DIRECTION ( 'NONE',  ( -0.009695013075860363719, -0.9993438579051865389, 0.03489785650490647567 ) ) ;
#1578 = CYLINDRICAL_SURFACE ( 'NONE', #1044, 0.2500000000000737743 ) ;
#1579 = VERTEX_POINT ( 'NONE', #2395 ) ;
#1580 = ADVANCED_FACE ( 'NONE', ( #2897, #2672 ), #368, .F. ) ;
#1581 = CARTESIAN_POINT ( 'NONE',  ( 7.848256261765485853, 17.42783394146554343, 52.97676086352891645 ) ) ;
#1582 = CARTESIAN_POINT ( 'NONE',  ( 8.230377853717937953, 17.92278413225760048, 50.35054669948989670 ) ) ;
#1583 =( BOUNDED_CURVE ( )  B_SPLINE_CURVE ( 3, ( #2668, #2683, #1344, #1360 ),
 .UNSPECIFIED., .F., .T. ) 
 B_SPLINE_CURVE_WITH_KNOTS ( ( 4, 4 ),
 ( 1.084239291225201018, 1.570796326794959619 ),
 .UNSPECIFIED. ) 
 CURVE ( )  GEOMETRIC_REPRESENTATION_ITEM ( )  RATIONAL_B_SPLINE_CURVE ( ( 1.000000000000000000, 0.9803689624430440563, 0.9803689624430440563, 1.000000000000000000 ) ) 
 REPRESENTATION_ITEM ( '' )  );
#1584 = DIRECTION ( 'NONE',  ( 0.000000000000000000, -0.1621719582624380762, 0.9867625124381884660 ) ) ;
#1585 = LINE ( 'NONE', #2391, #3154 ) ;
#1586 = VERTEX_POINT ( 'NONE', #2657 ) ;
#1587 = CARTESIAN_POINT ( 'NONE',  ( 6.432233358831648040, 17.51912048240033926, 50.81807609314042651 ) ) ;
#1588 = DIRECTION ( 'NONE',  ( 0.000000000000000000, -0.9867625124381881330, -0.1621719582624398803 ) ) ;
#1589 = CARTESIAN_POINT ( 'NONE',  ( 8.363111290320279778, 17.24503434049848849, 50.94422570756163537 ) ) ;
#1590 = CARTESIAN_POINT ( 'NONE',  ( 6.708528947724174074, 17.92278413225833944, 50.35054669948954853 ) ) ;
#1591 = ORIENTED_EDGE ( 'NONE', *, *, #3101, .T. ) ;
#1592 = ORIENTED_EDGE ( 'NONE', *, *, #1916, .T. ) ;
#1593 = CARTESIAN_POINT ( 'NONE',  ( 6.689903892204048574, 17.55313444497450348, 50.92077189426574790 ) ) ;
#1594 = DIRECTION ( 'NONE',  ( 1.000000000000000000, 6.504113906681127257E-15, 1.138429840251974668E-15 ) ) ;
#1595 = DIRECTION ( 'NONE',  ( -0.04927818435184643658, -0.1619749342972593154, 0.9855636870372121994 ) ) ;
#1596 = CARTESIAN_POINT ( 'NONE',  ( 7.242364598190024871, 17.19465425843586814, 52.79744695831596601 ) ) ;
#1597 = ORIENTED_EDGE ( 'NONE', *, *, #2618, .T. ) ;
#1598 = ADVANCED_FACE ( 'NONE', ( #321 ), #58, .T. ) ;
#1599 = DIRECTION ( 'NONE',  ( 0.000000000000000000, -0.1621719582624395750, 0.9867625124381881330 ) ) ;
#1600 = FACE_OUTER_BOUND ( 'NONE', #288, .T. ) ;
#1601 = ORIENTED_EDGE ( 'NONE', *, *, #1219, .F. ) ;
#1602 = AXIS2_PLACEMENT_3D ( 'NONE', #2179, #2397, #2145 ) ;
#1603 = EDGE_CURVE ( 'NONE', #1373, #789, #784, .T. ) ;
#1604 = EDGE_CURVE ( 'NONE', #3122, #293, #190, .T. ) ;
#1605 = B_SPLINE_CURVE_WITH_KNOTS ( 'NONE', 3,
 ( #988, #2033, #3382, #1024, #2088, #3118, #759, #1511, #2569, #226 ),
 .UNSPECIFIED., .F., .F.,
 ( 4, 2, 2, 2, 4 ),
 ( 3.072731514363723983E-15, 0.0005579043733600202179, 0.001115808746716967590, 0.001673713120073915071, 0.002231617493430862551 ),
 .UNSPECIFIED. ) ;
#1606 = DIRECTION ( 'NONE',  ( 0.000000000000000000, 0.1621719582624398803, -0.9867625124381881330 ) ) ;
#1607 = COLOUR_RGB ( '',0.7921568627450980005, 0.8196078431372548767, 0.9333333333333333481 ) ;
#1608 = CARTESIAN_POINT ( 'NONE',  ( 8.289055874685828940, 17.24010499120138462, 50.97421916111064633 ) ) ;
#1609 = FACE_OUTER_BOUND ( 'NONE', #3270, .T. ) ;
#1610 = ORIENTED_EDGE ( 'NONE', *, *, #2476, .T. ) ;
#1611 = AXIS2_PLACEMENT_3D ( 'NONE', #1582, #1828, #2859 ) ;
#1612 = DIRECTION ( 'NONE',  ( 1.000000000000000000, 0.000000000000000000, 0.000000000000000000 ) ) ;
#1613 = CARTESIAN_POINT ( 'NONE',  ( 7.576892230265364958, 17.55538352894125964, 53.07705676729275268 ) ) ;
#1614 = CARTESIAN_POINT ( 'NONE',  ( 7.590549235871417721, 18.05473185531429792, 50.62558574608368644 ) ) ;
#1615 = CARTESIAN_POINT ( 'NONE',  ( 6.568783638333930419, 17.19548160140847415, 52.78731121092455680 ) ) ;
#1616 = ORIENTED_EDGE ( 'NONE', *, *, #2678, .T. ) ;
#1617 = ORIENTED_EDGE ( 'NONE', *, *, #634, .F. ) ;
#1618 = CIRCLE ( 'NONE', #2121, 0.1105000000000027904 ) ;
#1619 = EDGE_CURVE ( 'NONE', #1983, #117, #2342, .T. ) ;
#1620 = VECTOR ( 'NONE', #2017, 39.37007874015748143 ) ;
#1621 = CARTESIAN_POINT ( 'NONE',  ( 8.230377853720026948, 17.86111147523130782, 50.34041095209822458 ) ) ;
#1622 = ORIENTED_EDGE ( 'NONE', *, *, #2824, .T. ) ;
#1623 = CARTESIAN_POINT ( 'NONE',  ( 8.156370665287145272, 16.81857590275938463, 51.68919543456222243 ) ) ;
#1624 = CIRCLE ( 'NONE', #487, 0.1406000000000001138 ) ;
#1625 = CARTESIAN_POINT ( 'NONE',  ( 8.242525164985680775, 17.24714321879913115, 50.93139388337866791 ) ) ;
#1626 = CARTESIAN_POINT ( 'NONE',  ( 8.104318718697621549, 17.00518516108739675, 52.78902170119320658 ) ) ;
#1627 = EDGE_CURVE ( 'NONE', #1067, #2360, #637, .T. ) ;
#1628 = PRODUCT_CONTEXT ( 'NONE', #87, 'mechanical' ) ;
#1629 = CARTESIAN_POINT ( 'NONE',  ( 6.708528947724155422, 17.83840740107429212, 50.47855770383952034 ) ) ;
#1630 = FACE_OUTER_BOUND ( 'NONE', #382, .T. ) ;
#1631 = CARTESIAN_POINT ( 'NONE',  ( 6.415051985926508493, 17.18934934299851491, 52.82462396696672613 ) ) ;
#1632 = EDGE_CURVE ( 'NONE', #348, #616, #2542, .T. ) ;
#1633 = ORIENTED_EDGE ( 'NONE', *, *, #2269, .T. ) ;
#1634 = ORIENTED_EDGE ( 'NONE', *, *, #33, .T. ) ;
#1635 = CYLINDRICAL_SURFACE ( 'NONE', #480, 0.1105000000000027904 ) ;
#1636 = ADVANCED_FACE ( 'NONE', ( #1955 ), #1226, .T. ) ;
#1637 = ORIENTED_EDGE ( 'NONE', *, *, #1415, .T. ) ;
#1638 = FACE_BOUND ( 'NONE', #300, .T. ) ;
#1639 = CARTESIAN_POINT ( 'NONE',  ( 6.568783638333929531, 17.25715425843585749, 52.79744695831595891 ) ) ;
#1640 = EDGE_CURVE ( 'NONE', #1579, #1586, #3043, .T. ) ;
#1641 = CARTESIAN_POINT ( 'NONE',  ( 8.156370665287145272, 17.13740603382254335, 51.59910821279214588 ) ) ;
#1642 = DIRECTION ( 'NONE',  ( 0.000000000000000000, -0.1621719582624369937, 0.9867625124381886881 ) ) ;
#1643 = CARTESIAN_POINT ( 'NONE',  ( 6.310818297700282464, -15521.91300456895806, -2500.554953608518190 ) ) ;
#1644 = VERTEX_POINT ( 'NONE', #871 ) ;
#1645 = PLANE ( 'NONE',  #205 ) ;
#1646 = DIRECTION ( 'NONE',  ( 0.000000000000000000, 0.1621719582624398803, -0.9867625124381881330 ) ) ;
#1647 = ORIENTED_EDGE ( 'NONE', *, *, #2247, .T. ) ;
#1648 = ADVANCED_FACE ( 'NONE', ( #923 ), #2233, .T. ) ;
#1649 = ADVANCED_FACE ( 'NONE', ( #1935 ), #2912, .F. ) ;
#1650 = ORIENTED_EDGE ( 'NONE', *, *, #2466, .T. ) ;
#1651 = CARTESIAN_POINT ( 'NONE',  ( 7.146903874891981978, 17.96332712182395497, 50.10385607138000807 ) ) ;
#1652 = ORIENTED_EDGE ( 'NONE', *, *, #2791, .T. ) ;
#1653 = CARTESIAN_POINT ( 'NONE',  ( 6.833879716932229620, 17.19465425843586104, 52.79744695831596601 ) ) ;
#1654 = LINE ( 'NONE', #2701, #2297 ) ;
#1655 = CARTESIAN_POINT ( 'NONE',  ( 7.242364598190023095, 17.32101841993315006, 52.86221524049707199 ) ) ;
#1656 = DIRECTION ( 'NONE',  ( 1.000000000000000000, 1.061194036672810726E-14, 1.744045936629912209E-15 ) ) ;
#1657 = ORIENTED_EDGE ( 'NONE', *, *, #1968, .T. ) ;
#1658 = ORIENTED_EDGE ( 'NONE', *, *, #1368, .T. ) ;
#1659 = ADVANCED_FACE ( 'NONE', ( #618, #1728 ), #2495, .F. ) ;
#1660 = AXIS2_PLACEMENT_3D ( 'NONE', #2789, #436, #467 ) ;
#1661 = CARTESIAN_POINT ( 'NONE',  ( 6.560514570858901884, 16.28850517934005637, 53.23418460221665782 ) ) ;
#1662 = CARTESIAN_POINT ( 'NONE',  ( 6.568783638333929531, 17.25497303989195430, 52.85990888500464990 ) ) ;
#1663 = ORIENTED_EDGE ( 'NONE', *, *, #1102, .T. ) ;
#1664 = CIRCLE ( 'NONE', #415, 0.1105000000000027904 ) ;
#1665 = CYLINDRICAL_SURFACE ( 'NONE', #1953, 0.5099999999999966782 ) ;
#1666 = AXIS2_PLACEMENT_3D ( 'NONE', #2596, #772, #3173 ) ;
#1667 = ORIENTED_EDGE ( 'NONE', *, *, #1055, .T. ) ;
#1668 = ADVANCED_FACE ( 'NONE', ( #3003 ), #2991, .F. ) ;
#1669 = AXIS2_PLACEMENT_3D ( 'NONE', #2786, #1481, #639 ) ;
#1670 = EDGE_CURVE ( 'NONE', #2797, #3076, #44, .T. ) ;
#1671 = FILL_AREA_STYLE ('',( #907 ) ) ;
#1672 = CIRCLE ( 'NONE', #2558, 0.1105000000000027904 ) ;
#1673 = ORIENTED_EDGE ( 'NONE', *, *, #1533, .F. ) ;
#1674 = AXIS2_PLACEMENT_3D ( 'NONE', #206, #2303, #2 ) ;
#1675 = CARTESIAN_POINT ( 'NONE',  ( 8.450160394817599396, 17.25753976387122179, 50.86813435910293180 ) ) ;
#1676 = DIRECTION ( 'NONE',  ( -1.075262961451087530E-14, 0.9867625124381884660, 0.1621719582624382983 ) ) ;
#1677 = CARTESIAN_POINT ( 'NONE',  ( 8.299377043048792757, 17.42783394146554699, 52.97676086352891645 ) ) ;
#1678 = DIRECTION ( 'NONE',  ( 0.000000000000000000, 0.9793332441004248823, 0.2022532991071782082 ) ) ;
#1679 = CYLINDRICAL_SURFACE ( 'NONE', #2962, 0.1406000000000001138 ) ;
#1680 = VERTEX_POINT ( 'NONE', #1465 ) ;
#1681 = AXIS2_PLACEMENT_3D ( 'NONE', #241, #2276, #2331 ) ;
#1682 = VERTEX_POINT ( 'NONE', #944 ) ;
#1683 = CIRCLE ( 'NONE', #630, 0.1399999999999983480 ) ;
#1684 = LINE ( 'NONE', #2183, #90 ) ;
#1685 = DIRECTION ( 'NONE',  ( 0.000000000000000000, 0.9867625124381900203, 0.1621719582624281120 ) ) ;
#1686 = CARTESIAN_POINT ( 'NONE',  ( 7.206555030725660949, 17.60015656108922499, 53.08441510347726222 ) ) ;
#1687 = VERTEX_POINT ( 'NONE', #2527 ) ;
#1688 = CARTESIAN_POINT ( 'NONE',  ( 6.560514570858106076, 17.90851984622239712, 53.13509384043319983 ) ) ;
#1689 = DIRECTION ( 'NONE',  ( 0.000000000000000000, -0.9867625124381883550, -0.1621719582624384370 ) ) ;
#1690 = ORIENTED_EDGE ( 'NONE', *, *, #716, .F. ) ;
#1691 = CARTESIAN_POINT ( 'NONE',  ( -11480.36464778649315, 17.06035700556319057, 55.59812937268476674 ) ) ;
#1692 = DIRECTION ( 'NONE',  ( -0.009695013075864558280, -0.9993438579051866499, 0.03489785650490648261 ) ) ;
#1693 = EDGE_CURVE ( 'NONE', #1050, #932, #1153, .T. ) ;
#1694 = DIRECTION ( 'NONE',  ( 0.000000000000000000, 0.1621719582624387979, -0.9867625124381882440 ) ) ;
#1695 = ADVANCED_FACE ( 'NONE', ( #1707 ), #1747, .F. ) ;
#1696 = CARTESIAN_POINT ( 'NONE',  ( 15752.05000666422166, 17.55531566390941123, 50.98323382005289517 ) ) ;
#1697 = CARTESIAN_POINT ( 'NONE',  ( 8.082363476853931417, 17.88589685804981855, 53.27274721091816190 ) ) ;
#1698 = ORIENTED_EDGE ( 'NONE', *, *, #715, .T. ) ;
#1699 = DIRECTION ( 'NONE',  ( 1.693089050062150051E-15, 0.1621719582624305267, -0.9867625124381897983 ) ) ;
#1700 = DIRECTION ( 'NONE',  ( 0.000000000000000000, -0.1621719582624369937, 0.9867625124381886881 ) ) ;
#1701 = ORIENTED_EDGE ( 'NONE', *, *, #2120, .F. ) ;
#1702 = DIRECTION ( 'NONE',  ( -0.000000000000000000, 0.9867625124381881330, 0.1621719582624403244 ) ) ;
#1703 = ORIENTED_EDGE ( 'NONE', *, *, #593, .F. ) ;
#1704 = DIRECTION ( 'NONE',  ( -1.000000000000000000, -8.723762935781772049E-15, 5.669523993492345550E-14 ) ) ;
#1705 = ORIENTED_EDGE ( 'NONE', *, *, #2271, .F. ) ;
#1706 = CARTESIAN_POINT ( 'NONE',  ( 6.485018629415499447, 17.57485469969423519, 50.81684103031697930 ) ) ;
#1707 = FACE_OUTER_BOUND ( 'NONE', #3210, .T. ) ;
#1708 = FACE_OUTER_BOUND ( 'NONE', #2398, .T. ) ;
#1709 = CARTESIAN_POINT ( 'NONE',  ( 8.332059749921043590, 16.30442729581655215, 53.13730381084359777 ) ) ;
#1710 = DIRECTION ( 'NONE',  ( 5.710707575386692223E-15, 0.9867625124381900203, 0.1621719582624281120 ) ) ;
#1711 = ORIENTED_EDGE ( 'NONE', *, *, #57, .F. ) ;
#1712 = LINE ( 'NONE', #2755, #1829 ) ;
#1713 = CARTESIAN_POINT ( 'NONE',  ( 7.832933448295429812, 16.98587341311588261, 52.84823093558033946 ) ) ;
#1714 = CIRCLE ( 'NONE', #306, 0.1105000000000027904 ) ;
#1715 = ORIENTED_EDGE ( 'NONE', *, *, #2633, .T. ) ;
#1716 = EDGE_LOOP ( 'NONE', ( #570, #1788, #125, #3290, #3143, #3070 ) ) ;
#1717 = AXIS2_PLACEMENT_3D ( 'NONE', #2414, #2689, #41 ) ;
#1718 = DIRECTION ( 'NONE',  ( 0.04927818435184642964, 0.1619749342972593154, -0.9855636870372123104 ) ) ;
#1719 = CARTESIAN_POINT ( 'NONE',  ( 8.156370665287145272, 16.79577452542768512, 51.82793424381102909 ) ) ;
#1720 = STYLED_ITEM ( 'NONE', ( #752 ), #948 ) ;
#1721 = AXIS2_PLACEMENT_3D ( 'NONE', #473, #2613, #1006 ) ;
#1722 = LINE ( 'NONE', #173, #2820 ) ;
#1723 = EDGE_CURVE ( 'NONE', #1682, #1926, #1175, .T. ) ;
#1724 = AXIS2_PLACEMENT_3D ( 'NONE', #3124, #236, #701 ) ;
#1725 = ORIENTED_EDGE ( 'NONE', *, *, #826, .F. ) ;
#1726 = AXIS2_PLACEMENT_3D ( 'NONE', #2041, #1775, #2284 ) ;
#1727 = CARTESIAN_POINT ( 'NONE',  ( 6.336769491563255308, 17.42162557819989743, 53.01453669231923982 ) ) ;
#1728 = FACE_OUTER_BOUND ( 'NONE', #878, .T. ) ;
#1729 = CARTESIAN_POINT ( 'NONE',  ( 8.082363476853931417, 17.86797685666181934, 53.38178446854258397 ) ) ;
#1730 = CARTESIAN_POINT ( 'NONE',  ( 8.480074126786764310, 17.85911359031508994, 50.35256741834749761 ) ) ;
#1731 = CYLINDRICAL_SURFACE ( 'NONE', #1660, 0.06250000000000295597 ) ;
#1732 = ORIENTED_EDGE ( 'NONE', *, *, #1816, .F. ) ;
#1733 = ORIENTED_EDGE ( 'NONE', *, *, #1388, .T. ) ;
#1734 = DIRECTION ( 'NONE',  ( 0.000000000000000000, -0.1621719582624394085, 0.9867625124381883550 ) ) ;
#1735 = CARTESIAN_POINT ( 'NONE',  ( 6.328150156334612753, 17.17700418676913898, 52.89974014308297257 ) ) ;
#1736 = AXIS2_PLACEMENT_3D ( 'NONE', #2933, #2396, #1319 ) ;
#1737 = ORIENTED_EDGE ( 'NONE', *, *, #1461, .T. ) ;
#1738 = ORIENTED_EDGE ( 'NONE', *, *, #1770, .T. ) ;
#1739 = CARTESIAN_POINT ( 'NONE',  ( 6.560514570858911654, 17.35189152628717224, 53.43884524115289736 ) ) ;
#1740 = AXIS2_PLACEMENT_3D ( 'NONE', #2174, #1915, #1412 ) ;
#1741 = CARTESIAN_POINT ( 'NONE',  ( 8.082363476853931417, 17.86797685666181934, 53.38178446854258397 ) ) ;
#1742 = DIRECTION ( 'NONE',  ( 0.000000000000000000, -0.1621719582624369937, 0.9867625124381886881 ) ) ;
#1743 = ADVANCED_FACE ( 'NONE', ( #509 ), #7, .T. ) ;
#1744 = DIRECTION ( 'NONE',  ( -6.602637176278885577E-15, 0.9867625124381883550, 0.1621719582624384925 ) ) ;
#1745 = EDGE_LOOP ( 'NONE', ( #714, #495, #3147, #750 ) ) ;
#1746 = CARTESIAN_POINT ( 'NONE',  ( -101.8680978225774680, -11302.22496008128110, 446.2161334306824756 ) ) ;
#1747 = CYLINDRICAL_SURFACE ( 'NONE', #1669, 0.06250000000000076328 ) ;
#1748 = CARTESIAN_POINT ( 'NONE',  ( 6.708528947722095737, 18.35449273144937266, 50.42149693122925669 ) ) ;
#1749 = DIRECTION ( 'NONE',  ( -3.203805737573633408E-14, -0.5830735725600254549, -0.8124193553714047500 ) ) ;
#1750 = CARTESIAN_POINT ( 'NONE',  ( 8.343763286812889035, 16.92257385169122585, 52.99850164331335378 ) ) ;
#1751 = VERTEX_POINT ( 'NONE', #718 ) ;
#1752 = EDGE_LOOP ( 'NONE', ( #254, #1161, #1633, #305 ) ) ;
#1753 = FACE_BOUND ( 'NONE', #2109, .T. ) ;
#1754 = ORIENTED_EDGE ( 'NONE', *, *, #1162, .T. ) ;
#1755 = ADVANCED_FACE ( 'NONE', ( #1017 ), #2837, .T. ) ;
#1756 = DIRECTION ( 'NONE',  ( 0.000000000000000000, 0.1621719582624384648, -0.9867625124381884660 ) ) ;
#1757 = VERTEX_POINT ( 'NONE', #1759 ) ;
#1758 = CARTESIAN_POINT ( 'NONE',  ( 7.309104492450982704, 17.51907058195806144, 53.57779635969601628 ) ) ;
#1759 = CARTESIAN_POINT ( 'NONE',  ( 8.347804300108471409, 16.92110038540183226, 52.91525625328610261 ) ) ;
#1760 = CARTESIAN_POINT ( 'NONE',  ( 8.082363476853968720, 17.37459560044387885, 53.30069848941155897 ) ) ;
#1761 = DIRECTION ( 'NONE',  ( 0.006297178994489225842, 0.9993710116692212653, 0.03489880473524185206 ) ) ;
#1762 = DIRECTION ( 'NONE',  ( -7.662287252629453370E-12, 0.1621719582624386313, -0.9867625124381884660 ) ) ;
#1763 = EDGE_LOOP ( 'NONE', ( #1974, #281 ) ) ;
#1764 = VERTEX_POINT ( 'NONE', #1499 ) ;
#1765 = LINE ( 'NONE', #3104, #2971 ) ;
#1766 = DIMENSIONAL_EXPONENTS ( 1.000000000000000000, 0.000000000000000000, 0.000000000000000000, 0.000000000000000000, 0.000000000000000000, 0.000000000000000000, 0.000000000000000000 ) ;
#1767 = CARTESIAN_POINT ( 'NONE',  ( 7.615218298682695952, 18.13581783444514173, 50.13220448986496791 ) ) ;
#1768 = DIRECTION ( 'NONE',  ( 0.000000000000000000, -0.1621719582624454037, 0.9867625124381872448 ) ) ;
#1769 = VERTEX_POINT ( 'NONE', #2591 ) ;
#1770 = EDGE_CURVE ( 'NONE', #783, #1339, #2044, .T. ) ;
#1771 = EDGE_LOOP ( 'NONE', ( #1732, #222, #1892, #1257, #3040 ) ) ;
#1772 = DIRECTION ( 'NONE',  ( 0.000000000000000000, 0.9793332441004248823, 0.2022532991071782082 ) ) ;
#1773 = ORIENTED_EDGE ( 'NONE', *, *, #1627, .F. ) ;
#1774 = CIRCLE ( 'NONE', #1051, 0.06250000000000295597 ) ;
#1775 = DIRECTION ( 'NONE',  ( -0.000000000000000000, 0.9867625124381883550, 0.1621719582624385203 ) ) ;
#1776 = ADVANCED_FACE ( 'NONE', ( #1248, #1267 ), #741, .F. ) ;
#1777 = ORIENTED_EDGE ( 'NONE', *, *, #1619, .F. ) ;
#1778 = CIRCLE ( 'NONE', #945, 0.1105000000000027904 ) ;
#1779 = CARTESIAN_POINT ( 'NONE',  ( 6.634521759291474474, 17.36129528460307725, 51.77839001160698729 ) ) ;
#1780 = DIRECTION ( 'NONE',  ( -1.521833160615617370E-14, 0.9867625124381885771, 0.1621719582624380762 ) ) ;
#1781 = VECTOR ( 'NONE', #2631, 39.37007874015748143 ) ;
#1782 = DIRECTION ( 'NONE',  ( 4.079890020853871236E-18, 0.9916174987123095308, 0.1292081121584195968 ) ) ;
#1783 = CARTESIAN_POINT ( 'NONE',  ( 6.708528947722082414, 17.88224114269272391, 50.59723732759912451 ) ) ;
#1784 = ORIENTED_EDGE ( 'NONE', *, *, #2637, .T. ) ;
#1785 = EDGE_CURVE ( 'NONE', #2020, #2243, #1292, .T. ) ;
#1786 = ADVANCED_FACE ( 'NONE', ( #2865, #1282, #484 ), #3079, .F. ) ;
#1787 = EDGE_LOOP ( 'NONE', ( #238, #1815, #1038, #757, #2244, #1540, #451, #1391, #16, #1478 ) ) ;
#1788 = ORIENTED_EDGE ( 'NONE', *, *, #1670, .T. ) ;
#1789 = CIRCLE ( 'NONE', #1445, 0.2500000000000023870 ) ;
#1790 = FACE_OUTER_BOUND ( 'NONE', #1098, .T. ) ;
#1791 = DIRECTION ( 'NONE',  ( 1.000000000000000000, 7.404131270086550309E-15, 3.772937363575131636E-15 ) ) ;
#1792 = CARTESIAN_POINT ( 'NONE',  ( 8.134151430724585907, 17.00276263333936910, 52.85301077166617034 ) ) ;
#1793 = ORIENTED_EDGE ( 'NONE', *, *, #1604, .T. ) ;
#1794 = VECTOR ( 'NONE', #615, 39.37007874015748854 ) ;
#1795 = ORIENTED_EDGE ( 'NONE', *, *, #938, .T. ) ;
#1796 = AXIS2_PLACEMENT_3D ( 'NONE', #1256, #900, #2742 ) ;
#1797 = DIRECTION ( 'NONE',  ( 0.000000000000000000, -0.1621719582624454037, 0.9867625124381872448 ) ) ;
#1798 =( NAMED_UNIT ( * ) PLANE_ANGLE_UNIT ( ) SI_UNIT ( $, .RADIAN. ) );
#1799 = AXIS2_PLACEMENT_3D ( 'NONE', #3365, #3329, #3106 ) ;
#1800 = ORIENTED_EDGE ( 'NONE', *, *, #1723, .T. ) ;
#1801 = CARTESIAN_POINT ( 'NONE',  ( 8.230377853720053594, 18.35449273144893922, 50.42149693122919274 ) ) ;
#1802 = EDGE_LOOP ( 'NONE', ( #2550, #3058, #2549, #1705 ) ) ;
#1803 = ORIENTED_EDGE ( 'NONE', *, *, #329, .F. ) ;
#1804 = DIRECTION ( 'NONE',  ( -0.000000000000000000, 0.9867625124381881330, 0.1621719582624398803 ) ) ;
#1805 = LINE ( 'NONE', #249, #2400 ) ;
#1806 = CARTESIAN_POINT ( 'NONE',  ( 6.477125553183425311, 17.78722925865178439, 50.78995970538016280 ) ) ;
#1807 = ORIENTED_EDGE ( 'NONE', *, *, #2353, .F. ) ;
#1808 = EDGE_CURVE ( 'NONE', #1769, #2131, #36, .T. ) ;
#1809 = DIRECTION ( 'NONE',  ( 1.000000000000000000, 2.483265911745831941E-14, -5.725777498525034918E-14 ) ) ;
#1810 = DIRECTION ( 'NONE',  ( 4.489714774571248642E-15, 0.9867625124381862456, 0.1621719582624525369 ) ) ;
#1811 = CARTESIAN_POINT ( 'NONE',  ( 8.101264082755136542, 17.00302577357914302, 52.85140965070950614 ) ) ;
#1812 = ORIENTED_EDGE ( 'NONE', *, *, #1117, .F. ) ;
#1813 = ORIENTED_EDGE ( 'NONE', *, *, #1313, .F. ) ;
#1814 =( BOUNDED_SURFACE ( )  B_SPLINE_SURFACE ( 3, 2, ( 
 ( #910, #126, #1430 ),
 ( #367, #3002, #3207 ),
 ( #858, #383, #1918 ),
 ( #2698, #2494, #1970 ),
 ( #1094, #617, #2946 ),
 ( #2158, #2963, #1706 ),
 ( #648, #2207, #2428 ),
 ( #2931, #598, #349 ),
 ( #2479, #1416, #1401 ),
 ( #3241, #2749, #2464 ) ),
 .UNSPECIFIED., .F., .F., .F. ) 
 B_SPLINE_SURFACE_WITH_KNOTS ( ( 4, 2, 2, 2, 4 ),
 ( 3, 3 ),
 ( 3.093256491086227911, 3.500468312144790151, 3.907680133203352391, 4.314891954261915075, 4.722103775320476871 ),
 ( 0.000000000000000000, 1.000000000000000000 ),
 .UNSPECIFIED. ) 
 GEOMETRIC_REPRESENTATION_ITEM ( )  RATIONAL_B_SPLINE_SURFACE ( (
 ( 1.000000000000000000, 0.7734696770191454851, 1.000000000000000000),
 ( 1.000000000000000000, 0.7738935917756062377, 1.000000000000000000),
 ( 1.000000000000000000, 0.7725297862815418970, 1.000000000000000000),
 ( 1.000000000000000000, 0.7664351824117499046, 1.000000000000000000),
 ( 1.000000000000000000, 0.7616977945123836191, 1.000000000000000000),
 ( 1.000000000000000000, 0.7494453819715974907, 1.000000000000000000),
 ( 1.000000000000000000, 0.7419313608997707421, 1.000000000000000000),
 ( 1.000000000000000000, 0.7251477397383572221, 1.000000000000000000),
 ( 1.000000000000000000, 0.7158858583197383885, 1.000000000000000000),
 ( 1.000000000000000000, 0.7064307244014341736, 1.000000000000000000) ) ) 
 REPRESENTATION_ITEM ( '' )  SURFACE ( )  );
#1815 = ORIENTED_EDGE ( 'NONE', *, *, #1438, .T. ) ;
#1816 = EDGE_CURVE ( 'NONE', #1092, #1827, #1805, .T. ) ;
#1817 = DIRECTION ( 'NONE',  ( -1.075262961451087530E-14, 0.9867625124381884660, 0.1621719582624382983 ) ) ;
#1818 =( LENGTH_UNIT ( ) NAMED_UNIT ( * ) SI_UNIT ( $, .METRE. ) );
#1819 = DIRECTION ( 'NONE',  ( -0.000000000000000000, 0.9867625124381881330, 0.1621719582624403244 ) ) ;
#1820 = EDGE_LOOP ( 'NONE', ( #2721, #2437 ) ) ;
#1821 = DIRECTION ( 'NONE',  ( -0.000000000000000000, 0.9867625124381883550, 0.1621719582624388256 ) ) ;
#1822 = CARTESIAN_POINT ( 'NONE',  ( 6.458832674657736916, 16.79493894042923685, 50.15270334102854122 ) ) ;
#1823 = CARTESIAN_POINT ( 'NONE',  ( 8.094139034346275352, 16.94357356987072905, 52.77851438862209932 ) ) ;
#1824 = ORIENTED_EDGE ( 'NONE', *, *, #716, .T. ) ;
#1825 = EDGE_CURVE ( 'NONE', #1959, #3185, #2818, .T. ) ;
#1826 = EDGE_CURVE ( 'NONE', #81, #65, #3035, .T. ) ;
#1827 = VERTEX_POINT ( 'NONE', #967 ) ;
#1828 = DIRECTION ( 'NONE',  ( 6.328444105024763124E-15, -0.9867625124381883550, -0.1621719582624384925 ) ) ;
#1829 = VECTOR ( 'NONE', #672, 39.37007874015748143 ) ;
#1830 = ORIENTED_EDGE ( 'NONE', *, *, #68, .F. ) ;
#1831 = FACE_OUTER_BOUND ( 'NONE', #820, .T. ) ;
#1832 = EDGE_CURVE ( 'NONE', #538, #850, #425, .T. ) ;
#1833 =( NAMED_UNIT ( * ) PLANE_ANGLE_UNIT ( ) SI_UNIT ( $, .RADIAN. ) );
#1834 = CARTESIAN_POINT ( 'NONE',  ( 8.082363476854947493, 17.82743386709118028, 53.62847509665239443 ) ) ;
#1835 = CIRCLE ( 'NONE', #312, 0.1105000000000027904 ) ;
#1836 = ORIENTED_EDGE ( 'NONE', *, *, #593, .T. ) ;
#1837 = VECTOR ( 'NONE', #1809, 39.37007874015748143 ) ;
#1838 = LINE ( 'NONE', #2855, #2607 ) ;
#1839 = CARTESIAN_POINT ( 'NONE',  ( 8.082363476853931417, 17.88589685804981855, 53.27274721091816190 ) ) ;
#1840 = CARTESIAN_POINT ( 'NONE',  ( 8.296935373503352196, 16.98236998196882652, 52.95789677328585299 ) ) ;
#1841 = ORIENTED_EDGE ( 'NONE', *, *, #3116, .F. ) ;
#1842 = CARTESIAN_POINT ( 'NONE',  ( 6.708528947724146541, 16.77502105412717626, 50.27389706490326660 ) ) ;
#1843 = CARTESIAN_POINT ( 'NONE',  ( 6.708528947722130376, 17.92278413225536227, 50.35054669948878114 ) ) ;
#1844 = EDGE_CURVE ( 'NONE', #1764, #3338, #266, .T. ) ;
#1845 = ORIENTED_EDGE ( 'NONE', *, *, #2733, .F. ) ;
#1846 = AXIS2_PLACEMENT_3D ( 'NONE', #1995, #708, #1768 ) ;
#1847 = ORIENTED_EDGE ( 'NONE', *, *, #3004, .F. ) ;
#1848 = VECTOR ( 'NONE', #966, 39.37007874015748143 ) ;
#1849 = CARTESIAN_POINT ( 'NONE',  ( 8.332059749922516190, 17.43427037255313294, 53.32299070305383992 ) ) ;
#1850 = ORIENTED_EDGE ( 'NONE', *, *, #2660, .T. ) ;
#1851 = EDGE_CURVE ( 'NONE', #117, #2553, #1789, .T. ) ;
#1852 = FACE_BOUND ( 'NONE', #2250, .T. ) ;
#1853 = CARTESIAN_POINT ( 'NONE',  ( 8.424569222028379656, 17.32436651520974991, 50.81021538274364246 ) ) ;
#1854 = DIRECTION ( 'NONE',  ( 0.04927818435184642964, 0.1619749342972593154, -0.9855636870372121994 ) ) ;
#1855 = ORIENTED_EDGE ( 'NONE', *, *, #1832, .T. ) ;
#1856 = LINE ( 'NONE', #532, #2517 ) ;
#1857 = DIRECTION ( 'NONE',  ( 0.000000000000000000, -0.1621719582624386313, 0.9867625124381884660 ) ) ;
#1858 = CARTESIAN_POINT ( 'NONE',  ( 8.230377853720026948, 17.48614172050449156, 50.27878560795844720 ) ) ;
#1859 = CARTESIAN_POINT ( 'NONE',  ( 6.560514570858901884, 16.98170584432940089, 53.34811040289626760 ) ) ;
#1860 = ORIENTED_EDGE ( 'NONE', *, *, #510, .T. ) ;
#1861 = ADVANCED_FACE ( 'NONE', ( #2063, #1831 ), #2027, .T. ) ;
#1862 = EDGE_CURVE ( 'NONE', #789, #777, #2850, .T. ) ;
#1863 = FACE_OUTER_BOUND ( 'NONE', #2748, .T. ) ;
#1864 = DIRECTION ( 'NONE',  ( 0.000000000000000000, -0.1621719582624369937, 0.9867625124381886881 ) ) ;
#1865 = ORIENTED_EDGE ( 'NONE', *, *, #770, .T. ) ;
#1866 = DIRECTION ( 'NONE',  ( -1.000000000000000000, -1.518556440322763680E-14, -1.441592771895972869E-15 ) ) ;
#1867 = CARTESIAN_POINT ( 'NONE',  ( 8.332362654381400446, 17.30508568307860173, 50.89939077036460446 ) ) ;
#1868 = DIRECTION ( 'NONE',  ( 0.000000000000000000, -0.1621719582624464862, 0.9867625124381870227 ) ) ;
#1869 = EDGE_LOOP ( 'NONE', ( #1673, #1034, #2731, #1321 ) ) ;
#1870 = CARTESIAN_POINT ( 'NONE',  ( 0.000000000000000000, 0.000000000000000000, 0.000000000000000000 ) ) ;
#1871 = CARTESIAN_POINT ( 'NONE',  ( 8.082363476852796325, 17.37459560044401030, 53.30069848941267452 ) ) ;
#1872 = CARTESIAN_POINT ( 'NONE',  ( 7.792002926552013875, 17.88224114269076281, 50.59723732759835002 ) ) ;
#1873 = CARTESIAN_POINT ( 'NONE',  ( 6.318657857255804089, 17.14600888980410787, 53.08833623228397158 ) ) ;
#1874 = ORIENTED_EDGE ( 'NONE', *, *, #2732, .F. ) ;
#1875 = ADVANCED_FACE ( 'NONE', ( #3157 ), #2390, .F. ) ;
#1876 = CARTESIAN_POINT ( 'NONE',  ( 7.206261054893424500, 16.67778045050782509, 55.55195741213392324 ) ) ;
#1877 = EDGE_CURVE ( 'NONE', #2186, #2497, #1583, .T. ) ;
#1878 = DIRECTION ( 'NONE',  ( -0.000000000000000000, 0.9867625124381883550, 0.1621719582624385203 ) ) ;
#1879 = ORIENTED_EDGE ( 'NONE', *, *, #2269, .F. ) ;
#1880 = VECTOR ( 'NONE', #1992, 39.37007874015748854 ) ;
#1881 = DIRECTION ( 'NONE',  ( -5.708974049750431443E-15, -0.9867625124381902424, -0.1621719582624281397 ) ) ;
#1882 = ADVANCED_FACE ( 'NONE', ( #2425 ), #2695, .F. ) ;
#1883 = AXIS2_PLACEMENT_3D ( 'NONE', #2950, #873, #1868 ) ;
#1884 = FACE_OUTER_BOUND ( 'NONE', #2564, .T. ) ;
#1885 = FACE_OUTER_BOUND ( 'NONE', #1996, .T. ) ;
#1886 = ORIENTED_EDGE ( 'NONE', *, *, #2881, .T. ) ;
#1887 = VECTOR ( 'NONE', #2330, 39.37007874015748143 ) ;
#1888 =( LENGTH_UNIT ( ) NAMED_UNIT ( * ) SI_UNIT ( $, .METRE. ) );
#1889 = CYLINDRICAL_SURFACE ( 'NONE', #2219, 0.5099999999999966782 ) ;
#1890 = AXIS2_PLACEMENT_3D ( 'NONE', #1520, #3061, #2580 ) ;
#1891 = VERTEX_POINT ( 'NONE', #2442 ) ;
#1892 = ORIENTED_EDGE ( 'NONE', *, *, #2939, .F. ) ;
#1893 = AXIS2_PLACEMENT_3D ( 'NONE', #1876, #317, #332 ) ;
#1894 = ORIENTED_EDGE ( 'NONE', *, *, #2302, .T. ) ;
#1895 = VECTOR ( 'NONE', #3335, 39.37007874015748143 ) ;
#1896 = VECTOR ( 'NONE', #1577, 39.37007874015748854 ) ;
#1897 = LINE ( 'NONE', #1325, #1295 ) ;
#1898 = EDGE_LOOP ( 'NONE', ( #2469, #2218, #2237, #2943 ) ) ;
#1899 = STYLED_ITEM ( 'NONE', ( #9 ), #3158 ) ;
#1900 = LINE ( 'NONE', #142, #899 ) ;
#1901 = CARTESIAN_POINT ( 'NONE',  ( 8.104318718697621549, 16.94351250406000631, 52.77888595380180448 ) ) ;
#1902 = CARTESIAN_POINT ( 'NONE',  ( 8.092971104691944362, 16.93204869645337496, 52.84863941623370209 ) ) ;
#1903 = LINE ( 'NONE', #1655, #200 ) ;
#1904 = CARTESIAN_POINT ( 'NONE',  ( -11480.23794849786827, 18.31394974176177470, 50.66818755931930696 ) ) ;
#1905 = ORIENTED_EDGE ( 'NONE', *, *, #1166, .F. ) ;
#1906 = ADVANCED_FACE ( 'NONE', ( #2124, #1863 ), #1040, .T. ) ;
#1907 = ADVANCED_FACE ( 'NONE', ( #2929 ), #2373, .F. ) ;
#1908 = DIRECTION ( 'NONE',  ( 0.000000000000000000, 0.1621719582624525369, -0.9867625124381861346 ) ) ;
#1909 = DIRECTION ( 'NONE',  ( -1.270581095794116326E-14, 0.9867625124381884660, 0.1621719582624382150 ) ) ;
#1910 = VERTEX_POINT ( 'NONE', #1090 ) ;
#1911 = ORIENTED_EDGE ( 'NONE', *, *, #3073, .T. ) ;
#1912 = ORIENTED_EDGE ( 'NONE', *, *, #1323, .T. ) ;
#1913 = ORIENTED_EDGE ( 'NONE', *, *, #2119, .F. ) ;
#1914 = DIRECTION ( 'NONE',  ( -1.005147185947862494E-14, 0.9867625124381884660, 0.1621719582624382983 ) ) ;
#1915 = DIRECTION ( 'NONE',  ( 0.000000000000000000, -0.9867625124381881330, -0.1621719582624398803 ) ) ;
#1916 = EDGE_CURVE ( 'NONE', #2583, #3325, #3253, .T. ) ;
#1917 = ORIENTED_EDGE ( 'NONE', *, *, #2094, .T. ) ;
#1918 = CARTESIAN_POINT ( 'NONE',  ( 6.622062910862680063, 17.55447905673494446, 50.91371754336385891 ) ) ;
#1919 = CARTESIAN_POINT ( 'NONE',  ( 6.458832674653822714, 17.92478201717502628, 50.33839023324014761 ) ) ;
#1920 = DIRECTION ( 'NONE',  ( 0.000000000000000000, -0.1621719582624369937, 0.9867625124381886881 ) ) ;
#1921 = CARTESIAN_POINT ( 'NONE',  ( 6.477125553183425311, 17.78722925865178439, 50.78995970538016280 ) ) ;
#1922 = VERTEX_POINT ( 'NONE', #2153 ) ;
#1923 =( BOUNDED_CURVE ( )  B_SPLINE_CURVE ( 3, ( #2477, #1397, #1149, #856 ),
 .UNSPECIFIED., .F., .F. ) 
 B_SPLINE_CURVE_WITH_KNOTS ( ( 4, 4 ),
 ( 6.422274309179712695E-12, 3.141592653579460048 ),
 .UNSPECIFIED. ) 
 CURVE ( )  GEOMETRIC_REPRESENTATION_ITEM ( )  RATIONAL_B_SPLINE_CURVE ( ( 1.000000000000000000, 0.3333333333389185693, 0.3333333333389185693, 1.000000000000000000 ) ) 
 REPRESENTATION_ITEM ( '' )  );
#1924 = DIRECTION ( 'NONE',  ( 1.000000000000000000, 1.253761794342271834E-14, 2.060526244361457588E-15 ) ) ;
#1925 = CARTESIAN_POINT ( 'NONE',  ( 6.323403786073880539, 17.17670965816365936, 52.90153225183732388 ) ) ;
#1926 = VERTEX_POINT ( 'NONE', #1849 ) ;
#1927 = EDGE_CURVE ( 'NONE', #2489, #1061, #2612, .T. ) ;
#1928 = EDGE_CURVE ( 'NONE', #2317, #1426, #2404, .T. ) ;
#1929 = EDGE_LOOP ( 'NONE', ( #990, #2286, #2181, #274 ) ) ;
#1930 = CARTESIAN_POINT ( 'NONE',  ( 7.333773555261914545, 17.60015656108922499, 53.08441510347726222 ) ) ;
#1931 = DIRECTION ( 'NONE',  ( -1.000000000000000000, -1.253858615256679087E-14, -2.060685367120144551E-15 ) ) ;
#1932 = LINE ( 'NONE', #2960, #1794 ) ;
#1933 = ORIENTED_EDGE ( 'NONE', *, *, #3228, .T. ) ;
#1934 = EDGE_CURVE ( 'NONE', #745, #86, #2662, .T. ) ;
#1935 = FACE_OUTER_BOUND ( 'NONE', #2312, .T. ) ;
#1936 = CARTESIAN_POINT ( 'NONE',  ( 8.459584237712594046, 17.35018812251016840, 50.68979324850823787 ) ) ;
#1937 = DIRECTION ( 'NONE',  ( 0.000000000000000000, -0.1621719582624369937, 0.9867625124381886881 ) ) ;
#1938 = ORIENTED_EDGE ( 'NONE', *, *, #2388, .F. ) ;
#1939 = ORIENTED_EDGE ( 'NONE', *, *, #1503, .F. ) ;
#1940 = DIRECTION ( 'NONE',  ( 0.000000000000000000, 0.9867625124381896873, 0.1621719582624304989 ) ) ;
#1941 = CIRCLE ( 'NONE', #3235, 0.2500000000000023870 ) ;
#1942 = CARTESIAN_POINT ( 'NONE',  ( 6.560514570858873462, 17.86797685666186553, 53.38178446854258397 ) ) ;
#1943 =( BOUNDED_CURVE ( )  B_SPLINE_CURVE ( 3, ( #2526, #434, #2267, #3298 ),
 .UNSPECIFIED., .F., .T. ) 
 B_SPLINE_CURVE_WITH_KNOTS ( ( 4, 4 ),
 ( -8.881784197001252323E-16, 0.04889462375390703913 ),
 .UNSPECIFIED. ) 
 CURVE ( )  GEOMETRIC_REPRESENTATION_ITEM ( )  RATIONAL_B_SPLINE_CURVE ( ( 1.000000000000000000, 0.9998007862363185172, 0.9998007862363185172, 1.000000000000000000 ) ) 
 REPRESENTATION_ITEM ( '' )  );
#1944 = VECTOR ( 'NONE', #779, 39.37007874015748143 ) ;
#1945 = CARTESIAN_POINT ( 'NONE',  ( 6.998889498026752420, 17.47681124703451516, 53.06414360869446512 ) ) ;
#1946 = CARTESIAN_POINT ( 'NONE',  ( 6.560514570858873462, 17.88589685804986473, 53.27274721091816190 ) ) ;
#1947 = AXIS2_PLACEMENT_3D ( 'NONE', #1942, #812, #341 ) ;
#1948 = EDGE_LOOP ( 'NONE', ( #49, #2681, #1135, #2136 ) ) ;
#1949 = AXIS2_PLACEMENT_3D ( 'NONE', #143, #1971, #687 ) ;
#1950 = EDGE_CURVE ( 'NONE', #1979, #2266, #1897, .T. ) ;
#1951 = DIRECTION ( 'NONE',  ( -1.270679215567811385E-14, 0.9867625124381884660, 0.1621719582624381872 ) ) ;
#1952 = ORIENTED_EDGE ( 'NONE', *, *, #3016, .T. ) ;
#1953 = AXIS2_PLACEMENT_3D ( 'NONE', #1202, #1718, #2711 ) ;
#1954 = CARTESIAN_POINT ( 'NONE',  ( 6.440442215548816129, 17.60413482662287876, 50.66343641299113187 ) ) ;
#1955 = FACE_OUTER_BOUND ( 'NONE', #2603, .T. ) ;
#1956 = CARTESIAN_POINT ( 'NONE',  ( 7.309104492450982704, 17.51907058195806144, 53.57779635969601628 ) ) ;
#1957 = PLANE ( 'NONE',  #2108 ) ;
#1958 = CARTESIAN_POINT ( 'NONE',  ( 6.560514570858873462, 17.86797685666186553, 53.38178446854258397 ) ) ;
#1959 = VERTEX_POINT ( 'NONE', #580 ) ;
#1960 = AXIS2_PLACEMENT_3D ( 'NONE', #1542, #202, #474 ) ;
#1961 = DIRECTION ( 'NONE',  ( -1.442415740654717203E-12, -0.1621719582624386313, 0.9867625124381884660 ) ) ;
#1962 = EDGE_CURVE ( 'NONE', #2243, #2020, #2347, .T. ) ;
#1963 = CYLINDRICAL_SURFACE ( 'NONE', #2293, 0.1105000000000027904 ) ;
#1964 = CARTESIAN_POINT ( 'NONE',  ( 8.082363476853968720, 17.37459560044387885, 53.30069848941155897 ) ) ;
#1965 = ORIENTED_EDGE ( 'NONE', *, *, #1962, .T. ) ;
#1966 =( LENGTH_UNIT ( ) NAMED_UNIT ( * ) SI_UNIT ( $, .METRE. ) );
#1967 = ADVANCED_FACE ( 'NONE', ( #89 ), #1635, .F. ) ;
#1968 = EDGE_CURVE ( 'NONE', #2300, #3137, #2976, .T. ) ;
#1969 = ORIENTED_EDGE ( 'NONE', *, *, #1323, .F. ) ;
#1970 = CARTESIAN_POINT ( 'NONE',  ( 6.559804879224710561, 17.56011983920223685, 50.88662475866432544 ) ) ;
#1971 = DIRECTION ( 'NONE',  ( 0.000000000000000000, -0.9867625124381881330, -0.1621719582624398803 ) ) ;
#1972 = CARTESIAN_POINT ( 'NONE',  ( 8.082363476853934969, 16.30642518072807334, 53.12514734459222154 ) ) ;
#1973 = EDGE_LOOP ( 'NONE', ( #1362, #69, #1965, #2369 ) ) ;
#1974 = ORIENTED_EDGE ( 'NONE', *, *, #2772, .F. ) ;
#1975 = DIRECTION ( 'NONE',  ( 1.330126846151122948E-15, -0.1621719582624073508, 0.9867625124381935731 ) ) ;
#1976 = FACE_OUTER_BOUND ( 'NONE', #2849, .T. ) ;
#1977 = CYLINDRICAL_SURFACE ( 'NONE', #2458, 0.5100000000000051159 ) ;
#1978 = EDGE_LOOP ( 'NONE', ( #1470, #547, #3048, #185, #852 ) ) ;
#1979 = VERTEX_POINT ( 'NONE', #1651 ) ;
#1980 = CARTESIAN_POINT ( 'NONE',  ( 6.568783638333930419, 17.19548160140847060, 52.78731121092456391 ) ) ;
#1981 = ADVANCED_FACE ( 'NONE', ( #124, #2507 ), #1395, .T. ) ;
#1982 = FACE_OUTER_BOUND ( 'NONE', #2411, .T. ) ;
#1983 = VERTEX_POINT ( 'NONE', #1688 ) ;
#1984 = CARTESIAN_POINT ( 'NONE',  ( 8.091048705670955243, 17.32101841993744884, 52.86221524049722120 ) ) ;
#1985 = DIRECTION ( 'NONE',  ( 0.000000000000000000, -0.03489949670251060732, -0.9993908270190954291 ) ) ;
#1986 = CARTESIAN_POINT ( 'NONE',  ( 7.184687459768860585, 17.51907058195805789, 53.57779635969600918 ) ) ;
#1987 = DIRECTION ( 'NONE',  ( -0.000000000000000000, 0.9867625124381882440, 0.1621719582624385203 ) ) ;
#1988 = DIRECTION ( 'NONE',  ( -1.075262961451087530E-14, 0.9867625124381884660, 0.1621719582624382983 ) ) ;
#1989 = ORIENTED_EDGE ( 'NONE', *, *, #3039, .T. ) ;
#1990 = VERTEX_POINT ( 'NONE', #2490 ) ;
#1991 = ORIENTED_EDGE ( 'NONE', *, *, #978, .F. ) ;
#1992 = DIRECTION ( 'NONE',  ( -8.319411692187451454E-16, -0.9867625124381900203, -0.1621719582624281120 ) ) ;
#1993 = CARTESIAN_POINT ( 'NONE',  ( 6.327316228204226789, 17.17426310659459077, 52.91641870569142014 ) ) ;
#1994 = AXIS2_PLACEMENT_3D ( 'NONE', #3026, #1975, #3247 ) ;
#1995 = CARTESIAN_POINT ( 'NONE',  ( 6.560514570858911654, 16.99962584571740010, 53.23907314527182422 ) ) ;
#1996 = EDGE_LOOP ( 'NONE', ( #2505, #6, #92, #2728 ) ) ;
#1997 = LINE ( 'NONE', #3230, #2206 ) ;
#1998 = VECTOR ( 'NONE', #1710, 39.37007874015748854 ) ;
#1999 = PLANE ( 'NONE',  #2508 ) ;
#2000 = CARTESIAN_POINT ( 'NONE',  ( 8.230377853720026948, 17.86111147523130782, 50.34041095209822458 ) ) ;
#2001 = VECTOR ( 'NONE', #1782, 39.37007874015748854 ) ;
#2002 = MANIFOLD_SOLID_BREP ( '#10 Clearance Hole1[1]', #3018 ) ;
#2003 = VECTOR ( 'NONE', #1924, 39.37007874015748143 ) ;
#2004 = AXIS2_PLACEMENT_3D ( 'NONE', #666, #2717, #1431 ) ;
#2005 = ORIENTED_EDGE ( 'NONE', *, *, #1414, .T. ) ;
#2006 = ADVANCED_FACE ( 'NONE', ( #1133 ), #2746, .F. ) ;
#2007 = AXIS2_PLACEMENT_3D ( 'NONE', #877, #392, #2184 ) ;
#2008 = CARTESIAN_POINT ( 'NONE',  ( -320.5825854111780586, -7632.911597315937797, 5541.698402368621828 ) ) ;
#2009 = DIRECTION ( 'NONE',  ( -1.000000000000000000, -2.483265911745832572E-14, 5.725777498525034918E-14 ) ) ;
#2010 = CARTESIAN_POINT ( 'NONE',  ( 8.156370665287145272, 16.57248449545325997, 51.50626476668715981 ) ) ;
#2011 = LINE ( 'NONE', #1483, #2605 ) ;
#2012 = CARTESIAN_POINT ( 'NONE',  ( 8.339223967318730502, 16.94727920064771709, 53.09580044541793598 ) ) ;
#2013 = CIRCLE ( 'NONE', #270, 0.1244999999999983620 ) ;
#2014 = CARTESIAN_POINT ( 'NONE',  ( 7.242364598190023095, 17.32101841993315361, 52.86221524049707199 ) ) ;
#2015 = VECTOR ( 'NONE', #650, 39.37007874015748854 ) ;
#2016 = CARTESIAN_POINT ( 'NONE',  ( 8.341329544584066724, 17.40306706826290295, 53.12745906243569038 ) ) ;
#2017 = DIRECTION ( 'NONE',  ( 1.000000000000000000, 8.723762935781772049E-15, -5.669523993492346181E-14 ) ) ;
#2018 = ORIENTED_EDGE ( 'NONE', *, *, #1073, .F. ) ;
#2019 = EDGE_CURVE ( 'NONE', #2658, #81, #2249, .T. ) ;
#2020 = VERTEX_POINT ( 'NONE', #662 ) ;
#2021 =( GEOMETRIC_REPRESENTATION_CONTEXT ( 3 ) GLOBAL_UNCERTAINTY_ASSIGNED_CONTEXT ( ( #3314 ) ) GLOBAL_UNIT_ASSIGNED_CONTEXT ( ( #2381, #2147, #1052 ) ) REPRESENTATION_CONTEXT ( 'NONE', 'WORKASPACE' ) );
#2022 = FACE_OUTER_BOUND ( 'NONE', #2935, .T. ) ;
#2023 = CARTESIAN_POINT ( 'NONE',  ( 6.310818297789429820, 17.43826614237973160, 53.29867777055387990 ) ) ;
#2024 = FACE_BOUND ( 'NONE', #709, .T. ) ;
#2025 = ORIENTED_EDGE ( 'NONE', *, *, #1010, .F. ) ;
#2026 = DIRECTION ( 'NONE',  ( 0.000000000000000000, -0.1621719582624369937, 0.9867625124381886881 ) ) ;
#2027 = PLANE ( 'NONE',  #1890 ) ;
#2028 = ADVANCED_FACE ( 'NONE', ( #920, #1982 ), #3037, .F. ) ;
#2029 = DIRECTION ( 'NONE',  ( -1.748382715945107003E-14, 1.000000000000000000, 0.000000000000000000 ) ) ;
#2030 = CARTESIAN_POINT ( 'NONE',  ( 6.362266290376870970, 17.42783394146128018, 52.97676086352881697 ) ) ;
#2031 = CARTESIAN_POINT ( 'NONE',  ( 8.615594410017772375, 18.30456200243277465, 47.64216175382539120 ) ) ;
#2032 = DIRECTION ( 'NONE',  ( 0.000000000000000000, -0.1621719582624395750, 0.9867625124381881330 ) ) ;
#2033 = CARTESIAN_POINT ( 'NONE',  ( 7.908464271072928931, 17.24003071578129820, 50.97467110237669630 ) ) ;
#2034 = CARTESIAN_POINT ( 'NONE',  ( 8.230377853720035830, 17.83840740107426015, 50.47855770383952034 ) ) ;
#2035 = EDGE_LOOP ( 'NONE', ( #956, #3088, #1824, #3206 ) ) ;
#2036 = CARTESIAN_POINT ( 'NONE',  ( -15744.00179581801422, 17.33405261064414304, 53.54738911744345842 ) ) ;
#2037 = DIRECTION ( 'NONE',  ( 1.000000000000000000, 2.649596261030955873E-14, -5.340871238263153075E-14 ) ) ;
#2038 = EDGE_CURVE ( 'NONE', #1680, #2938, #1722, .T. ) ;
#2039 =( BOUNDED_CURVE ( )  B_SPLINE_CURVE ( 3, ( #1077, #1329, #2947, #1653 ),
 .UNSPECIFIED., .F., .F. ) 
 B_SPLINE_CURVE_WITH_KNOTS ( ( 4, 4 ),
 ( 4.712388980384870862, 4.875280332372796011 ),
 .UNSPECIFIED. ) 
 CURVE ( )  GEOMETRIC_REPRESENTATION_ITEM ( )  RATIONAL_B_SPLINE_CURVE ( ( 1.000000000000000000, 0.9977900892940341215, 0.9977900892940341215, 1.000000000000000000 ) ) 
 REPRESENTATION_ITEM ( '' )  );
#2040 = ADVANCED_FACE ( 'NONE', ( #2766 ), #684, .F. ) ;
#2041 = CARTESIAN_POINT ( 'NONE',  ( 6.708528947724146541, 17.86111147523129716, 50.34041095209822458 ) ) ;
#2042 = ORIENTED_EDGE ( 'NONE', *, *, #175, .T. ) ;
#2043 = CARTESIAN_POINT ( 'NONE',  ( 6.560514570858911654, 17.37459560044391438, 53.30069848941155186 ) ) ;
#2044 = LINE ( 'NONE', #2608, #2656 ) ;
#2045 = CARTESIAN_POINT ( 'NONE',  ( 7.851717793275190260, 17.12098091262953403, 52.85522977681534940 ) ) ;
#2046 = CARTESIAN_POINT ( 'NONE',  ( 8.156370665287145272, 17.14501189866505015, 51.55282905095879187 ) ) ;
#2047 = DIRECTION ( 'NONE',  ( 1.000000000000000000, -7.394844388316521596E-16, 8.854778121374520936E-16 ) ) ;
#2048 = ORIENTED_EDGE ( 'NONE', *, *, #267, .T. ) ;
#2049 = ORIENTED_EDGE ( 'NONE', *, *, #1335, .T. ) ;
#2050 = DIRECTION ( 'NONE',  ( -0.000000000000000000, 0.9867625124381881330, 0.1621719582624403244 ) ) ;
#2051 = LINE ( 'NONE', #726, #1121 ) ;
#2052 = DIRECTION ( 'NONE',  ( -1.270679215567811385E-14, 0.9867625124381885771, 0.1621719582624382150 ) ) ;
#2053 = ORIENTED_EDGE ( 'NONE', *, *, #1398, .T. ) ;
#2054 = CARTESIAN_POINT ( 'NONE',  ( 6.998889498026752420, 17.47681124703451516, 53.06414360869446512 ) ) ;
#2055 = DIRECTION ( 'NONE',  ( 0.000000000000000000, 0.1621719582624369937, -0.9867625124381886881 ) ) ;
#2056 = CIRCLE ( 'NONE', #196, 0.06249999999999868161 ) ;
#2057 = EDGE_LOOP ( 'NONE', ( #825, #3001, #1610, #1016 ) ) ;
#2058 = VECTOR ( 'NONE', #893, 39.37007874015748143 ) ;
#2059 =( BOUNDED_CURVE ( )  B_SPLINE_CURVE ( 3, ( #1945, #2975, #1686, #1930 ),
 .UNSPECIFIED., .F., .F. ) 
 B_SPLINE_CURVE_WITH_KNOTS ( ( 4, 4 ),
 ( 0.000000000000000000, 0.4999999999999975575 ),
 .UNSPECIFIED. ) 
 CURVE ( )  GEOMETRIC_REPRESENTATION_ITEM ( )  RATIONAL_B_SPLINE_CURVE ( ( 1.000000000000000000, 0.9183006535948168292, 0.8774509803922250217, 0.8774509803922246887 ) ) 
 REPRESENTATION_ITEM ( '' )  );
#2060 = ORIENTED_EDGE ( 'NONE', *, *, #3039, .F. ) ;
#2061 = VECTOR ( 'NONE', #1455, 39.37007874015748143 ) ;
#2062 = CARTESIAN_POINT ( 'NONE',  ( 8.111797249073170235, 17.97584911280836550, 47.65364066087265371 ) ) ;
#2063 = FACE_BOUND ( 'NONE', #1763, .T. ) ;
#2064 = AXIS2_PLACEMENT_3D ( 'NONE', #3299, #891, #2208 ) ;
#2065 = DIRECTION ( 'NONE',  ( 0.000000000000000000, -0.1621719582624369937, 0.9867625124381886881 ) ) ;
#2066 = CARTESIAN_POINT ( 'NONE',  ( 8.341463227532049274, 16.93332208781271930, 53.04751177148804686 ) ) ;
#2067 = ORIENTED_EDGE ( 'NONE', *, *, #2881, .F. ) ;
#2068 = ORIENTED_EDGE ( 'NONE', *, *, #2641, .F. ) ;
#2069 = AXIS2_PLACEMENT_3D ( 'NONE', #379, #1744, #1170 ) ;
#2070 = CARTESIAN_POINT ( 'NONE',  ( 6.560514570858911654, 17.01981625452107494, 53.11622121247327044 ) ) ;
#2071 = CARTESIAN_POINT ( 'NONE',  ( 6.634521759291474474, 17.06526653087161804, 51.72973842412825718 ) ) ;
#2072 = CARTESIAN_POINT ( 'NONE',  ( 8.100816545776117650, 16.93200103633206055, 52.84892941223188245 ) ) ;
#2073 = ORIENTED_EDGE ( 'NONE', *, *, #782, .F. ) ;
#2074 = AXIS2_PLACEMENT_3D ( 'NONE', #2252, #1464, #922 ) ;
#2075 = CIRCLE ( 'NONE', #3149, 0.2500000000000023870 ) ;
#2076 = DIRECTION ( 'NONE',  ( 0.000000000000000000, -0.1621719582624464862, 0.9867625124381870227 ) ) ;
#2077 = FACE_OUTER_BOUND ( 'NONE', #2103, .T. ) ;
#2078 = AXIS2_PLACEMENT_3D ( 'NONE', #3050, #1810, #972 ) ;
#2079 = CIRCLE ( 'NONE', #845, 0.1105000000000027904 ) ;
#2080 = ORIENTED_EDGE ( 'NONE', *, *, #2799, .F. ) ;
#2081 = CARTESIAN_POINT ( 'NONE',  ( -11480.11124920966722, 18.73040398315999866, 48.13420179531542686 ) ) ;
#2082 = EDGE_CURVE ( 'NONE', #147, #627, #1932, .T. ) ;
#2083 =( NAMED_UNIT ( * ) SI_UNIT ( $, .STERADIAN. ) SOLID_ANGLE_UNIT ( ) );
#2084 = ADVANCED_FACE ( 'NONE', ( #2985 ), #632, .F. ) ;
#2085 = DIRECTION ( 'NONE',  ( 0.04927818435184642964, 0.1619749342972593154, -0.9855636870372121994 ) ) ;
#2086 = VERTEX_POINT ( 'NONE', #813 ) ;
#2087 = CARTESIAN_POINT ( 'NONE',  ( 7.242364598190033753, 16.61616626819015607, 52.83760126098028564 ) ) ;
#2088 = CARTESIAN_POINT ( 'NONE',  ( 7.913645566195032899, 17.25424827369493386, 50.94949697680669942 ) ) ;
#2089 = CARTESIAN_POINT ( 'NONE',  ( 8.333492401242603265, 16.90093811374544330, 53.03793698089652509 ) ) ;
#2090 = ORIENTED_EDGE ( 'NONE', *, *, #406, .F. ) ;
#2091 = DIRECTION ( 'NONE',  ( 5.708974049750431443E-15, 0.9867625124381902424, 0.1621719582624281397 ) ) ;
#2092 = FILL_AREA_STYLE_COLOUR ( '', #1607 ) ;
#2093 = ORIENTED_EDGE ( 'NONE', *, *, #3136, .F. ) ;
#2094 = EDGE_CURVE ( 'NONE', #810, #1682, #1014, .T. ) ;
#2095 = ORIENTED_EDGE ( 'NONE', *, *, #1877, .T. ) ;
#2096 = DIRECTION ( 'NONE',  ( 0.000000000000000000, -0.1621719582624369937, 0.9867625124381886881 ) ) ;
#2097 = CARTESIAN_POINT ( 'NONE',  ( 6.634521759291485132, 17.39170252677731909, 51.59337204052461345 ) ) ;
#2098 = ORIENTED_EDGE ( 'NONE', *, *, #1851, .F. ) ;
#2099 = CARTESIAN_POINT ( 'NONE',  ( 6.318630448334404903, 17.17573270199566338, 53.09506790357682604 ) ) ;
#2100 = CARTESIAN_POINT ( 'NONE',  ( 6.689382658414964489, 17.49940663856740031, 50.92264811060858420 ) ) ;
#2101 = CARTESIAN_POINT ( 'NONE',  ( 8.260394023594862745, 16.93573034405869393, 52.82623781313288447 ) ) ;
#2102 = VERTEX_POINT ( 'NONE', #712 ) ;
#2103 = EDGE_LOOP ( 'NONE', ( #2370, #2955, #1408, #285 ) ) ;
#2104 = EDGE_CURVE ( 'NONE', #2346, #531, #785, .T. ) ;
#2105 = CARTESIAN_POINT ( 'NONE',  ( 6.708528947722082414, 16.83348404507928109, 49.91816917916904117 ) ) ;
#2106 = ORIENTED_EDGE ( 'NONE', *, *, #546, .F. ) ;
#2107 = DIRECTION ( 'NONE',  ( -0.9987850922731003056, 0.007991539655952019025, -0.04862586499942091189 ) ) ;
#2108 = AXIS2_PLACEMENT_3D ( 'NONE', #194, #1749, #2737 ) ;
#2109 = EDGE_LOOP ( 'NONE', ( #1657, #621 ) ) ;
#2110 = AXIS2_PLACEMENT_3D ( 'NONE', #1843, #533, #295 ) ;
#2111 = DIRECTION ( 'NONE',  ( -0.000000000000000000, 0.9867625124381882440, 0.1621719582624385203 ) ) ;
#2112 = DIRECTION ( 'NONE',  ( -0.000000000000000000, 0.9867625124381881330, 0.1621719582624398803 ) ) ;
#2113 = CARTESIAN_POINT ( 'NONE',  ( 8.339348154031831939, 16.89554738690833702, 53.07073776355420591 ) ) ;
#2114 = ORIENTED_EDGE ( 'NONE', *, *, #462, .T. ) ;
#2115 = CIRCLE ( 'NONE', #951, 0.06250000000000076328 ) ;
#2116 = CARTESIAN_POINT ( 'NONE',  ( 8.082363476854947493, 17.39572526790176354, 53.55752486491297049 ) ) ;
#2117 = AXIS2_PLACEMENT_3D ( 'NONE', #3141, #1312, #2893 ) ;
#2118 = DIRECTION ( 'NONE',  ( 3.496765431890223472E-14, 0.1621719582624386313, -0.9867625124381884660 ) ) ;
#2119 = EDGE_CURVE ( 'NONE', #1769, #1191, #698, .T. ) ;
#2120 = EDGE_CURVE ( 'NONE', #3203, #2961, #2710, .T. ) ;
#2121 = AXIS2_PLACEMENT_3D ( 'NONE', #2473, #122, #1425 ) ;
#2122 = ORIENTED_EDGE ( 'NONE', *, *, #3132, .T. ) ;
#2123 = CIRCLE ( 'NONE', #1960, 0.06250000000000295597 ) ;
#2124 = FACE_BOUND ( 'NONE', #1531, .T. ) ;
#2125 = EDGE_LOOP ( 'NONE', ( #399, #2810, #1519, #3278, #1469, #1754 ) ) ;
#2126 = ORIENTED_EDGE ( 'NONE', *, *, #3027, .T. ) ;
#2127 = EDGE_CURVE ( 'NONE', #986, #3203, #1322, .T. ) ;
#2128 = CARTESIAN_POINT ( 'NONE',  ( 8.291727034078679281, 16.93467524742271735, 52.83265772578943142 ) ) ;
#2129 = CARTESIAN_POINT ( 'NONE',  ( 7.242364598190029312, 17.32101841993744884, 52.86221524049722120 ) ) ;
#2130 = CARTESIAN_POINT ( 'NONE',  ( 8.082363476853934969, 16.30642518072807334, 53.12514734459222154 ) ) ;
#2131 = VERTEX_POINT ( 'NONE', #2305 ) ;
#2132 = ORIENTED_EDGE ( 'NONE', *, *, #1049, .F. ) ;
#2133 = CARTESIAN_POINT ( 'NONE',  ( 7.460992079798167254, 17.60015656108922499, 53.08441510347726222 ) ) ;
#2134 = CARTESIAN_POINT ( 'NONE',  ( 7.206261054893424500, 16.67778045050782509, 55.55195741213392324 ) ) ;
#2135 = CARTESIAN_POINT ( 'NONE',  ( 6.484082014844595676, 17.32101841993313229, 52.86221524049706488 ) ) ;
#2136 = ORIENTED_EDGE ( 'NONE', *, *, #2094, .F. ) ;
#2137 = ADVANCED_FACE ( 'NONE', ( #2555 ), #996, .F. ) ;
#2138 = EDGE_CURVE ( 'NONE', #616, #3025, #1074, .T. ) ;
#2139 = ADVANCED_FACE ( 'NONE', ( #2405 ), #459, .T. ) ;
#2140 = CARTESIAN_POINT ( 'NONE',  ( -15744.00179581801422, 16.96452652543668904, 55.79583263479113242 ) ) ;
#2141 = DIRECTION ( 'NONE',  ( -0.000000000000000000, 0.9867625124381881330, 0.1621719582624403244 ) ) ;
#2142 = VERTEX_POINT ( 'NONE', #1859 ) ;
#2143 = CARTESIAN_POINT ( 'NONE',  ( 8.347804300108471409, 16.92110038540183226, 52.91525625328610261 ) ) ;
#2144 = CARTESIAN_POINT ( 'NONE',  ( 8.241196325971904102, 17.29839555442598709, 50.92966757234308517 ) ) ;
#2145 = DIRECTION ( 'NONE',  ( 0.000000000000000000, -0.1621719582624301381, 0.9867625124381897983 ) ) ;
#2146 = ORIENTED_EDGE ( 'NONE', *, *, #804, .F. ) ;
#2147 =( NAMED_UNIT ( * ) PLANE_ANGLE_UNIT ( ) SI_UNIT ( $, .RADIAN. ) );
#2148 = CYLINDRICAL_SURFACE ( 'NONE', #2767, 0.2499999999999966693 ) ;
#2149 = CARTESIAN_POINT ( 'NONE',  ( 8.450160394817599396, 17.25753976387122179, 50.86813435910293180 ) ) ;
#2150 = CARTESIAN_POINT ( 'NONE',  ( 6.299989715171636639, 17.17128362798361962, 52.93454784362263865 ) ) ;
#2151 = CARTESIAN_POINT ( 'NONE',  ( 8.082363476853934969, 16.99962584571736812, 53.23907314527182422 ) ) ;
#2152 = ORIENTED_EDGE ( 'NONE', *, *, #2295, .F. ) ;
#2153 = CARTESIAN_POINT ( 'NONE',  ( 7.948240085792745546, 17.43824487424635450, 50.92478392648207830 ) ) ;
#2154 = ADVANCED_FACE ( 'NONE', ( #3337 ), #1221, .F. ) ;
#2155 = ADVANCED_FACE ( 'NONE', ( #2024, #2892 ), #1264, .F. ) ;
#2156 = ORIENTED_EDGE ( 'NONE', *, *, #1189, .F. ) ;
#2157 = CIRCLE ( 'NONE', #661, 0.1105000000000027904 ) ;
#2158 = CARTESIAN_POINT ( 'NONE',  ( 6.433740727312739160, 17.51496050400877635, 50.84338818021962680 ) ) ;
#2159 = LINE ( 'NONE', #3190, #1394 ) ;
#2160 = CARTESIAN_POINT ( 'NONE',  ( 8.099231715576035384, 16.94355320649658125, 52.77863829299160159 ) ) ;
#2161 = CARTESIAN_POINT ( 'NONE',  ( 6.708528947722082414, 18.39503572101498108, 50.17480630311970913 ) ) ;
#2162 = CARTESIAN_POINT ( 'NONE',  ( 7.957596319675187324, 17.78722925865462656, 50.78995970538023386 ) ) ;
#2163 = ORIENTED_EDGE ( 'NONE', *, *, #2970, .F. ) ;
#2164 =( BOUNDED_CURVE ( )  B_SPLINE_CURVE ( 3, ( #1956, #1986, #619, #2448 ),
 .UNSPECIFIED., .F., .T. ) 
 B_SPLINE_CURVE_WITH_KNOTS ( ( 4, 4 ),
 ( 1.570796326794677178, 2.286088033967714317 ),
 .UNSPECIFIED. ) 
 CURVE ( )  GEOMETRIC_REPRESENTATION_ITEM ( )  RATIONAL_B_SPLINE_CURVE ( ( 1.000000000000000000, 0.9578156897755742971, 0.9578156897755742971, 1.000000000000000000 ) ) 
 REPRESENTATION_ITEM ( '' )  );
#2165 = CONICAL_SURFACE ( 'NONE', #667, 0.1875000000000040801, 0.03332099587824763343 ) ;
#2166 = CARTESIAN_POINT ( 'NONE',  ( 7.122234812080804112, 17.88224114269273102, 50.59723732759912451 ) ) ;
#2167 = PLANE ( 'NONE',  #1396 ) ;
#2168 = VECTOR ( 'NONE', #3098, 39.37007874015748143 ) ;
#2169 = FACE_OUTER_BOUND ( 'NONE', #98, .T. ) ;
#2170 = ORIENTED_EDGE ( 'NONE', *, *, #3094, .F. ) ;
#2171 = AXIS2_PLACEMENT_3D ( 'NONE', #203, #2277, #227 ) ;
#2172 = VECTOR ( 'NONE', #3340, 39.37007874015748143 ) ;
#2173 = DIRECTION ( 'NONE',  ( -0.000000000000000000, 0.9867625124381883550, 0.1621719582624385203 ) ) ;
#2174 = CARTESIAN_POINT ( 'NONE',  ( 6.708528947724146541, 17.48614172050451998, 50.27878560795845431 ) ) ;
#2175 = VERTEX_POINT ( 'NONE', #2817 ) ;
#2176 = VECTOR ( 'NONE', #1068, 39.37007874015748854 ) ;
#2177 = EDGE_CURVE ( 'NONE', #1357, #3194, #545, .T. ) ;
#2178 = DIRECTION ( 'NONE',  ( 1.075262961451087530E-14, -0.9867625124381884660, -0.1621719582624382983 ) ) ;
#2179 = CARTESIAN_POINT ( 'NONE',  ( 8.230377853717767422, -7.585992122664669601, 46.15824293237803744 ) ) ;
#2180 = FACE_OUTER_BOUND ( 'NONE', #1311, .T. ) ;
#2181 = ORIENTED_EDGE ( 'NONE', *, *, #1166, .T. ) ;
#2182 = FACE_OUTER_BOUND ( 'NONE', #12, .T. ) ;
#2183 = CARTESIAN_POINT ( 'NONE',  ( -11480.11124920973816, 17.96332712175477297, 50.10385607134892894 ) ) ;
#2184 = DIRECTION ( 'NONE',  ( 2.622574073917667762E-14, 0.1621719582624386313, -0.9867625124381884660 ) ) ;
#2185 = VERTEX_POINT ( 'NONE', #310 ) ;
#2186 = VERTEX_POINT ( 'NONE', #1518 ) ;
#2187 = CARTESIAN_POINT ( 'NONE',  ( 6.708528947722027347, 16.79294105551522520, 50.16485980727838978 ) ) ;
#2188 = EDGE_LOOP ( 'NONE', ( #2328, #2306, #857, #901 ) ) ;
#2189 = EDGE_CURVE ( 'NONE', #3338, #1764, #676, .T. ) ;
#2190 = VERTEX_POINT ( 'NONE', #1495 ) ;
#2191 = CARTESIAN_POINT ( 'NONE',  ( 6.438937439443675359, 17.58470193042205665, 50.69115107020980560 ) ) ;
#2192 = DIRECTION ( 'NONE',  ( 0.000000000000000000, -0.1621719582624386313, 0.9867625124381884660 ) ) ;
#2193 = LINE ( 'NONE', #3222, #2769 ) ;
#2194 = DIRECTION ( 'NONE',  ( -1.005147185947862494E-14, 0.9867625124381884660, 0.1621719582624382983 ) ) ;
#2195 = FACE_OUTER_BOUND ( 'NONE', #685, .T. ) ;
#2196 = VERTEX_POINT ( 'NONE', #2488 ) ;
#2197 = CARTESIAN_POINT ( 'NONE',  ( 6.310818297790167009, 17.86997474156958887, 53.36962800229341752 ) ) ;
#2198 = CARTESIAN_POINT ( 'NONE',  ( 6.634521759291474474, 17.33849390727137774, 51.91712882085580105 ) ) ;
#2199 = LINE ( 'NONE', #823, #680 ) ;
#2200 = ORIENTED_EDGE ( 'NONE', *, *, #770, .F. ) ;
#2201 = DIRECTION ( 'NONE',  ( 0.04927818435184643658, 0.1619749342972593154, -0.9855636870372121994 ) ) ;
#2202 = ORIENTED_EDGE ( 'NONE', *, *, #1627, .T. ) ;
#2203 =( CONVERSION_BASED_UNIT ( 'INCH', #1444 ) LENGTH_UNIT ( ) NAMED_UNIT ( #1528 ) );
#2204 = CARTESIAN_POINT ( 'NONE',  ( 6.560514570858911654, 17.37459560044391438, 53.30069848941155186 ) ) ;
#2205 = ORIENTED_EDGE ( 'NONE', *, *, #1862, .F. ) ;
#2206 = VECTOR ( 'NONE', #3033, 39.37007874015748143 ) ;
#2207 = CARTESIAN_POINT ( 'NONE',  ( 6.461586505499618660, 17.52536593141100596, 50.78007460988633426 ) ) ;
#2208 = DIRECTION ( 'NONE',  ( 0.000000000000000000, -0.1621719582624369937, 0.9867625124381886881 ) ) ;
#2209 = DIRECTION ( 'NONE',  ( -1.000000000000000000, -6.244671404898876222E-15, -1.026296173266267565E-15 ) ) ;
#2210 = CYLINDRICAL_SURFACE ( 'NONE', #1442, 0.2500000000000737743 ) ;
#2211 = DIRECTION ( 'NONE',  ( -1.000000000000000000, -1.474230756404690691E-14, -4.138663442878298894E-15 ) ) ;
#2212 = ORIENTED_EDGE ( 'NONE', *, *, #1414, .F. ) ;
#2213 = AXIS2_PLACEMENT_3D ( 'NONE', #3081, #3023, #968 ) ;
#2214 = FACE_OUTER_BOUND ( 'NONE', #123, .T. ) ;
#2215 = VECTOR ( 'NONE', #1139, 39.37007874015748143 ) ;
#2216 = DIRECTION ( 'NONE',  ( 1.270581095794116326E-14, -0.9867625124381884660, -0.1621719582624382150 ) ) ;
#2217 = CARTESIAN_POINT ( 'NONE',  ( 6.376707030821549438, 17.16985723613918680, 52.94322696432902831 ) ) ;
#2218 = ORIENTED_EDGE ( 'NONE', *, *, #2082, .T. ) ;
#2219 = AXIS2_PLACEMENT_3D ( 'NONE', #2134, #1386, #2403 ) ;
#2220 = LINE ( 'NONE', #1739, #253 ) ;
#2221 = CARTESIAN_POINT ( 'NONE',  ( 6.708528947724174074, 17.94070413364633865, 50.24150944186512646 ) ) ;
#2222 = CARTESIAN_POINT ( 'NONE',  ( 8.459584237712594046, 17.35018812251016840, 50.68979324850823787 ) ) ;
#2223 = EDGE_CURVE ( 'NONE', #2945, #2867, #99, .T. ) ;
#2224 = AXIS2_PLACEMENT_3D ( 'NONE', #817, #1881, #567 ) ;
#2225 = ADVANCED_FACE ( 'NONE', ( #575 ), #1324, .F. ) ;
#2226 = ORIENTED_EDGE ( 'NONE', *, *, #2957, .F. ) ;
#2227 = AXIS2_PLACEMENT_3D ( 'NONE', #2559, #1780, #2362 ) ;
#2228 = AXIS2_PLACEMENT_3D ( 'NONE', #444, #3316, #964 ) ;
#2229 = CARTESIAN_POINT ( 'NONE',  ( 8.114986217252884160, 18.30456200243386533, 47.64216175382536278 ) ) ;
#2230 = VERTEX_POINT ( 'NONE', #1101 ) ;
#2231 = AXIS2_PLACEMENT_3D ( 'NONE', #1871, #28, #1857 ) ;
#2232 = FACE_OUTER_BOUND ( 'NONE', #441, .T. ) ;
#2233 = CYLINDRICAL_SURFACE ( 'NONE', #2764, 0.2499999999999966693 ) ;
#2234 = CARTESIAN_POINT ( 'NONE',  ( 8.209280729844424584, 17.29831825146592195, 50.92967027182194073 ) ) ;
#2235 = LINE ( 'NONE', #435, #88 ) ;
#2236 = CARTESIAN_POINT ( 'NONE',  ( 8.156370665287145272, 17.11460465649084384, 51.73784702204095254 ) ) ;
#2237 = ORIENTED_EDGE ( 'NONE', *, *, #3116, .T. ) ;
#2238 = AXIS2_PLACEMENT_3D ( 'NONE', #3244, #892, #2965 ) ;
#2239 = CARTESIAN_POINT ( 'NONE',  ( -2.527632839223070355E-13, -7.545449133099014105, 45.91155230426848277 ) ) ;
#2240 = ADVANCED_FACE ( 'NONE', ( #2707 ), #2167, .F. ) ;
#2241 = PRESENTATION_LAYER_ASSIGNMENT (  '', '', ( #1899 ) ) ;
#2242 = CARTESIAN_POINT ( 'NONE',  ( 7.818348214420693054, 16.94307944159789869, 52.79651597241840477 ) ) ;
#2243 = VERTEX_POINT ( 'NONE', #1407 ) ;
#2244 = ORIENTED_EDGE ( 'NONE', *, *, #2592, .T. ) ;
#2245 = DIRECTION ( 'NONE',  ( -6.328444105024763124E-15, 0.9867625124381883550, 0.1621719582624384925 ) ) ;
#2246 = CARTESIAN_POINT ( 'NONE',  ( 8.230377853788644060, 15557.70576344260007, 2604.275128310665423 ) ) ;
#2247 = EDGE_CURVE ( 'NONE', #1644, #3344, #1672, .T. ) ;
#2248 = ADVANCED_FACE ( 'NONE', ( #1160, #1084 ), #374, .F. ) ;
#2249 = LINE ( 'NONE', #3274, #372 ) ;
#2250 = EDGE_LOOP ( 'NONE', ( #2454, #438 ) ) ;
#2251 = EDGE_CURVE ( 'NONE', #2266, #578, #2904, .T. ) ;
#2252 = CARTESIAN_POINT ( 'NONE',  ( 6.708528947724174074, 18.35449273144898541, 50.42149693122919984 ) ) ;
#2253 = LINE ( 'NONE', #3281, #1186 ) ;
#2254 = LINE ( 'NONE', #669, #1389 ) ;
#2255 = LINE ( 'NONE', #2826, #2552 ) ;
#2256 = ORIENTED_EDGE ( 'NONE', *, *, #697, .F. ) ;
#2257 = ORIENTED_EDGE ( 'NONE', *, *, #1619, .T. ) ;
#2258 = CARTESIAN_POINT ( 'NONE',  ( 6.560514570856321726, 16.30642518072788505, 53.12514734459330157 ) ) ;
#2259 = CARTESIAN_POINT ( 'NONE',  ( 7.837350894587063799, 17.00306500835421986, 52.85111206270221373 ) ) ;
#2260 = CARTESIAN_POINT ( 'NONE',  ( 6.708528947722082414, 17.96332712182394786, 50.10385607138000807 ) ) ;
#2261 = ORIENTED_EDGE ( 'NONE', *, *, #2670, .T. ) ;
#2262 = VERTEX_POINT ( 'NONE', #121 ) ;
#2263 = CARTESIAN_POINT ( 'NONE',  ( 15752.05000666422166, 16.82512139359878844, 55.04083008879136685 ) ) ;
#2264 = DIRECTION ( 'NONE',  ( -5.245148147835137362E-14, 0.000000000000000000, -1.000000000000000000 ) ) ;
#2265 = EDGE_CURVE ( 'NONE', #653, #3360, #2199, .T. ) ;
#2266 = VERTEX_POINT ( 'NONE', #2260 ) ;
#2267 = CARTESIAN_POINT ( 'NONE',  ( 8.093120315068835779, 17.00307141963108393, 52.85111228658891491 ) ) ;
#2268 = CARTESIAN_POINT ( 'NONE',  ( 6.927812357044500935, 17.52204579782689109, 50.92185753374816670 ) ) ;
#2269 = EDGE_CURVE ( 'NONE', #86, #745, #786, .T. ) ;
#2270 = DIRECTION ( 'NONE',  ( -5.708974049750430655E-15, -0.9867625124381900203, -0.1621719582624281120 ) ) ;
#2271 = EDGE_CURVE ( 'NONE', #504, #375, #1489, .T. ) ;
#2272 = DIRECTION ( 'NONE',  ( 0.000000000000000000, -0.1621719582624369937, 0.9867625124381886881 ) ) ;
#2273 = DIRECTION ( 'NONE',  ( 4.489714774571247853E-15, 0.9867625124381861346, 0.1621719582624525369 ) ) ;
#2274 = VERTEX_POINT ( 'NONE', #149 ) ;
#2275 = DIRECTION ( 'NONE',  ( -7.138385966533010313E-16, -0.9867625124381896873, -0.1621719582624304712 ) ) ;
#2276 = DIRECTION ( 'NONE',  ( 0.000000000000000000, -0.9867625124381883550, -0.1621719582624388534 ) ) ;
#2277 = DIRECTION ( 'NONE',  ( -0.000000000000000000, 0.9867625124381881330, 0.1621719582624403244 ) ) ;
#2278 = VERTEX_POINT ( 'NONE', #409 ) ;
#2279 = ORIENTED_EDGE ( 'NONE', *, *, #2604, .F. ) ;
#2280 = VECTOR ( 'NONE', #2211, 39.37007874015748143 ) ;
#2281 = CARTESIAN_POINT ( 'NONE',  ( 8.082363476852680861, -8.072507997451953798, 49.11853046969256553 ) ) ;
#2282 = VECTOR ( 'NONE', #251, 39.37007874015748854 ) ;
#2283 = ADVANCED_FACE ( 'NONE', ( #3269 ), #1977, .F. ) ;
#2284 = DIRECTION ( 'NONE',  ( 0.000000000000000000, -0.1621719582624369937, 0.9867625124381886881 ) ) ;
#2285 = VECTOR ( 'NONE', #2009, 39.37007874015748143 ) ;
#2286 = ORIENTED_EDGE ( 'NONE', *, *, #1049, .T. ) ;
#2287 =( GEOMETRIC_REPRESENTATION_CONTEXT ( 3 ) GLOBAL_UNCERTAINTY_ASSIGNED_CONTEXT ( ( #1393 ) ) GLOBAL_UNIT_ASSIGNED_CONTEXT ( ( #2203, #397, #157 ) ) REPRESENTATION_CONTEXT ( 'NONE', 'WORKASPACE' ) );
#2288 = CARTESIAN_POINT ( 'NONE',  ( 8.176166490500772710, 17.32101841993744173, 52.86221524049721410 ) ) ;
#2289 = DIRECTION ( 'NONE',  ( -1.005147185947862494E-14, 0.9867625124381884660, 0.1621719582624382983 ) ) ;
#2290 = LINE ( 'NONE', #2324, #3319 ) ;
#2291 = LINE ( 'NONE', #1419, #1285 ) ;
#2292 = LINE ( 'NONE', #2561, #139 ) ;
#2293 = AXIS2_PLACEMENT_3D ( 'NONE', #1741, #880, #2956 ) ;
#2294 = EDGE_LOOP ( 'NONE', ( #1591, #1452 ) ) ;
#2295 = EDGE_CURVE ( 'NONE', #1067, #3122, #656, .T. ) ;
#2296 = DIRECTION ( 'NONE',  ( -0.000000000000000000, 0.9867625124381883550, 0.1621719582624388256 ) ) ;
#2297 = VECTOR ( 'NONE', #1138, 39.37007874015748143 ) ;
#2298 = FACE_OUTER_BOUND ( 'NONE', #3318, .T. ) ;
#2299 = DIRECTION ( 'NONE',  ( 0.009695013075854951382, 0.9993438579051877602, -0.03489785650487710333 ) ) ;
#2300 = VERTEX_POINT ( 'NONE', #454 ) ;
#2301 = ORIENTED_EDGE ( 'NONE', *, *, #329, .T. ) ;
#2302 = EDGE_CURVE ( 'NONE', #789, #1373, #427, .T. ) ;
#2303 = DIRECTION ( 'NONE',  ( -1.476329634149815500E-16, -0.9867625124381901314, -0.1621719582624281120 ) ) ;
#2304 = CARTESIAN_POINT ( 'NONE',  ( 6.560514570858901884, 16.99962584571740010, 53.23907314527184553 ) ) ;
#2305 = CARTESIAN_POINT ( 'NONE',  ( 8.230377853720026948, 16.81086105690319243, 50.05582254965442246 ) ) ;
#2306 = ORIENTED_EDGE ( 'NONE', *, *, #456, .F. ) ;
#2307 = CYLINDRICAL_SURFACE ( 'NONE', #276, 0.1406000000000001138 ) ;
#2308 = CARTESIAN_POINT ( 'NONE',  ( 6.634521759291485132, 17.36129528460310922, 51.77839001160678123 ) ) ;
#2309 = CARTESIAN_POINT ( 'NONE',  ( 7.837350894587063799, 17.00306500835421986, 52.85111206270221373 ) ) ;
#2310 = CARTESIAN_POINT ( 'NONE',  ( 6.872190209826633200, 17.06035700563641200, 55.59812937269759914 ) ) ;
#2311 = DIRECTION ( 'NONE',  ( 0.000000000000000000, -0.1621719582624369937, 0.9867625124381886881 ) ) ;
#2312 = EDGE_LOOP ( 'NONE', ( #2578, #2048, #1952, #865 ) ) ;
#2313 = ORIENTED_EDGE ( 'NONE', *, *, #2503, .F. ) ;
#2314 = CARTESIAN_POINT ( 'NONE',  ( 6.708528947724146541, 17.84319147384329796, 50.44944820972264665 ) ) ;
#2315 = CARTESIAN_POINT ( 'NONE',  ( 8.480074126856928629, 15557.70376555768598, 2604.287284776914930 ) ) ;
#2316 = ORIENTED_EDGE ( 'NONE', *, *, #4, .F. ) ;
#2317 = VERTEX_POINT ( 'NONE', #2034 ) ;
#2318 = CARTESIAN_POINT ( 'NONE',  ( 6.708528947724155422, 17.83840740107429212, 50.47855770383952034 ) ) ;
#2319 = CARTESIAN_POINT ( 'NONE',  ( 6.593137311257126321, 18.30456200242939246, 47.64216175382550489 ) ) ;
#2320 = CARTESIAN_POINT ( 'NONE',  ( 8.230377853718492176, 16.79294105551298699, 50.16485980727811267 ) ) ;
#2321 = EDGE_LOOP ( 'NONE', ( #2450, #921, #829, #1291 ) ) ;
#2322 = CARTESIAN_POINT ( 'NONE',  ( 6.708528947724174074, 18.37241273283698462, 50.31245967360477778 ) ) ;
#2323 = DIRECTION ( 'NONE',  ( 0.000000000000000000, 0.1621719582624398803, -0.9867625124381881330 ) ) ;
#2324 = CARTESIAN_POINT ( 'NONE',  ( 254.3609010058350464, -5558.895177026572128, -5926.897553089194844 ) ) ;
#2325 = ORIENTED_EDGE ( 'NONE', *, *, #2678, .F. ) ;
#2326 = B_SPLINE_CURVE_WITH_KNOTS ( 'NONE', 3,
 ( #2259, #707, #2996, #1713, #1472, #3049, #426, #2547, #2792, #3288, #693, #391, #2242, #2723, #931, #3328 ),
 .UNSPECIFIED., .F., .F.,
 ( 4, 2, 2, 2, 2, 2, 2, 4 ),
 ( 2.830524433501837851E-16, 0.0003422666436186321643, 0.0006845332872369813519, 0.001026799930855330431, 0.001369066574473679510, 0.002053599861710857753, 0.002395866505329419770, 0.002738133148947982220 ),
 .UNSPECIFIED. ) ;
#2327 = VERTEX_POINT ( 'NONE', #3068 ) ;
#2328 = ORIENTED_EDGE ( 'NONE', *, *, #2679, .F. ) ;
#2329 = EDGE_CURVE ( 'NONE', #1327, #746, #2922, .T. ) ;
#2330 = DIRECTION ( 'NONE',  ( -0.000000000000000000, 0.9867625124381881330, 0.1621719582624403244 ) ) ;
#2331 = DIRECTION ( 'NONE',  ( 0.000000000000000000, 0.1621719582624388256, -0.9867625124381882440 ) ) ;
#2332 = CARTESIAN_POINT ( 'NONE',  ( 8.104318718697621549, 16.94351250406000631, 52.77888595380180448 ) ) ;
#2333 = ORIENTED_EDGE ( 'NONE', *, *, #3028, .T. ) ;
#2334 = LINE ( 'NONE', #2318, #2980 ) ;
#2335 = AXIS2_PLACEMENT_3D ( 'NONE', #3063, #690, #1002 ) ;
#2336 = EDGE_CURVE ( 'NONE', #3354, #3030, #1240, .T. ) ;
#2337 = EDGE_CURVE ( 'NONE', #2102, #1891, #1434, .T. ) ;
#2338 = VECTOR ( 'NONE', #129, 39.37007874015748143 ) ;
#2339 = EDGE_LOOP ( 'NONE', ( #1701, #2738, #1410, #2704 ) ) ;
#2340 = EDGE_CURVE ( 'NONE', #2262, #1080, #105, .T. ) ;
#2341 = DIRECTION ( 'NONE',  ( 0.000000000000000000, -0.1621719582624395750, 0.9867625124381881330 ) ) ;
#2342 = CIRCLE ( 'NONE', #2556, 0.2500000000000023870 ) ;
#2343 = DIRECTION ( 'NONE',  ( -1.075430028295977810E-14, 0.9867625124381883550, 0.1621719582624382705 ) ) ;
#2344 = CARTESIAN_POINT ( 'NONE',  ( 8.156370665287145272, 16.84736142535096803, 51.51404508860444054 ) ) ;
#2345 = ORIENTED_EDGE ( 'NONE', *, *, #3294, .T. ) ;
#2346 = VERTEX_POINT ( 'NONE', #2221 ) ;
#2347 = CIRCLE ( 'NONE', #833, 0.1875000000000040801 ) ;
#2348 = CARTESIAN_POINT ( 'NONE',  ( 8.230377853720026948, 17.50406172189249077, 50.16974835033402513 ) ) ;
#2349 = CARTESIAN_POINT ( 'NONE',  ( 6.458832674653003814, 18.35649061636336299, 50.40934046497935839 ) ) ;
#2350 = DIRECTION ( 'NONE',  ( 0.000000000000000000, -0.9867625124381883550, -0.1621719582624388256 ) ) ;
#2351 = ORIENTED_EDGE ( 'NONE', *, *, #3073, .F. ) ;
#2352 = AXIS2_PLACEMENT_3D ( 'NONE', #3054, #2091, #245 ) ;
#2353 = EDGE_CURVE ( 'NONE', #1112, #354, #936, .T. ) ;
#2354 = CARTESIAN_POINT ( 'NONE',  ( 8.213849569307067000, 17.76926569826352065, 50.91322442458959330 ) ) ;
#2355 = AXIS2_PLACEMENT_3D ( 'NONE', #3300, #946, #2802 ) ;
#2356 = DIRECTION ( 'NONE',  ( -0.000000000000000000, 0.9867625124381881330, 0.1621719582624398803 ) ) ;
#2357 = CARTESIAN_POINT ( 'NONE',  ( 8.381928206906016143, 17.67322297767257666, 50.87178204147574689 ) ) ;
#2358 = ADVANCED_FACE ( 'NONE', ( #681 ), #1963, .F. ) ;
#2359 = CIRCLE ( 'NONE', #2988, 0.2500000000000023870 ) ;
#2360 = VERTEX_POINT ( 'NONE', #2977 ) ;
#2361 = ORIENTED_EDGE ( 'NONE', *, *, #1258, .F. ) ;
#2362 = DIRECTION ( 'NONE',  ( 0.000000000000000000, -0.1621719582624386313, 0.9867625124381884660 ) ) ;
#2363 = CARTESIAN_POINT ( 'NONE',  ( 8.101264082755136542, 17.00302577357914302, 52.85140965070951324 ) ) ;
#2364 = EDGE_CURVE ( 'NONE', #1922, #504, #1456, .T. ) ;
#2365 = VERTEX_POINT ( 'NONE', #3231 ) ;
#2366 = CARTESIAN_POINT ( 'NONE',  ( 6.560514570858873462, 17.88589685804986473, 53.27274721091816190 ) ) ;
#2367 = FACE_OUTER_BOUND ( 'NONE', #1026, .T. ) ;
#2368 = DIRECTION ( 'NONE',  ( -0.000000000000000000, 0.9867625124381881330, 0.1621719582624398803 ) ) ;
#2369 = ORIENTED_EDGE ( 'NONE', *, *, #2472, .F. ) ;
#2370 = ORIENTED_EDGE ( 'NONE', *, *, #2523, .F. ) ;
#2371 = LINE ( 'NONE', #2319, #1944 ) ;
#2372 = VERTEX_POINT ( 'NONE', #1946 ) ;
#2373 = PLANE ( 'NONE',  #1111 ) ;
#2374 = DIRECTION ( 'NONE',  ( 0.000000000000000000, -0.1621719582624369937, 0.9867625124381886881 ) ) ;
#2375 = DIRECTION ( 'NONE',  ( 0.04927818435184641577, 0.1619749342972593154, -0.9855636870372121994 ) ) ;
#2376 = VERTEX_POINT ( 'NONE', #428 ) ;
#2377 = CARTESIAN_POINT ( 'NONE',  ( 6.929869846543779133, 17.63619569130171527, 50.89835653407341454 ) ) ;
#2378 = CARTESIAN_POINT ( 'NONE',  ( 8.511136206638372670, 17.27535645330587499, 50.75972572040706865 ) ) ;
#2379 = CARTESIAN_POINT ( 'NONE',  ( 8.335688529585311812, 16.96462031612453458, 53.04836086255679817 ) ) ;
#2380 = EDGE_LOOP ( 'NONE', ( #1105, #834, #423, #3199, #134 ) ) ;
#2381 =( CONVERSION_BASED_UNIT ( 'INCH', #778 ) LENGTH_UNIT ( ) NAMED_UNIT ( #3140 ) );
#2382 = DIRECTION ( 'NONE',  ( 0.000000000000000000, 0.03489949670251060732, 0.9993908270190954291 ) ) ;
#2383 = FACE_OUTER_BOUND ( 'NONE', #3153, .T. ) ;
#2384 = ORIENTED_EDGE ( 'NONE', *, *, #167, .T. ) ;
#2385 = AXIS2_PLACEMENT_3D ( 'NONE', #2151, #508, #2692 ) ;
#2386 = ORIENTED_EDGE ( 'NONE', *, *, #2761, .T. ) ;
#2387 = APPLICATION_CONTEXT ( 'automotive_design' ) ;
#2388 = EDGE_CURVE ( 'NONE', #2793, #986, #3317, .T. ) ;
#2389 = AXIS2_PLACEMENT_3D ( 'NONE', #164, #1505, #2311 ) ;
#2390 = CYLINDRICAL_SURFACE ( 'NONE', #1893, 0.5099999999999966782 ) ;
#2391 = CARTESIAN_POINT ( 'NONE',  ( 6.686061959973542912, 16.96452652569628938, 55.79583263469518073 ) ) ;
#2392 = AXIS2_PLACEMENT_3D ( 'NONE', #1696, #403, #1432 ) ;
#2393 = ORIENTED_EDGE ( 'NONE', *, *, #3232, .F. ) ;
#2394 = AXIS2_PLACEMENT_3D ( 'NONE', #2533, #2777, #2501 ) ;
#2395 = CARTESIAN_POINT ( 'NONE',  ( 8.082363476854947493, 17.90851984622241488, 53.13509384043321404 ) ) ;
#2396 = DIRECTION ( 'NONE',  ( -0.9987850922731003056, 0.007991539655960246819, -0.04862586499941956575 ) ) ;
#2397 = DIRECTION ( 'NONE',  ( 5.594340924136938774E-15, 0.9867625124381896873, 0.1621719582624304712 ) ) ;
#2398 = EDGE_LOOP ( 'NONE', ( #2114, #1715, #61, #2693, #3378, #3339, #2696 ) ) ;
#2399 = ADVANCED_FACE ( 'NONE', ( #629 ), #1665, .F. ) ;
#2400 = VECTOR ( 'NONE', #2623, 39.37007874015748854 ) ;
#2401 = ADVANCED_FACE ( 'NONE', ( #377, #394 ), #1999, .F. ) ;
#2402 = DIRECTION ( 'NONE',  ( 0.000000000000000000, 0.1621719582624369937, -0.9867625124381886881 ) ) ;
#2403 = DIRECTION ( 'NONE',  ( 0.000000000000000000, 0.9867625124381874668, 0.1621719582624434608 ) ) ;
#2404 = CIRCLE ( 'NONE', #209, 0.1399999999999983480 ) ;
#2405 = FACE_OUTER_BOUND ( 'NONE', #973, .T. ) ;
#2406 = EDGE_CURVE ( 'NONE', #3344, #1644, #1618, .T. ) ;
#2407 = AXIS2_PLACEMENT_3D ( 'NONE', #3178, #1369, #2433 ) ;
#2408 = EDGE_LOOP ( 'NONE', ( #2205, #2806, #1197, #2422 ) ) ;
#2409 = AXIS2_PLACEMENT_3D ( 'NONE', #2043, #740, #483 ) ;
#2410 = FILL_AREA_STYLE_COLOUR ( '', #328 ) ;
#2411 = EDGE_LOOP ( 'NONE', ( #3168, #737, #2779, #182, #3246 ) ) ;
#2412 = PLANE ( 'NONE',  #1171 ) ;
#2413 = CARTESIAN_POINT ( 'NONE',  ( 8.273105348414080851, 17.29980492358073008, 50.92343223205626401 ) ) ;
#2414 = CARTESIAN_POINT ( 'NONE',  ( 6.634521759291485132, 17.36129528460310922, 51.77839001160678123 ) ) ;
#2415 = ORIENTED_EDGE ( 'NONE', *, *, #2659, .F. ) ;
#2416 =( BOUNDED_CURVE ( )  B_SPLINE_CURVE ( 3, ( #861, #1066, #3175, #3163 ),
 .UNSPECIFIED., .F., .F. ) 
 B_SPLINE_CURVE_WITH_KNOTS ( ( 4, 4 ),
 ( 4.875280332372796011, 6.411170074066467883 ),
 .UNSPECIFIED. ) 
 CURVE ( )  GEOMETRIC_REPRESENTATION_ITEM ( )  RATIONAL_B_SPLINE_CURVE ( ( 1.000000000000000000, 0.8128932002399704704, 0.8128932002399704704, 1.000000000000000000 ) ) 
 REPRESENTATION_ITEM ( '' )  );
#2417 = DIRECTION ( 'NONE',  ( -1.005147185947862494E-14, 0.9867625124381884660, 0.1621719582624382983 ) ) ;
#2418 = FACE_OUTER_BOUND ( 'NONE', #603, .T. ) ;
#2419 = CARTESIAN_POINT ( 'NONE',  ( 6.440814853935667550, 17.60900008584672349, 50.65658193845232660 ) ) ;
#2420 = CARTESIAN_POINT ( 'NONE',  ( 6.327503594091206551, 17.22004453351806319, 53.03537288552492868 ) ) ;
#2421 = ORIENTED_EDGE ( 'NONE', *, *, #1388, .F. ) ;
#2422 = ORIENTED_EDGE ( 'NONE', *, *, #1224, .T. ) ;
#2423 = EDGE_CURVE ( 'NONE', #531, #745, #2998, .T. ) ;
#2424 = ADVANCED_FACE ( 'NONE', ( #1440 ), #1187, .T. ) ;
#2425 = FACE_OUTER_BOUND ( 'NONE', #3261, .T. ) ;
#2426 = CYLINDRICAL_SURFACE ( 'NONE', #1244, 0.1105000000000027904 ) ;
#2427 = VERTEX_POINT ( 'NONE', #1980 ) ;
#2428 = CARTESIAN_POINT ( 'NONE',  ( 6.466904412523665435, 17.58116196008823806, 50.78712641676822415 ) ) ;
#2429 = CARTESIAN_POINT ( 'NONE',  ( -11480.36464778656227, 17.49206560470241811, 55.66907960441631076 ) ) ;
#2430 = CARTESIAN_POINT ( 'NONE',  ( 8.101264082755136542, 17.00302577357914302, 52.85140965070950614 ) ) ;
#2431 = DIRECTION ( 'NONE',  ( -1.005147185947862494E-14, 0.9867625124381884660, 0.1621719582624382983 ) ) ;
#2432 = ORIENTED_EDGE ( 'NONE', *, *, #2492, .T. ) ;
#2433 = DIRECTION ( 'NONE',  ( 0.000000000000000000, 0.1621719582626633405, -0.9867625124381514956 ) ) ;
#2434 = CARTESIAN_POINT ( 'NONE',  ( 8.101264082755136542, 17.00302577357914302, 52.85140965070951324 ) ) ;
#2435 = CARTESIAN_POINT ( 'NONE',  ( 6.507402943470187218, 17.18305035209952081, 52.86295123479801106 ) ) ;
#2436 = ORIENTED_EDGE ( 'NONE', *, *, #2715, .F. ) ;
#2437 = ORIENTED_EDGE ( 'NONE', *, *, #1205, .F. ) ;
#2438 = ORIENTED_EDGE ( 'NONE', *, *, #68, .T. ) ;
#2439 = EDGE_CURVE ( 'NONE', #213, #2186, #1475, .T. ) ;
#2440 = ADVANCED_FACE ( 'NONE', ( #1515 ), #2794, .T. ) ;
#2441 = AXIS2_PLACEMENT_3D ( 'NONE', #2239, #1699, #1940 ) ;
#2442 = CARTESIAN_POINT ( 'NONE',  ( 6.318834118842473480, 17.20805549318108163, 53.09619664031713882 ) ) ;
#2443 = ORIENTED_EDGE ( 'NONE', *, *, #2019, .T. ) ;
#2444 = VECTOR ( 'NONE', #77, 39.37007874015748143 ) ;
#2445 = DIRECTION ( 'NONE',  ( 0.000000000000000000, -0.1621719582624384648, 0.9867625124381882440 ) ) ;
#2446 = DIRECTION ( 'NONE',  ( 0.000000000000000000, 0.9867625124381900203, 0.1621719582624281120 ) ) ;
#2447 = CIRCLE ( 'NONE', #3243, 0.1105000000000027904 ) ;
#2448 = CARTESIAN_POINT ( 'NONE',  ( 6.974220435215823244, 17.39572526790334805, 53.55752486491321918 ) ) ;
#2449 = CARTESIAN_POINT ( 'NONE',  ( 8.099231209687818733, 16.94355321054463204, 52.77863826836055239 ) ) ;
#2450 = ORIENTED_EDGE ( 'NONE', *, *, #1548, .F. ) ;
#2451 = CONICAL_SURFACE ( 'NONE', #1501, 0.1399999999999983480, 0.04076687465383467546 ) ;
#2452 = CARTESIAN_POINT ( 'NONE',  ( 15752.41947736544535, 18.30456200256814370, 47.64216175364268935 ) ) ;
#2453 = CARTESIAN_POINT ( 'NONE',  ( 6.536881008528639292, 17.25492284783752694, 52.85990713225948667 ) ) ;
#2454 = ORIENTED_EDGE ( 'NONE', *, *, #3191, .F. ) ;
#2455 = CARTESIAN_POINT ( 'NONE',  ( 7.242364598190023983, 17.25715425843586814, 52.79744695831596601 ) ) ;
#2456 = AXIS2_PLACEMENT_3D ( 'NONE', #2652, #787, #35 ) ;
#2457 = CARTESIAN_POINT ( 'NONE',  ( 6.325859948489984674, 17.23558862872406650, 52.95640968190866005 ) ) ;
#2458 = AXIS2_PLACEMENT_3D ( 'NONE', #3051, #2570, #3011 ) ;
#2459 = AXIS2_PLACEMENT_3D ( 'NONE', #1760, #1538, #179 ) ;
#2460 = ADVANCED_FACE ( 'NONE', ( #3071 ), #3256, .F. ) ;
#2461 = DIRECTION ( 'NONE',  ( -0.000000000000000000, 0.9867625124381881330, 0.1621719582624398803 ) ) ;
#2462 = VERTEX_POINT ( 'NONE', #186 ) ;
#2463 = AXIS2_PLACEMENT_3D ( 'NONE', #1870, #3148, #1612 ) ;
#2464 = CARTESIAN_POINT ( 'NONE',  ( 6.440949883540620036, 17.60952297058389249, 50.65413694667630295 ) ) ;
#2465 = DIRECTION ( 'NONE',  ( -0.000000000000000000, 0.9867625124381884660, 0.1621719582624384648 ) ) ;
#2466 = EDGE_CURVE ( 'NONE', #2557, #2785, #960, .T. ) ;
#2467 = CARTESIAN_POINT ( 'NONE',  ( 8.230377853720053594, 18.35449273144893922, 50.42149693122919274 ) ) ;
#2468 = CYLINDRICAL_SURFACE ( 'NONE', #2808, 0.1105000000000027904 ) ;
#2469 = ORIENTED_EDGE ( 'NONE', *, *, #413, .F. ) ;
#2470 = CARTESIAN_POINT ( 'NONE',  ( 7.457118869316722964, 18.00558645674558278, 50.61750882238116134 ) ) ;
#2471 = DIRECTION ( 'NONE',  ( 5.594340924136940352E-15, 0.9867625124381896873, 0.1621719582624304989 ) ) ;
#2472 = EDGE_CURVE ( 'NONE', #730, #2020, #1492, .T. ) ;
#2473 = CARTESIAN_POINT ( 'NONE',  ( 6.560514570858873462, 17.43626825746601483, 53.31083423680208710 ) ) ;
#2474 = UNCERTAINTY_MEASURE_WITH_UNIT (LENGTH_MEASURE( 1.000000000000000082E-05 ), #3351, 'distance_accuracy_value', 'NONE');
#2475 = VERTEX_POINT ( 'NONE', #1546 ) ;
#2476 = EDGE_CURVE ( 'NONE', #2102, #3025, #1534, .T. ) ;
#2477 = CARTESIAN_POINT ( 'NONE',  ( 7.819724849066883365, 17.01582170061156418, 53.49508866098167914 ) ) ;
#2478 = ORIENTED_EDGE ( 'NONE', *, *, #1825, .F. ) ;
#2479 = CARTESIAN_POINT ( 'NONE',  ( 6.376014149283284027, 17.54132288390156802, 50.68298185291384073 ) ) ;
#2480 = ADVANCED_BREP_SHAPE_REPRESENTATION ( 'module top plate counter block 1', ( #2002, #948, #3158, #2463 ), #2021 ) ;
#2481 = CARTESIAN_POINT ( 'NONE',  ( 6.431391011036101446, 17.51635172720748557, 50.83492304905260539 ) ) ;
#2482 = CARTESIAN_POINT ( 'NONE',  ( 8.230377853718923831, 18.31394974188368963, 50.66818755933934426 ) ) ;
#2483 = CARTESIAN_POINT ( 'NONE',  ( 8.082363476853931417, 17.86797685666181934, 53.38178446854258397 ) ) ;
#2484 = ORIENTED_EDGE ( 'NONE', *, *, #2492, .F. ) ;
#2485 = ADVANCED_FACE ( 'NONE', ( #2022 ), #765, .T. ) ;
#2486 = EDGE_CURVE ( 'NONE', #746, #1327, #2013, .T. ) ;
#2487 = CARTESIAN_POINT ( 'NONE',  ( 6.560514570858466676, 17.43626825746499165, 53.31083423680355082 ) ) ;
#2488 = CARTESIAN_POINT ( 'NONE',  ( 7.818272106760685070, 16.94357356987150354, 52.77851438862224143 ) ) ;
#2489 = VERTEX_POINT ( 'NONE', #262 ) ;
#2490 = CARTESIAN_POINT ( 'NONE',  ( 6.708528947724155422, 17.50633212930819838, 50.15593367515989343 ) ) ;
#2491 = DIRECTION ( 'NONE',  ( 6.330302821764085290E-15, -0.9867625124381884660, -0.1621719582624384925 ) ) ;
#2492 = EDGE_CURVE ( 'NONE', #3127, #1429, #496, .T. ) ;
#2493 = ORIENTED_EDGE ( 'NONE', *, *, #51, .F. ) ;
#2494 = CARTESIAN_POINT ( 'NONE',  ( 6.554780582537430789, 17.50796489074491191, 50.88595416384744397 ) ) ;
#2495 = PLANE ( 'NONE',  #1949 ) ;
#2496 = DIRECTION ( 'NONE',  ( 4.432399266810763288E-15, 0.9867625124381900203, 0.1621719582624281120 ) ) ;
#2497 = VERTEX_POINT ( 'NONE', #1293 ) ;
#2498 = CIRCLE ( 'NONE', #1439, 0.1105000000000027904 ) ;
#2499 = CARTESIAN_POINT ( 'NONE',  ( -66.08603147490059371, -11554.82972681919455, -351.2461934578270757 ) ) ;
#2500 = VECTOR ( 'NONE', #2529, 39.37007874015748143 ) ;
#2501 = DIRECTION ( 'NONE',  ( 0.000000000000000000, 0.9993908270190954291, 0.03489949670251000363 ) ) ;
#2502 = EDGE_CURVE ( 'NONE', #2571, #2532, #1059, .T. ) ;
#2503 = EDGE_CURVE ( 'NONE', #1341, #2551, #2334, .T. ) ;
#2504 = CIRCLE ( 'NONE', #3248, 0.2500000000000023870 ) ;
#2505 = ORIENTED_EDGE ( 'NONE', *, *, #407, .F. ) ;
#2506 = AXIS2_PLACEMENT_3D ( 'NONE', #465, #286, #2096 ) ;
#2507 = FACE_OUTER_BOUND ( 'NONE', #2125, .T. ) ;
#2508 = AXIS2_PLACEMENT_3D ( 'NONE', #2263, #3292, #152 ) ;
#2509 = ORIENTED_EDGE ( 'NONE', *, *, #3006, .T. ) ;
#2510 = VECTOR ( 'NONE', #1488, 39.37007874015748854 ) ;
#2511 = DIRECTION ( 'NONE',  ( 1.000000000000000000, 1.020125348094092806E-14, 4.232637423838619801E-15 ) ) ;
#2512 = CARTESIAN_POINT ( 'NONE',  ( 6.584020406412728121, 17.49364300649102688, 50.97309807356304390 ) ) ;
#2513 = DIRECTION ( 'NONE',  ( 1.005147185947862494E-14, -0.9867625124381884660, -0.1621719582624382983 ) ) ;
#2514 = CARTESIAN_POINT ( 'NONE',  ( 8.346157230783916248, 16.91801239892330599, 52.94857988704823271 ) ) ;
#2515 = ORIENTED_EDGE ( 'NONE', *, *, #91, .F. ) ;
#2516 = CARTESIAN_POINT ( 'NONE',  ( 7.819724849057332783, -11315.26825278009528, -1808.937540040831664 ) ) ;
#2517 = VECTOR ( 'NONE', #1081, 39.37007874015748143 ) ;
#2518 = CARTESIAN_POINT ( 'NONE',  ( 6.560514570858873462, 17.86797685666186553, 53.38178446854258397 ) ) ;
#2519 = VERTEX_POINT ( 'NONE', #1241 ) ;
#2520 = ORIENTED_EDGE ( 'NONE', *, *, #2340, .F. ) ;
#2521 = CARTESIAN_POINT ( 'NONE',  ( 6.634521759291474474, 16.52688174078984673, 51.78374238518475892 ) ) ;
#2522 =( BOUNDED_CURVE ( )  B_SPLINE_CURVE ( 3, ( #402, #585, #1418, #1677 ),
 .UNSPECIFIED., .F., .F. ) 
 B_SPLINE_CURVE_WITH_KNOTS ( ( 4, 4 ),
 ( 4.712388980383055426, 5.352062237143723422 ),
 .UNSPECIFIED. ) 
 CURVE ( )  GEOMETRIC_REPRESENTATION_ITEM ( )  RATIONAL_B_SPLINE_CURVE ( ( 1.000000000000000000, 0.9661911977753536718, 0.9661911977753536718, 1.000000000000000000 ) ) 
 REPRESENTATION_ITEM ( '' )  );
#2523 = EDGE_CURVE ( 'NONE', #1990, #1485, #2813, .T. ) ;
#2524 = DIRECTION ( 'NONE',  ( 0.000000000000000000, -0.1621719582624381872, 0.9867625124381884660 ) ) ;
#2525 = ORIENTED_EDGE ( 'NONE', *, *, #210, .F. ) ;
#2526 = CARTESIAN_POINT ( 'NONE',  ( 8.101264082755136542, 17.00302577357914302, 52.85140965070951324 ) ) ;
#2527 = CARTESIAN_POINT ( 'NONE',  ( 8.230377853720053594, 17.90486413086975048, 50.45958395711387823 ) ) ;
#2528 = CARTESIAN_POINT ( 'NONE',  ( 6.568783638333929531, 17.25715425843585749, 52.79744695831595891 ) ) ;
#2529 = DIRECTION ( 'NONE',  ( -0.000000000000000000, 0.9867625124381881330, 0.1621719582624403244 ) ) ;
#2530 = CARTESIAN_POINT ( 'NONE',  ( 6.708528947724155422, 17.48614172050452353, 50.27878560795844720 ) ) ;
#2531 = ORIENTED_EDGE ( 'NONE', *, *, #3332, .T. ) ;
#2532 = VERTEX_POINT ( 'NONE', #1261 ) ;
#2533 = CARTESIAN_POINT ( 'NONE',  ( 7.242364598190033753, 16.61616626819015607, 52.83760126098028564 ) ) ;
#2534 = ORIENTED_EDGE ( 'NONE', *, *, #1826, .T. ) ;
#2535 = EDGE_CURVE ( 'NONE', #915, #1184, #3177, .T. ) ;
#2536 = VERTEX_POINT ( 'NONE', #2054 ) ;
#2537 = DIRECTION ( 'NONE',  ( 0.000000000000000000, -0.9867625124381881330, -0.1621719582624398803 ) ) ;
#2538 = CARTESIAN_POINT ( 'NONE',  ( 6.362266290376870970, 17.42783394146128018, 52.97676086352881697 ) ) ;
#2539 = ADVANCED_FACE ( 'NONE', ( #46 ), #2148, .T. ) ;
#2540 = ORIENTED_EDGE ( 'NONE', *, *, #3056, .T. ) ;
#2541 = LINE ( 'NONE', #1498, #3259 ) ;
#2542 = LINE ( 'NONE', #127, #2709 ) ;
#2543 = FACE_OUTER_BOUND ( 'NONE', #1474, .T. ) ;
#2544 = LINE ( 'NONE', #2031, #2907 ) ;
#2545 = ORIENTED_EDGE ( 'NONE', *, *, #1346, .F. ) ;
#2546 = EDGE_LOOP ( 'NONE', ( #670, #1860, #3286, #1803 ) ) ;
#2547 = CARTESIAN_POINT ( 'NONE',  ( 7.826049177605896467, 16.96329675202032661, 52.83518647086348352 ) ) ;
#2548 = DIRECTION ( 'NONE',  ( 0.04927818435184641577, 0.1619749342972593154, -0.9855636870372121994 ) ) ;
#2549 = ORIENTED_EDGE ( 'NONE', *, *, #2824, .F. ) ;
#2550 = ORIENTED_EDGE ( 'NONE', *, *, #2869, .F. ) ;
#2551 = VERTEX_POINT ( 'NONE', #1629 ) ;
#2552 = VECTOR ( 'NONE', #486, 39.37007874015748143 ) ;
#2553 = VERTEX_POINT ( 'NONE', #1082 ) ;
#2554 = CIRCLE ( 'NONE', #1288, 0.2500000000000023870 ) ;
#2555 = FACE_OUTER_BOUND ( 'NONE', #101, .T. ) ;
#2556 = AXIS2_PLACEMENT_3D ( 'NONE', #401, #1676, #1193 ) ;
#2557 = VERTEX_POINT ( 'NONE', #811 ) ;
#2558 = AXIS2_PLACEMENT_3D ( 'NONE', #1355, #1909, #3179 ) ;
#2559 = CARTESIAN_POINT ( 'NONE',  ( 6.708528947722027347, 17.86111147522908027, 50.34041095209736483 ) ) ;
#2560 = LINE ( 'NONE', #1269, #1516 ) ;
#2561 = CARTESIAN_POINT ( 'NONE',  ( 6.798484135877322920, -11315.26195900024504, -1808.936505673807233 ) ) ;
#2562 = ORIENTED_EDGE ( 'NONE', *, *, #2694, .T. ) ;
#2563 = VECTOR ( 'NONE', #3089, 39.37007874015748143 ) ;
#2564 = EDGE_LOOP ( 'NONE', ( #2351, #762, #67, #1305 ) ) ;
#2565 = EDGE_CURVE ( 'NONE', #1201, #1751, #1514, .T. ) ;
#2566 = EDGE_CURVE ( 'NONE', #2185, #2658, #2890, .T. ) ;
#2567 = CARTESIAN_POINT ( 'NONE',  ( 8.230377853720053594, 18.37241273283693843, 50.31245967360476357 ) ) ;
#2568 = AXIS2_PLACEMENT_3D ( 'NONE', #1748, #2787, #237 ) ;
#2569 = CARTESIAN_POINT ( 'NONE',  ( 7.926007146404643322, 17.29118235568152073, 50.92991946279376236 ) ) ;
#2570 = DIRECTION ( 'NONE',  ( -0.04927818435184643658, -0.1619749342972593154, 0.9855636870372123104 ) ) ;
#2571 = VERTEX_POINT ( 'NONE', #2902 ) ;
#2572 = ORIENTED_EDGE ( 'NONE', *, *, #1219, .T. ) ;
#2573 = CIRCLE ( 'NONE', #2667, 0.1244999999999983620 ) ;
#2574 = DIRECTION ( 'NONE',  ( -1.000000000000000000, -1.460809517328509227E-14, -4.956890866781135720E-15 ) ) ;
#2575 = DIRECTION ( 'NONE',  ( 0.000000000000000000, -0.1621719582624464862, 0.9867625124381870227 ) ) ;
#2576 = CARTESIAN_POINT ( 'NONE',  ( 8.230377853720053594, 18.35449273144893922, 50.42149693122919274 ) ) ;
#2577 = EDGE_LOOP ( 'NONE', ( #1172, #1737 ) ) ;
#2578 = ORIENTED_EDGE ( 'NONE', *, *, #3229, .F. ) ;
#2579 = CARTESIAN_POINT ( 'NONE',  ( 6.708528947724146541, 17.87903147661929637, 50.23137369447380252 ) ) ;
#2580 = DIRECTION ( 'NONE',  ( 0.000000000000000000, -0.1621719582624380485, 0.9867625124381884660 ) ) ;
#2581 = CARTESIAN_POINT ( 'NONE',  ( 8.082363476853931417, 17.41834825607954684, 53.41987149442676497 ) ) ;
#2582 = ORIENTED_EDGE ( 'NONE', *, *, #2223, .T. ) ;
#2583 = VERTEX_POINT ( 'NONE', #557 ) ;
#2584 = LINE ( 'NONE', #2377, #520 ) ;
#2585 = CARTESIAN_POINT ( 'NONE',  ( 8.338359627909936123, 16.95169114006391453, 53.11405090291025743 ) ) ;
#2586 = EDGE_LOOP ( 'NONE', ( #3009, #2942, #437, #3327 ) ) ;
#2587 = ADVANCED_FACE ( 'NONE', ( #2418 ), #340, .T. ) ;
#2588 = DIRECTION ( 'NONE',  ( 0.000000000000000000, -0.1621719582624454037, 0.9867625124381872448 ) ) ;
#2589 = CARTESIAN_POINT ( 'NONE',  ( 6.560514570858911654, 17.37459560044391438, 53.30069848941155186 ) ) ;
#2590 = EDGE_LOOP ( 'NONE', ( #2534, #3331, #2361, #2256 ) ) ;
#2591 = CARTESIAN_POINT ( 'NONE',  ( 8.230377853720026948, 16.77502105412719402, 50.27389706490326660 ) ) ;
#2592 = EDGE_CURVE ( 'NONE', #3076, #1092, #1284, .T. ) ;
#2593 = LINE ( 'NONE', #250, #2925 ) ;
#2594 = CARTESIAN_POINT ( 'NONE',  ( 6.798484135832373099, 17.01582170060937571, 53.49508866098132387 ) ) ;
#2595 = ORIENTED_EDGE ( 'NONE', *, *, #3240, .T. ) ;
#2596 = CARTESIAN_POINT ( 'NONE',  ( 8.156370665287145272, 16.81857590275938463, 51.68919543456222243 ) ) ;
#2597 = LINE ( 'NONE', #1235, #3202 ) ;
#2598 = CARTESIAN_POINT ( 'NONE',  ( 8.348932539663323382, 16.92161388388699095, 52.91213178552498420 ) ) ;
#2599 = ORIENTED_EDGE ( 'NONE', *, *, #3056, .F. ) ;
#2600 = VECTOR ( 'NONE', #131, 39.37007874015748854 ) ;
#2601 = DIRECTION ( 'NONE',  ( 0.000000000000000000, -0.1621719582624464862, 0.9867625124381870227 ) ) ;
#2602 = VECTOR ( 'NONE', #1008, 39.37007874015748143 ) ;
#2603 = EDGE_LOOP ( 'NONE', ( #229, #2997, #588, #1508, #1667, #170 ) ) ;
#2604 = EDGE_CURVE ( 'NONE', #1751, #723, #3262, .T. ) ;
#2605 = VECTOR ( 'NONE', #1761, 39.37007874015748143 ) ;
#2606 = ORIENTED_EDGE ( 'NONE', *, *, #1640, .T. ) ;
#2607 = VECTOR ( 'NONE', #1510, 39.37007874015748143 ) ;
#2608 = CARTESIAN_POINT ( 'NONE',  ( 6.721085834718532936, 16.76141734494450475, 55.04305468336801965 ) ) ;
#2609 = FACE_OUTER_BOUND ( 'NONE', #816, .T. ) ;
#2610 = CARTESIAN_POINT ( 'NONE',  ( -11480.36464778649315, 17.39572526783469897, 53.55752486487258324 ) ) ;
#2611 = ORIENTED_EDGE ( 'NONE', *, *, #362, .F. ) ;
#2612 = CIRCLE ( 'NONE', #2918, 0.1105000000000027904 ) ;
#2613 = DIRECTION ( 'NONE',  ( -6.602578578181873178E-15, 0.9867625124381883550, 0.1621719582624384648 ) ) ;
#2614 = CARTESIAN_POINT ( 'NONE',  ( 8.097194480252221993, 17.00305833552872059, 52.85121152205957173 ) ) ;
#2615 = DIRECTION ( 'NONE',  ( -4.314294584152795833E-15, -0.9867625124381896873, -0.1621719582624304712 ) ) ;
#2616 = EDGE_LOOP ( 'NONE', ( #958, #2073, #991, #2811 ) ) ;
#2617 = VECTOR ( 'NONE', #2511, 39.37007874015748143 ) ;
#2618 = EDGE_CURVE ( 'NONE', #2497, #595, #1900, .T. ) ;
#2619 = AXIS2_PLACEMENT_3D ( 'NONE', #3097, #1804, #2741 ) ;
#2620 = CARTESIAN_POINT ( 'NONE',  ( 8.302709434067201855, 17.60761428518430094, 50.91886941632373720 ) ) ;
#2621 = ORIENTED_EDGE ( 'NONE', *, *, #1438, .F. ) ;
#2622 = ADVANCED_FACE ( 'NONE', ( #2232 ), #1814, .F. ) ;
#2623 = DIRECTION ( 'NONE',  ( 0.009695013075860358515, 0.9993438579051865389, -0.03489785650490648261 ) ) ;
#2624 = FACE_OUTER_BOUND ( 'NONE', #1563, .T. ) ;
#2625 = ORIENTED_EDGE ( 'NONE', *, *, #1117, .T. ) ;
#2626 = FACE_OUTER_BOUND ( 'NONE', #404, .T. ) ;
#2627 = CARTESIAN_POINT ( 'NONE',  ( 8.453870982899589492, 17.27823141132764562, 50.74223255554514367 ) ) ;
#2628 = CARTESIAN_POINT ( 'NONE',  ( 8.397396556023856817, 16.90300889141131435, 53.02533698644808169 ) ) ;
#2629 = ORIENTED_EDGE ( 'NONE', *, *, #2982, .F. ) ;
#2630 = DIRECTION ( 'NONE',  ( 0.009695013075860361984, 0.9993438579051866499, -0.03489785650490648261 ) ) ;
#2631 = DIRECTION ( 'NONE',  ( -0.04927818435184643658, -0.1619749342972593154, 0.9855636870372121994 ) ) ;
#2632 = VERTEX_POINT ( 'NONE', #583 ) ;
#2633 = EDGE_CURVE ( 'NONE', #389, #460, #992, .T. ) ;
#2634 = VERTEX_POINT ( 'NONE', #890 ) ;
#2635 = DIRECTION ( 'NONE',  ( 0.000000000000000000, -0.1621719582624464862, 0.9867625124381870227 ) ) ;
#2636 = ADVANCED_FACE ( 'NONE', ( #1638, #2686 ), #1377, .F. ) ;
#2637 = EDGE_CURVE ( 'NONE', #616, #1080, #1215, .T. ) ;
#2638 = EDGE_LOOP ( 'NONE', ( #771, #1911, #1286, #3102, #559 ) ) ;
#2639 = PLANE ( 'NONE',  #1109 ) ;
#2640 = CARTESIAN_POINT ( 'NONE',  ( 8.336985366883153503, 17.25254026995676782, 50.89855461935266590 ) ) ;
#2641 = EDGE_CURVE ( 'NONE', #2553, #810, #1114, .T. ) ;
#2642 = CARTESIAN_POINT ( 'NONE',  ( 8.209280729844426361, 17.23882681298244179, 50.98199645111923672 ) ) ;
#2643 = VERTEX_POINT ( 'NONE', #160 ) ;
#2644 =( BOUNDED_CURVE ( )  B_SPLINE_CURVE ( 3, ( #3119, #1823, #2449, #2916 ),
 .UNSPECIFIED., .F., .T. ) 
 B_SPLINE_CURVE_WITH_KNOTS ( ( 4, 4 ),
 ( 6.234290683425681934, 6.283185307179586232 ),
 .UNSPECIFIED. ) 
 CURVE ( )  GEOMETRIC_REPRESENTATION_ITEM ( )  RATIONAL_B_SPLINE_CURVE ( ( 1.000000000000000000, 0.9998007862363185172, 0.9998007862363185172, 1.000000000000000000 ) ) 
 REPRESENTATION_ITEM ( '' )  );
#2645 = ORIENTED_EDGE ( 'NONE', *, *, #3229, .T. ) ;
#2646 = DIRECTION ( 'NONE',  ( 0.000000000000000000, -0.1621719582624382150, 0.9867625124381884660 ) ) ;
#2647 = LENGTH_MEASURE_WITH_UNIT ( LENGTH_MEASURE( 0.02539999999999999897 ), #519 );
#2648 = DIRECTION ( 'NONE',  ( -1.000000000000000000, -1.518556440322763680E-14, -1.441592771895972671E-15 ) ) ;
#2649 = ORIENTED_EDGE ( 'NONE', *, *, #3094, .T. ) ;
#2650 = CIRCLE ( 'NONE', #821, 0.1105000000000027904 ) ;
#2651 = PRESENTATION_LAYER_ASSIGNMENT (  '', '', ( #1720 ) ) ;
#2652 = CARTESIAN_POINT ( 'NONE',  ( 6.708528947724146541, 16.79294105551517902, 50.16485980727884453 ) ) ;
#2653 = CARTESIAN_POINT ( 'NONE',  ( 8.230377853718923831, 16.83348404507929530, 49.91816917916904828 ) ) ;
#2654 = VECTOR ( 'NONE', #624, 39.37007874015748143 ) ;
#2655 = ORIENTED_EDGE ( 'NONE', *, *, #255, .F. ) ;
#2656 = VECTOR ( 'NONE', #1574, 39.37007874015748143 ) ;
#2657 = CARTESIAN_POINT ( 'NONE',  ( 8.082363476854947493, 17.47681124703305500, 53.06414360869342062 ) ) ;
#2658 = VERTEX_POINT ( 'NONE', #2770 ) ;
#2659 = EDGE_CURVE ( 'NONE', #2583, #475, #981, .T. ) ;
#2660 = EDGE_CURVE ( 'NONE', #1151, #81, #1943, .T. ) ;
#2661 = CARTESIAN_POINT ( 'NONE',  ( 7.323688502762028207, 18.05473185531429792, 50.62558574608368644 ) ) ;
#2662 = CIRCLE ( 'NONE', #38, 0.1105000000000027904 ) ;
#2663 = CARTESIAN_POINT ( 'NONE',  ( 6.318730642722195867, 17.20760910748602868, 53.09846304434931596 ) ) ;
#2664 = ORIENTED_EDGE ( 'NONE', *, *, #1844, .F. ) ;
#2665 = ORIENTED_EDGE ( 'NONE', *, *, #881, .F. ) ;
#2666 = CIRCLE ( 'NONE', #2568, 0.2500000000000023870 ) ;
#2667 = AXIS2_PLACEMENT_3D ( 'NONE', #72, #3112, #272 ) ;
#2668 = CARTESIAN_POINT ( 'NONE',  ( 8.429156214938650749, 17.78722925865356785, 50.78995970538002780 ) ) ;
#2669 = DIRECTION ( 'NONE',  ( -0.000000000000000000, 0.9867625124381883550, 0.1621719582624385203 ) ) ;
#2670 = EDGE_CURVE ( 'NONE', #1359, #2327, #3201, .T. ) ;
#2671 = ORIENTED_EDGE ( 'NONE', *, *, #2798, .F. ) ;
#2672 = FACE_OUTER_BOUND ( 'NONE', #3053, .T. ) ;
#2673 = DIRECTION ( 'NONE',  ( 0.000000000000000000, -0.1621719582624464862, 0.9867625124381870227 ) ) ;
#2674 = DIRECTION ( 'NONE',  ( -0.000000000000000000, 0.9867625124381881330, 0.1621719582624403244 ) ) ;
#2675 = ORIENTED_EDGE ( 'NONE', *, *, #2592, .F. ) ;
#2676 = CARTESIAN_POINT ( 'NONE',  ( 6.320088092452759376, 17.40706283808997412, 53.10314612993604300 ) ) ;
#2677 = CARTESIAN_POINT ( 'NONE',  ( 6.489048654907835889, 17.19421894845465459, 52.79499403485043274 ) ) ;
#2678 = EDGE_CURVE ( 'NONE', #3030, #3354, #1113, .T. ) ;
#2679 = EDGE_CURVE ( 'NONE', #2346, #86, #3279, .T. ) ;
#2680 = DIRECTION ( 'NONE',  ( -3.690931364255137294E-14, -0.5830735725600444397, -0.8124193553713909832 ) ) ;
#2681 = ORIENTED_EDGE ( 'NONE', *, *, #3285, .F. ) ;
#2682 = ORIENTED_EDGE ( 'NONE', *, *, #2798, .T. ) ;
#2683 = CARTESIAN_POINT ( 'NONE',  ( 8.450100684944018781, 17.79305645364620503, 50.75450315892767605 ) ) ;
#2684 = ORIENTED_EDGE ( 'NONE', *, *, #3276, .T. ) ;
#2685 = ADVANCED_FACE ( 'NONE', ( #1448 ), #717, .F. ) ;
#2686 = FACE_OUTER_BOUND ( 'NONE', #2380, .T. ) ;
#2687 = DIRECTION ( 'NONE',  ( 1.000000000000000000, 1.761726593373539518E-14, 6.152084827471176491E-16 ) ) ;
#2688 = CARTESIAN_POINT ( 'NONE',  ( 6.569199799674435347, 17.32101841993313940, 52.86221524049706488 ) ) ;
#2689 = DIRECTION ( 'NONE',  ( -0.000000000000000000, 0.9867625124381883550, 0.1621719582624384370 ) ) ;
#2690 = ORIENTED_EDGE ( 'NONE', *, *, #677, .T. ) ;
#2691 = DIRECTION ( 'NONE',  ( -6.602578578181873967E-15, 0.9867625124381884660, 0.1621719582624384925 ) ) ;
#2692 = DIRECTION ( 'NONE',  ( 0.000000000000000000, 0.1621719582624369937, -0.9867625124381886881 ) ) ;
#2693 = ORIENTED_EDGE ( 'NONE', *, *, #1398, .F. ) ;
#2694 = EDGE_CURVE ( 'NONE', #2658, #653, #1571, .T. ) ;
#2695 = CYLINDRICAL_SURFACE ( 'NONE', #2117, 0.1406000000000001138 ) ;
#2696 = ORIENTED_EDGE ( 'NONE', *, *, #1525, .T. ) ;
#2697 = VECTOR ( 'NONE', #2273, 39.37007874015748854 ) ;
#2698 = CARTESIAN_POINT ( 'NONE',  ( 6.527263375031116865, 17.50064809269544952, 50.93047445023760389 ) ) ;
#2699 = CARTESIAN_POINT ( 'NONE',  ( 7.992408288743111378, 16.57692579184699255, 49.87600447002108695 ) ) ;
#2700 = VECTOR ( 'NONE', #2743, 39.37007874015748143 ) ;
#2701 = CARTESIAN_POINT ( 'NONE',  ( 6.458832674653758765, 16.79493894042697733, 50.15270334102797278 ) ) ;
#2702 = CARTESIAN_POINT ( 'NONE',  ( 8.082363476853968720, 17.35189152628713671, 53.43884524115290446 ) ) ;
#2703 = DIRECTION ( 'NONE',  ( -0.000000000000000000, 0.9867625124381883550, 0.1621719582624388256 ) ) ;
#2704 = ORIENTED_EDGE ( 'NONE', *, *, #696, .F. ) ;
#2705 = VECTOR ( 'NONE', #2050, 39.37007874015748143 ) ;
#2706 = CARTESIAN_POINT ( 'NONE',  ( 8.456587460513343757, 17.31099541626580063, 50.74490643416248759 ) ) ;
#2707 = FACE_OUTER_BOUND ( 'NONE', #1148, .T. ) ;
#2708 = ORIENTED_EDGE ( 'NONE', *, *, #552, .T. ) ;
#2709 = VECTOR ( 'NONE', #446, 39.37007874015748143 ) ;
#2710 = CIRCLE ( 'NONE', #2868, 0.2500000000000023870 ) ;
#2711 = DIRECTION ( 'NONE',  ( 0.000000000000000000, 0.9867625124381874668, 0.1621719582624434608 ) ) ;
#2712 = VECTOR ( 'NONE', #2299, 39.37007874015748854 ) ;
#2713 = AXIS2_PLACEMENT_3D ( 'NONE', #420, #2513, #162 ) ;
#2714 = ADVANCED_FACE ( 'NONE', ( #464 ), #2307, .F. ) ;
#2715 = EDGE_CURVE ( 'NONE', #1252, #213, #943, .T. ) ;
#2716 = ORIENTED_EDGE ( 'NONE', *, *, #153, .T. ) ;
#2717 = DIRECTION ( 'NONE',  ( -0.000000000000000000, 0.9867625124381881330, 0.1621719582624398803 ) ) ;
#2718 = CARTESIAN_POINT ( 'NONE',  ( 8.209280729844424584, 17.24713272911626305, 50.93145770964925134 ) ) ;
#2719 = CARTESIAN_POINT ( 'NONE',  ( 6.560514570858911654, 17.39729967460065652, 53.16255173767020636 ) ) ;
#2720 = DIRECTION ( 'NONE',  ( 0.000000000000000000, -0.1621719582624442935, 0.9867625124381874668 ) ) ;
#2721 = ORIENTED_EDGE ( 'NONE', *, *, #1224, .F. ) ;
#2722 = DIRECTION ( 'NONE',  ( -1.813947067793053495E-12, -0.1621719582624386313, 0.9867625124381884660 ) ) ;
#2723 = CARTESIAN_POINT ( 'NONE',  ( 7.818022074800150989, 16.94259414559399346, 52.78751115174082287 ) ) ;
#2724 = CARTESIAN_POINT ( 'NONE',  ( 6.256281284233006446, 17.14641618288452563, 53.08585798914231191 ) ) ;
#2725 = ORIENTED_EDGE ( 'NONE', *, *, #1274, .T. ) ;
#2726 = CARTESIAN_POINT ( 'NONE',  ( 7.947781064772208914, 17.39092984393946395, 50.92643620374892066 ) ) ;
#2727 = EDGE_CURVE ( 'NONE', #243, #1922, #3320, .T. ) ;
#2728 = ORIENTED_EDGE ( 'NONE', *, *, #315, .F. ) ;
#2729 = SURFACE_SIDE_STYLE ('',( #364 ) ) ;
#2730 = DIRECTION ( 'NONE',  ( 0.000000000000000000, 0.1621719582624442935, -0.9867625124381874668 ) ) ;
#2731 = ORIENTED_EDGE ( 'NONE', *, *, #175, .F. ) ;
#2732 = EDGE_CURVE ( 'NONE', #1252, #1922, #3042, .T. ) ;
#2733 = EDGE_CURVE ( 'NONE', #2190, #2376, #683, .T. ) ;
#2734 = DIRECTION ( 'NONE',  ( -6.330302821764082923E-15, 0.9867625124381883550, 0.1621719582624384925 ) ) ;
#2735 = DIRECTION ( 'NONE',  ( -0.000000000000000000, 0.9867625124381883550, 0.1621719582624388256 ) ) ;
#2736 = CARTESIAN_POINT ( 'NONE',  ( 8.209280729844428137, 17.23882681298244179, 50.98199645111923672 ) ) ;
#2737 = DIRECTION ( 'NONE',  ( -1.000000000000000000, -2.483265911745832887E-14, 5.725777498525036180E-14 ) ) ;
#2738 = ORIENTED_EDGE ( 'NONE', *, *, #246, .F. ) ;
#2739 = DIRECTION ( 'NONE',  ( -0.000000000000000000, 0.9867625124381882440, 0.1621719582624385203 ) ) ;
#2740 = CARTESIAN_POINT ( 'NONE',  ( 6.324900937122237110, 17.17599083460779141, 52.96631322033143618 ) ) ;
#2741 = DIRECTION ( 'NONE',  ( 0.000000000000000000, -0.1621719582624464862, 0.9867625124381870227 ) ) ;
#2742 = DIRECTION ( 'NONE',  ( 0.000000000000000000, -0.1621719582624369937, 0.9867625124381886881 ) ) ;
#2743 = DIRECTION ( 'NONE',  ( 0.04927818435184641577, 0.1619749342972593154, -0.9855636870372121994 ) ) ;
#2744 = ORIENTED_EDGE ( 'NONE', *, *, #3277, .T. ) ;
#2745 =( BOUNDED_CURVE ( )  B_SPLINE_CURVE ( 3, ( #1294, #2357, #2620, #1029 ),
 .UNSPECIFIED., .F., .F. ) 
 B_SPLINE_CURVE_WITH_KNOTS ( ( 4, 4 ),
 ( 5.240824559513598047, 6.276727688235254732 ),
 .UNSPECIFIED. ) 
 CURVE ( )  GEOMETRIC_REPRESENTATION_ITEM ( )  RATIONAL_B_SPLINE_CURVE ( ( 1.000000000000000000, 0.9125567901507716240, 0.9125567901507716240, 1.000000000000000000 ) ) 
 REPRESENTATION_ITEM ( '' )  );
#2746 = CYLINDRICAL_SURFACE ( 'NONE', #563, 0.06250000000000295597 ) ;
#2747 = LINE ( 'NONE', #2229, #1459 ) ;
#2748 = EDGE_LOOP ( 'NONE', ( #3272, #395, #1784, #2520, #3215, #2484 ) ) ;
#2749 = CARTESIAN_POINT ( 'NONE',  ( 6.441069359019575558, 17.54773129982665836, 50.64398877009767830 ) ) ;
#2750 = CARTESIAN_POINT ( 'NONE',  ( 6.928113959780833220, 17.55313444497134512, 50.92077189426598949 ) ) ;
#2751 = PLANE ( 'NONE',  #962 ) ;
#2752 = CARTESIAN_POINT ( 'NONE',  ( 6.560514570858911654, 16.97943543691372525, 53.36192507807037799 ) ) ;
#2753 = ORIENTED_EDGE ( 'NONE', *, *, #2336, .F. ) ;
#2754 = CIRCLE ( 'NONE', #1385, 0.1244999999999983620 ) ;
#2755 = CARTESIAN_POINT ( 'NONE',  ( 15752.41947736534530, 17.78722925904279606, 50.78995970447858355 ) ) ;
#2756 = AXIS2_PLACEMENT_3D ( 'NONE', #2304, #2537, #3312 ) ;
#2757 = FACE_BOUND ( 'NONE', #941, .T. ) ;
#2758 = VERTEX_POINT ( 'NONE', #3060 ) ;
#2759 = EDGE_CURVE ( 'NONE', #1191, #1437, #431, .T. ) ;
#2760 = AXIS2_PLACEMENT_3D ( 'NONE', #225, #491, #1527 ) ;
#2761 = EDGE_CURVE ( 'NONE', #986, #1959, #2541, .T. ) ;
#2762 = ORIENTED_EDGE ( 'NONE', *, *, #1500, .F. ) ;
#2763 = CARTESIAN_POINT ( 'NONE',  ( 8.209280729844422808, 17.29831825146592195, 50.92967027182194073 ) ) ;
#2764 = AXIS2_PLACEMENT_3D ( 'NONE', #3280, #1692, #1985 ) ;
#2765 = PRESENTATION_LAYER_ASSIGNMENT (  '', '', ( #150 ) ) ;
#2766 = FACE_OUTER_BOUND ( 'NONE', #1222, .T. ) ;
#2767 = AXIS2_PLACEMENT_3D ( 'NONE', #1069, #2630, #2382 ) ;
#2768 = ORIENTED_EDGE ( 'NONE', *, *, #2502, .F. ) ;
#2769 = VECTOR ( 'NONE', #2209, 39.37007874015748143 ) ;
#2770 = CARTESIAN_POINT ( 'NONE',  ( 8.091048705670955243, 17.32101841993744884, 52.86221524049722120 ) ) ;
#2771 = CARTESIAN_POINT ( 'NONE',  ( -2.527632839223070355E-13, -7.545449133099014105, 45.91155230426848277 ) ) ;
#2772 = EDGE_CURVE ( 'NONE', #2551, #1485, #214, .T. ) ;
#2773 = CARTESIAN_POINT ( 'NONE',  ( 6.560514570858469341, 17.60015656108922144, 53.08441510347724801 ) ) ;
#2774 = CARTESIAN_POINT ( 'NONE',  ( 6.537770876679385168, 17.55276596268069511, 50.92078476195098347 ) ) ;
#2775 = ORIENTED_EDGE ( 'NONE', *, *, #2604, .T. ) ;
#2776 = EDGE_LOOP ( 'NONE', ( #136, #158, #2611, #2853 ) ) ;
#2777 = DIRECTION ( 'NONE',  ( 9.107460377136700577E-16, 0.03489949670251000363, -0.9993908270190954291 ) ) ;
#2778 = ORIENTED_EDGE ( 'NONE', *, *, #803, .F. ) ;
#2779 = ORIENTED_EDGE ( 'NONE', *, *, #176, .T. ) ;
#2780 = DIRECTION ( 'NONE',  ( 0.000000000000000000, 0.9793332441004248823, 0.2022532991071782082 ) ) ;
#2781 = CARTESIAN_POINT ( 'NONE',  ( 7.333773555261914545, 17.60015656108922499, 53.08441510347726222 ) ) ;
#2782 = EDGE_CURVE ( 'NONE', #1586, #1926, #376, .T. ) ;
#2783 = EDGE_CURVE ( 'NONE', #2867, #517, #453, .T. ) ;
#2784 = CARTESIAN_POINT ( 'NONE',  ( 8.230377853720026948, 17.84319147384330861, 50.44944820972264665 ) ) ;
#2785 = VERTEX_POINT ( 'NONE', #2016 ) ;
#2786 = CARTESIAN_POINT ( 'NONE',  ( 7.242364598190023983, 17.25715425843586814, 52.79744695831596601 ) ) ;
#2787 = DIRECTION ( 'NONE',  ( -1.075430028295977810E-14, 0.9867625124381883550, 0.1621719582624382705 ) ) ;
#2788 = DIRECTION ( 'NONE',  ( 0.000000000000000000, -0.1621719582626633405, 0.9867625124381514956 ) ) ;
#2789 = CARTESIAN_POINT ( 'NONE',  ( 7.242364598190033753, 17.00524622689811594, 52.78865013601350853 ) ) ;
#2790 = ORIENTED_EDGE ( 'NONE', *, *, #3087, .F. ) ;
#2791 = EDGE_CURVE ( 'NONE', #2900, #2632, #628, .T. ) ;
#2792 = CARTESIAN_POINT ( 'NONE',  ( 7.824954674447380576, 16.96009899559394185, 52.83209141854340629 ) ) ;
#2793 = VERTEX_POINT ( 'NONE', #1822 ) ;
#2794 = CYLINDRICAL_SURFACE ( 'NONE', #1674, 0.2500000000000018874 ) ;
#2795 = CARTESIAN_POINT ( 'NONE',  ( 7.908098003635802620, 17.23882681298321629, 50.98199645111938594 ) ) ;
#2796 = DIRECTION ( 'NONE',  ( -1.270679215567811385E-14, 0.9867625124381885771, 0.1621719582624382150 ) ) ;
#2797 = VERTEX_POINT ( 'NONE', #2830 ) ;
#2798 = EDGE_CURVE ( 'NONE', #2327, #915, #2597, .T. ) ;
#2799 = EDGE_CURVE ( 'NONE', #481, #2427, #416, .T. ) ;
#2800 = CARTESIAN_POINT ( 'NONE',  ( 8.230377853720026948, 17.48614172050449156, 50.27878560795844720 ) ) ;
#2801 = DIRECTION ( 'NONE',  ( 0.000000000000000000, -0.9867625124381881330, -0.1621719582624398803 ) ) ;
#2802 = DIRECTION ( 'NONE',  ( 0.000000000000000000, -0.1621719582624464862, 0.9867625124381870227 ) ) ;
#2803 = CARTESIAN_POINT ( 'NONE',  ( 6.560514570858901884, 17.01754584710539930, 53.13003588764742346 ) ) ;
#2804 = CYLINDRICAL_SURFACE ( 'NONE', #2335, 0.2500000000000020539 ) ;
#2805 = AXIS2_PLACEMENT_3D ( 'NONE', #577, #2680, #1372 ) ;
#2806 = ORIENTED_EDGE ( 'NONE', *, *, #1603, .F. ) ;
#2807 = CARTESIAN_POINT ( 'NONE',  ( 8.230377853717914860, 18.35449273144938687, 50.42149693122927090 ) ) ;
#2808 = AXIS2_PLACEMENT_3D ( 'NONE', #1958, #3265, #1937 ) ;
#2809 = CARTESIAN_POINT ( 'NONE',  ( 7.348357565573779837, 18.13581783444542239, 50.13220448986501054 ) ) ;
#2810 = ORIENTED_EDGE ( 'NONE', *, *, #2265, .T. ) ;
#2811 = ORIENTED_EDGE ( 'NONE', *, *, #3004, .T. ) ;
#2812 = VECTOR ( 'NONE', #97, 39.37007874015748143 ) ;
#2813 = LINE ( 'NONE', #478, #325 ) ;
#2814 = DIRECTION ( 'NONE',  ( 0.000000000000000000, -0.9867625124381881330, -0.1621719582624398803 ) ) ;
#2815 = VECTOR ( 'NONE', #2825, 39.37007874015748854 ) ;
#2816 = CIRCLE ( 'NONE', #1557, 0.1875000000000040801 ) ;
#2817 = CARTESIAN_POINT ( 'NONE',  ( 8.082363476853934969, 16.32434518211607255, 53.01611008696779948 ) ) ;
#2818 = CIRCLE ( 'NONE', #2227, 0.2500000000000023870 ) ;
#2819 = ORIENTED_EDGE ( 'NONE', *, *, #2439, .F. ) ;
#2820 = VECTOR ( 'NONE', #110, 39.37007874015748143 ) ;
#2821 = DIRECTION ( 'NONE',  ( 0.03486611143713718580, 0.8119253981476506343, -0.5827190593382303163 ) ) ;
#2822 = DIRECTION ( 'NONE',  ( -0.000000000000000000, 0.9867625124381881330, 0.1621719582624403244 ) ) ;
#2823 = ADVANCED_FACE ( 'NONE', ( #694, #1007 ), #258, .F. ) ;
#2824 = EDGE_CURVE ( 'NONE', #375, #460, #2123, .T. ) ;
#2825 = DIRECTION ( 'NONE',  ( -4.489714774571247853E-15, -0.9867625124381861346, -0.1621719582624525369 ) ) ;
#2826 = CARTESIAN_POINT ( 'NONE',  ( 8.230377853720053594, 18.33657273006094002, 50.53053418885361481 ) ) ;
#2827 = VECTOR ( 'NONE', #1278, 39.37007874015748143 ) ;
#2828 = DIRECTION ( 'NONE',  ( 0.000000000000000000, 0.9993908270190954291, 0.03489949670251000363 ) ) ;
#2829 = CIRCLE ( 'NONE', #1243, 0.1105000000000027904 ) ;
#2830 = CARTESIAN_POINT ( 'NONE',  ( 6.689903892204053015, 17.49364300649102688, 50.97309807356303679 ) ) ;
#2831 = LINE ( 'NONE', #3383, #3303 ) ;
#2832 = EDGE_LOOP ( 'NONE', ( #414, #738 ) ) ;
#2833 = EDGE_LOOP ( 'NONE', ( #1072, #1446, #2884, #73 ) ) ;
#2834 = CARTESIAN_POINT ( 'NONE',  ( 6.560514570858911654, 16.99962584571740010, 53.23907314527182422 ) ) ;
#2835 = EDGE_LOOP ( 'NONE', ( #1874, #1168, #2393, #2572, #1277 ) ) ;
#2836 = CARTESIAN_POINT ( 'NONE',  ( 6.320088092452759376, 17.40706283808997412, 53.10314612993604300 ) ) ;
#2837 = PLANE ( 'NONE',  #1724 ) ;
#2838 = DIRECTION ( 'NONE',  ( -1.005147185947862494E-14, 0.9867625124381884660, 0.1621719582624382983 ) ) ;
#2839 = EDGE_LOOP ( 'NONE', ( #3188, #3183, #3052, #2421 ) ) ;
#2840 = VERTEX_POINT ( 'NONE', #3308 ) ;
#2841 = ADVANCED_FACE ( 'NONE', ( #2298 ), #492, .T. ) ;
#2842 = DIRECTION ( 'NONE',  ( -0.006297178994488410522, -0.9993710116692212653, -0.03489880473524465537 ) ) ;
#2843 = B_SPLINE_CURVE_WITH_KNOTS ( 'NONE', 3,
 ( #1451, #3283, #2514, #949, #1750, #927, #2066, #3100, #2012, #1521 ),
 .UNSPECIFIED., .F., .F.,
 ( 4, 2, 2, 2, 4 ),
 ( 0.000000000000000000, 0.001269327983480150182, 0.002538655966960300363, 0.003807983950440450328, 0.005077311933920600727 ),
 .UNSPECIFIED. ) ;
#2844 = CARTESIAN_POINT ( 'NONE',  ( 6.328150156334612753, 17.17700418676913898, 52.89974014308297257 ) ) ;
#2845 = CARTESIAN_POINT ( 'NONE',  ( 8.241080689446047103, 16.57030519981653782, 55.04972846653518559 ) ) ;
#2846 = ORIENTED_EDGE ( 'NONE', *, *, #2869, .T. ) ;
#2847 = DIRECTION ( 'NONE',  ( 1.000000000000000000, 1.605092555436303258E-14, -5.695111009175551862E-14 ) ) ;
#2848 = DIRECTION ( 'NONE',  ( 0.000000000000000000, -0.1621719582624464862, 0.9867625124381870227 ) ) ;
#2849 = EDGE_LOOP ( 'NONE', ( #371, #342, #2146, #3108 ) ) ;
#2850 = LINE ( 'NONE', #3356, #2168 ) ;
#2851 = CARTESIAN_POINT ( 'NONE',  ( 6.458832674656079575, 17.86310936014151096, 50.32825448584721073 ) ) ;
#2852 = DIRECTION ( 'NONE',  ( 0.000000000000000000, -0.1621719582624369937, 0.9867625124381886881 ) ) ;
#2853 = ORIENTED_EDGE ( 'NONE', *, *, #1035, .F. ) ;
#2854 =( BOUNDED_CURVE ( )  B_SPLINE_CURVE ( 3, ( #299, #2909, #564, #525 ),
 .UNSPECIFIED., .F., .T. ) 
 B_SPLINE_CURVE_WITH_KNOTS ( ( 4, 4 ),
 ( 1.570796326796230602, 2.154025687371545761 ),
 .UNSPECIFIED. ) 
 CURVE ( )  GEOMETRIC_REPRESENTATION_ITEM ( )  RATIONAL_B_SPLINE_CURVE ( ( 1.000000000000000000, 0.9718539367529486217, 0.9718539367529486217, 1.000000000000000000 ) ) 
 REPRESENTATION_ITEM ( '' )  );
#2855 = CARTESIAN_POINT ( 'NONE',  ( 6.560514570858901884, 17.35667559905617452, 53.40973574703603788 ) ) ;
#2856 = CARTESIAN_POINT ( 'NONE',  ( 8.082363476854274253, 17.43626825746722986, 53.31083423680438926 ) ) ;
#2857 = DIRECTION ( 'NONE',  ( 0.000000000000000000, -0.1621719582624454037, 0.9867625124381872448 ) ) ;
#2858 = ORIENTED_EDGE ( 'NONE', *, *, #3057, .F. ) ;
#2859 = DIRECTION ( 'NONE',  ( -1.227801762272454616E-11, -0.1621719582624386313, 0.9867625124381884660 ) ) ;
#2860 = ADVANCED_FACE ( 'NONE', ( #1290 ), #748, .T. ) ;
#2861 = EDGE_CURVE ( 'NONE', #851, #1979, #396, .T. ) ;
#2862 = VECTOR ( 'NONE', #1560, 39.37007874015748143 ) ;
#2863 = VERTEX_POINT ( 'NONE', #2349 ) ;
#2864 = VECTOR ( 'NONE', #822, 39.37007874015747433 ) ;
#2865 = FACE_BOUND ( 'NONE', #2930, .T. ) ;
#2866 = CARTESIAN_POINT ( 'NONE',  ( 6.568783638333930419, 17.19465425843585749, 52.79744695831596601 ) ) ;
#2867 = VERTEX_POINT ( 'NONE', #3346 ) ;
#2868 = AXIS2_PLACEMENT_3D ( 'NONE', #2320, #979, #233 ) ;
#2869 = EDGE_CURVE ( 'NONE', #933, #504, #1605, .T. ) ;
#2870 = DIRECTION ( 'NONE',  ( -1.000000000000000000, -1.061029181373204844E-14, -1.743775001055739669E-15 ) ) ;
#2871 = CARTESIAN_POINT ( 'NONE',  ( 8.459820439642198764, 17.28363091391712913, 50.70937837539806026 ) ) ;
#2872 = CARTESIAN_POINT ( 'NONE',  ( 8.370265334433465654, 16.91571043723011414, 52.94805229803279900 ) ) ;
#2873 = ORIENTED_EDGE ( 'NONE', *, *, #456, .T. ) ;
#2874 = AXIS2_PLACEMENT_3D ( 'NONE', #3330, #1458, #169 ) ;
#2875 = LINE ( 'NONE', #2354, #2176 ) ;
#2876 = AXIS2_PLACEMENT_3D ( 'NONE', #2856, #954, #515 ) ;
#2877 = CARTESIAN_POINT ( 'NONE',  ( 15752.05000666422166, 17.19548160164757533, 52.78731121094725864 ) ) ;
#2878 = DIRECTION ( 'NONE',  ( 5.635624779079844817E-14, 0.03489949670250597907, 0.9993908270190955401 ) ) ;
#2879 = ORIENTED_EDGE ( 'NONE', *, *, #1346, .T. ) ;
#2880 = ORIENTED_EDGE ( 'NONE', *, *, #905, .T. ) ;
#2881 = EDGE_CURVE ( 'NONE', #141, #2278, #2051, .T. ) ;
#2882 = DIRECTION ( 'NONE',  ( -1.005147185947862494E-14, 0.9867625124381884660, 0.1621719582624382983 ) ) ;
#2883 = CARTESIAN_POINT ( 'NONE',  ( -11480.36464778659138, 17.39572526776090911, 53.55752486486044717 ) ) ;
#2884 = ORIENTED_EDGE ( 'NONE', *, *, #1205, .T. ) ;
#2885 = DIRECTION ( 'NONE',  ( -1.521858939388606170E-14, 0.9867625124381884660, 0.1621719582624380762 ) ) ;
#2886 = CARTESIAN_POINT ( 'NONE',  ( 8.458361433899735715, 17.34380579787945464, 50.71964157246251403 ) ) ;
#2887 = CARTESIAN_POINT ( 'NONE',  ( 8.230377853720053594, 17.92278413225774969, 50.35054669948945616 ) ) ;
#2888 = ORIENTED_EDGE ( 'NONE', *, *, #2939, .T. ) ;
#2889 = DIRECTION ( 'NONE',  ( 0.000000000000000000, -0.1621719582624369937, 0.9867625124381886881 ) ) ;
#2890 = LINE ( 'NONE', #543, #1296 ) ;
#2891 = CARTESIAN_POINT ( 'NONE',  ( 7.918702214752171287, 18.29869538408898677, 48.06325156359446993 ) ) ;
#2892 = FACE_OUTER_BOUND ( 'NONE', #1347, .T. ) ;
#2893 = DIRECTION ( 'NONE',  ( 0.000000000000000000, -0.1621719582624442935, 0.9867625124381874668 ) ) ;
#2894 = CARTESIAN_POINT ( 'NONE',  ( 6.634521759291485132, 17.36129528460310922, 51.77839001160678123 ) ) ;
#2895 = ADVANCED_FACE ( 'NONE', ( #1884 ), #1307, .F. ) ;
#2896 = ORIENTED_EDGE ( 'NONE', *, *, #407, .T. ) ;
#2897 = FACE_BOUND ( 'NONE', #1433, .T. ) ;
#2898 = CARTESIAN_POINT ( 'NONE',  ( 8.089045235967240899, 16.94357356987073260, 52.77851438862211353 ) ) ;
#2899 = CARTESIAN_POINT ( 'NONE',  ( 6.708528947722082414, 18.31394974188367186, 50.66818755933934426 ) ) ;
#2900 = VERTEX_POINT ( 'NONE', #290 ) ;
#2901 = CARTESIAN_POINT ( 'NONE',  ( 6.560514570858901884, 16.30642518072805558, 53.12514734459223575 ) ) ;
#2902 = CARTESIAN_POINT ( 'NONE',  ( 8.230377853720035830, 17.46595131170081672, 50.40163754075700098 ) ) ;
#2903 = CARTESIAN_POINT ( 'NONE',  ( 6.318834118842473480, 17.20805549318108163, 53.09619664031713882 ) ) ;
#2904 = LINE ( 'NONE', #100, #1512 ) ;
#2905 = ORIENTED_EDGE ( 'NONE', *, *, #635, .T. ) ;
#2906 = ADVANCED_FACE ( 'NONE', ( #40 ), #1350, .F. ) ;
#2907 = VECTOR ( 'NONE', #1229, 39.37007874015748143 ) ;
#2908 = CONICAL_SURFACE ( 'NONE', #942, 0.1399999999999983480, 0.04076687465383467546 ) ;
#2909 = CARTESIAN_POINT ( 'NONE',  ( 6.440289732486211172, 17.80215963403652069, 50.69911332919931368 ) ) ;
#2910 = VECTOR ( 'NONE', #2275, 39.37007874015748854 ) ;
#2911 = EDGE_LOOP ( 'NONE', ( #3159, #2858 ) ) ;
#2912 = CONICAL_SURFACE ( 'NONE', #2004, 0.1399999999999983480, 0.04076687465383467546 ) ;
#2913 = EDGE_CURVE ( 'NONE', #1485, #2551, #3041, .T. ) ;
#2914 = DIRECTION ( 'NONE',  ( 1.000000000000000000, 6.246505516898498517E-15, 1.026597604999617200E-15 ) ) ;
#2915 = CARTESIAN_POINT ( 'NONE',  ( 6.708528947724155422, 17.86111147523103426, 50.34041095209817485 ) ) ;
#2916 = CARTESIAN_POINT ( 'NONE',  ( 8.104318718697621549, 16.94351250406000631, 52.77888595380180448 ) ) ;
#2917 = EDGE_LOOP ( 'NONE', ( #1830, #1127, #1246, #3309 ) ) ;
#2918 = AXIS2_PLACEMENT_3D ( 'NONE', #3170, #2882, #814 ) ;
#2919 = APPLICATION_PROTOCOL_DEFINITION ( 'draft international standard', 'automotive_design', 1998, #87 ) ;
#2920 = ADVANCED_FACE ( 'NONE', ( #59 ), #751, .F. ) ;
#2921 = CARTESIAN_POINT ( 'NONE',  ( 6.212962554152296590, 15.98677611669005749, 55.07010575113877593 ) ) ;
#2922 = CIRCLE ( 'NONE', #1846, 0.1244999999999983620 ) ;
#2923 = CARTESIAN_POINT ( 'NONE',  ( 6.445791018850133725, 17.24890910078770290, 52.88971864696210190 ) ) ;
#2924 = PLANE ( 'NONE',  #2805 ) ;
#2925 = VECTOR ( 'NONE', #2270, 39.37007874015748854 ) ;
#2926 = VERTEX_POINT ( 'NONE', #1839 ) ;
#2927 = CIRCLE ( 'NONE', #220, 0.1105000000000027904 ) ;
#2928 = ORIENTED_EDGE ( 'NONE', *, *, #534, .T. ) ;
#2929 = FACE_OUTER_BOUND ( 'NONE', #3115, .T. ) ;
#2930 = EDGE_LOOP ( 'NONE', ( #138, #1879 ) ) ;
#2931 = CARTESIAN_POINT ( 'NONE',  ( 6.382211003685752004, 17.53423955006142521, 50.72608158711835813 ) ) ;
#2932 = FACE_BOUND ( 'NONE', #2911, .T. ) ;
#2933 = CARTESIAN_POINT ( 'NONE',  ( -101.5734502215064481, -11302.90663782897718, 450.3345735609266853 ) ) ;
#2934 = DIRECTION ( 'NONE',  ( -0.000000000000000000, 0.9867625124381881330, 0.1621719582624403244 ) ) ;
#2935 = EDGE_LOOP ( 'NONE', ( #324, #2098, #935, #3225 ) ) ;
#2936 = CARTESIAN_POINT ( 'NONE',  ( 8.230377853718923831, 17.90165446479632294, 50.09372032398857044 ) ) ;
#2937 = CARTESIAN_POINT ( 'NONE',  ( 8.230377853720035830, 17.48614172050449156, 50.27878560795844720 ) ) ;
#2938 = VERTEX_POINT ( 'NONE', #808 ) ;
#2939 = EDGE_CURVE ( 'NONE', #293, #3361, #279, .T. ) ;
#2940 = ADVANCED_FACE ( 'NONE', ( #2367 ), #1089, .F. ) ;
#2941 = EDGE_LOOP ( 'NONE', ( #84, #1597, #1663, #3216, #2301, #1650, #393, #2775, #1532, #56 ) ) ;
#2942 = ORIENTED_EDGE ( 'NONE', *, *, #2783, .T. ) ;
#2943 = ORIENTED_EDGE ( 'NONE', *, *, #552, .F. ) ;
#2944 = DIRECTION ( 'NONE',  ( 0.000000000000000000, -0.1621719582624442935, 0.9867625124381874668 ) ) ;
#2945 = VERTEX_POINT ( 'NONE', #2482 ) ;
#2946 = CARTESIAN_POINT ( 'NONE',  ( 6.531479424822522084, 17.56433124692809855, 50.86660151344717207 ) ) ;
#2947 = CARTESIAN_POINT ( 'NONE',  ( 6.834045115843139229, 17.19465425843586459, 52.79404963126594907 ) ) ;
#2948 = ADVANCED_FACE ( 'NONE', ( #924 ), #114, .T. ) ;
#2949 = DIRECTION ( 'NONE',  ( -0.000000000000000000, 0.9867625124381881330, 0.1621719582624398803 ) ) ;
#2950 = CARTESIAN_POINT ( 'NONE',  ( 8.082363476853968720, 17.37459560044387885, 53.30069848941155897 ) ) ;
#2951 = CARTESIAN_POINT ( 'NONE',  ( 8.086573853942004675, 16.60212839032594800, 53.08726343355793631 ) ) ;
#2952 = ORIENTED_EDGE ( 'NONE', *, *, #3028, .F. ) ;
#2953 = FACE_OUTER_BOUND ( 'NONE', #1009, .T. ) ;
#2954 = CARTESIAN_POINT ( 'NONE',  ( 6.320994154483850380, 17.15128111019961921, 53.05625652198415310 ) ) ;
#2955 = ORIENTED_EDGE ( 'NONE', *, *, #361, .F. ) ;
#2956 = DIRECTION ( 'NONE',  ( 0.000000000000000000, -0.1621719582624369937, 0.9867625124381886881 ) ) ;
#2957 = EDGE_CURVE ( 'NONE', #3185, #2793, #1654, .T. ) ;
#2958 = EDGE_CURVE ( 'NONE', #1910, #1157, #2193, .T. ) ;
#2959 = VERTEX_POINT ( 'NONE', #128 ) ;
#2960 = CARTESIAN_POINT ( 'NONE',  ( 8.082363476853968720, 17.39729967460062099, 53.16255173767022058 ) ) ;
#2961 = VERTEX_POINT ( 'NONE', #872 ) ;
#2962 = AXIS2_PLACEMENT_3D ( 'NONE', #2236, #2703, #2720 ) ;
#2963 = CARTESIAN_POINT ( 'NONE',  ( 6.479106407653845601, 17.52019294564680862, 50.81155051041584159 ) ) ;
#2964 = CARTESIAN_POINT ( 'NONE',  ( 6.926625243108053276, 17.49868778642186484, 50.94240226293987206 ) ) ;
#2965 = DIRECTION ( 'NONE',  ( 0.000000000000000000, -0.1621719582624394085, 0.9867625124381883550 ) ) ;
#2966 = CYLINDRICAL_SURFACE ( 'NONE', #1602, 0.2500000000000020539 ) ;
#2967 = CARTESIAN_POINT ( 'NONE',  ( 6.690432421757724235, 17.60761428518245708, 50.91886941632389352 ) ) ;
#2968 = ORIENTED_EDGE ( 'NONE', *, *, #2641, .T. ) ;
#2969 = DIRECTION ( 'NONE',  ( 6.328444105024763124E-15, -0.9867625124381883550, -0.1621719582624384925 ) ) ;
#2970 = EDGE_CURVE ( 'NONE', #730, #636, #1457, .T. ) ;
#2971 = VECTOR ( 'NONE', #1273, 39.37007874015748854 ) ;
#2972 = LINE ( 'NONE', #79, #2654 ) ;
#2973 = CARTESIAN_POINT ( 'NONE',  ( 6.257898831499768555, 17.15293131130844984, 53.04621559620748172 ) ) ;
#2974 = AXIS2_PLACEMENT_3D ( 'NONE', #2308, #1537, #2341 ) ;
#2975 = CARTESIAN_POINT ( 'NONE',  ( 7.090654880258462356, 17.55538352894124898, 53.07705676729275979 ) ) ;
#2976 = CIRCLE ( 'NONE', #3036, 0.1406000000000001138 ) ;
#2977 = CARTESIAN_POINT ( 'NONE',  ( 6.925090452578318789, 17.49364300649164505, 50.97309807356311495 ) ) ;
#2978 = ORIENTED_EDGE ( 'NONE', *, *, #2120, .T. ) ;
#2979 =( BOUNDED_CURVE ( )  B_SPLINE_CURVE ( 3, ( #2763, #232, #411, #2222 ),
 .UNSPECIFIED., .F., .F. ) 
 B_SPLINE_CURVE_WITH_KNOTS ( ( 4, 4 ),
 ( 0.04833616250350380311, 1.570796326794911435 ),
 .UNSPECIFIED. ) 
 CURVE ( )  GEOMETRIC_REPRESENTATION_ITEM ( )  RATIONAL_B_SPLINE_CURVE ( ( 1.000000000000000000, 0.8159920217398797249, 0.8159920217398797249, 1.000000000000000000 ) ) 
 REPRESENTATION_ITEM ( '' )  );
#2980 = VECTOR ( 'NONE', #1772, 39.37007874015748854 ) ;
#2981 = CARTESIAN_POINT ( 'NONE',  ( 15752.05000666422166, 17.49364300688202434, 50.97309807266149306 ) ) ;
#2982 = EDGE_CURVE ( 'NONE', #2327, #2519, #2164, .T. ) ;
#2983 = EDGE_CURVE ( 'NONE', #2785, #653, #2522, .T. ) ;
#2984 = AXIS2_PLACEMENT_3D ( 'NONE', #1729, #1249, #1482 ) ;
#2985 = FACE_OUTER_BOUND ( 'NONE', #1399, .T. ) ;
#2986 = DIRECTION ( 'NONE',  ( 0.000000000000000000, -0.1621719582624395750, 0.9867625124381881330 ) ) ;
#2987 = EDGE_LOOP ( 'NONE', ( #582, #2645 ) ) ;
#2988 = AXIS2_PLACEMENT_3D ( 'NONE', #398, #2491, #1428 ) ;
#2989 = ADVANCED_FACE ( 'NONE', ( #860, #1708 ), #2751, .F. ) ;
#2990 = CARTESIAN_POINT ( 'NONE',  ( 8.389643590307118259, 17.24548635299529309, 50.94147536162154211 ) ) ;
#2991 = CYLINDRICAL_SURFACE ( 'NONE', #2064, 0.1105000000000027904 ) ;
#2992 = FACE_OUTER_BOUND ( 'NONE', #1287, .T. ) ;
#2993 = DIRECTION ( 'NONE',  ( 4.991119498920738980E-18, 0.9925520697018206384, 0.1218211349915610253 ) ) ;
#2994 = ORIENTED_EDGE ( 'NONE', *, *, #1462, .F. ) ;
#2995 = LINE ( 'NONE', #2499, #2600 ) ;
#2996 = CARTESIAN_POINT ( 'NONE',  ( 7.835189307583540597, 16.99431501304474779, 52.85034037960645037 ) ) ;
#2997 = ORIENTED_EDGE ( 'NONE', *, *, #2251, .T. ) ;
#2998 = LINE ( 'NONE', #645, #1400 ) ;
#2999 = DIRECTION ( 'NONE',  ( 0.000000000000000000, -0.9867625124381881330, -0.1621719582624398803 ) ) ;
#3000 = PRODUCT_DEFINITION_CONTEXT ( 'detailed design', #2387, 'design' ) ;
#3001 = ORIENTED_EDGE ( 'NONE', *, *, #1503, .T. ) ;
#3002 = CARTESIAN_POINT ( 'NONE',  ( 6.654583561468928821, 17.50193777792462768, 50.92262714388829892 ) ) ;
#3003 = FACE_OUTER_BOUND ( 'NONE', #2839, .T. ) ;
#3004 = EDGE_CURVE ( 'NONE', #2863, #1076, #3005, .T. ) ;
#3005 = LINE ( 'NONE', #1919, #2015 ) ;
#3006 = EDGE_CURVE ( 'NONE', #723, #2278, #790, .T. ) ;
#3007 = LINE ( 'NONE', #689, #2058 ) ;
#3008 = CARTESIAN_POINT ( 'NONE',  ( 15752.41947736534530, 17.90165446502673774, 50.09372032405345720 ) ) ;
#3009 = ORIENTED_EDGE ( 'NONE', *, *, #1335, .F. ) ;
#3010 = PLANE ( 'NONE',  #3310 ) ;
#3011 = DIRECTION ( 'NONE',  ( 0.000000000000000000, -0.9867625124381881330, -0.1621719582624407963 ) ) ;
#3012 = ORIENTED_EDGE ( 'NONE', *, *, #1570, .T. ) ;
#3013 = ORIENTED_EDGE ( 'NONE', *, *, #2364, .F. ) ;
#3014 = CARTESIAN_POINT ( 'NONE',  ( 6.568783638333929531, 17.25497303989195075, 52.85990888500464990 ) ) ;
#3015 = CARTESIAN_POINT ( 'NONE',  ( 7.816671989362939499, 17.96332712182191571, 50.10385607137967412 ) ) ;
#3016 = EDGE_CURVE ( 'NONE', #1426, #2317, #902, .T. ) ;
#3017 = ORIENTED_EDGE ( 'NONE', *, *, #1035, .T. ) ;
#3018 = CLOSED_SHELL ( 'NONE', ( #2685, #581, #1786, #952, #2283, #2028, #1143, #1636, #301, #2860, #2424, #490, #2137, #802 ) ) ;
#3019 = CARTESIAN_POINT ( 'NONE',  ( 8.251520615077549081, 17.35965449900989555, 52.90364736277255275 ) ) ;
#3020 = CARTESIAN_POINT ( 'NONE',  ( 8.082363476854276030, 17.60015656108921434, 53.08441510347724801 ) ) ;
#3021 = DIRECTION ( 'NONE',  ( 2.622574073917667762E-14, 0.1621719582624386313, -0.9867625124381884660 ) ) ;
#3022 = DIRECTION ( 'NONE',  ( 0.000000000000000000, -0.1621719582624369937, 0.9867625124381886881 ) ) ;
#3023 = DIRECTION ( 'NONE',  ( 0.9987850922731003056, -0.007991539655956024502, 0.04862586499942025270 ) ) ;
#3024 = ORIENTED_EDGE ( 'NONE', *, *, #344, .T. ) ;
#3025 = VERTEX_POINT ( 'NONE', #2688 ) ;
#3026 = CARTESIAN_POINT ( 'NONE',  ( 7.333773555261914545, 17.60015656108921789, 53.08441510347724801 ) ) ;
#3027 = EDGE_CURVE ( 'NONE', #2300, #863, #2253, .T. ) ;
#3028 = EDGE_CURVE ( 'NONE', #3137, #2230, #1379, .T. ) ;
#3029 = CARTESIAN_POINT ( 'NONE',  ( 6.321792371329942206, 17.18840042290474557, 53.03220327470285156 ) ) ;
#3030 = VERTEX_POINT ( 'NONE', #2581 ) ;
#3031 = VECTOR ( 'NONE', #1289, 39.37007874015748143 ) ;
#3032 = EDGE_LOOP ( 'NONE', ( #2873, #455 ) ) ;
#3033 = DIRECTION ( 'NONE',  ( 0.04927818435184642964, 0.1619749342972593154, -0.9855636870372121994 ) ) ;
#3034 = DIRECTION ( 'NONE',  ( -0.000000000000000000, 0.9867625124381881330, 0.1621719582624398803 ) ) ;
#3035 = CIRCLE ( 'NONE', #1342, 0.06250000000000295597 ) ;
#3036 = AXIS2_PLACEMENT_3D ( 'NONE', #855, #1914, #2944 ) ;
#3037 = PLANE ( 'NONE',  #268 ) ;
#3038 = AXIS2_PLACEMENT_3D ( 'NONE', #1225, #1192, #2026 ) ;
#3039 = EDGE_CURVE ( 'NONE', #578, #2863, #2666, .T. ) ;
#3040 = ORIENTED_EDGE ( 'NONE', *, *, #3192, .F. ) ;
#3041 = CIRCLE ( 'NONE', #527, 0.1399999999999983480 ) ;
#3042 = LINE ( 'NONE', #1746, #1848 ) ;
#3043 = LINE ( 'NONE', #3020, #1232 ) ;
#3044 = CARTESIAN_POINT ( 'NONE',  ( 6.560514570858901884, 17.39251560183217649, 53.19166123178719374 ) ) ;
#3045 = CARTESIAN_POINT ( 'NONE',  ( 8.299377043048792757, 17.42783394146554699, 52.97676086352891645 ) ) ;
#3046 = FACE_OUTER_BOUND ( 'NONE', #2590, .T. ) ;
#3047 = AXIS2_PLACEMENT_3D ( 'NONE', #307, #3134, #2646 ) ;
#3048 = ORIENTED_EDGE ( 'NONE', *, *, #2618, .F. ) ;
#3049 = CARTESIAN_POINT ( 'NONE',  ( 7.829440619813483160, 16.97387101466793879, 52.84287999296703475 ) ) ;
#3050 = CARTESIAN_POINT ( 'NONE',  ( 6.708528947792835595, 15557.70576344260007, 2604.275128310664968 ) ) ;
#3051 = CARTESIAN_POINT ( 'NONE',  ( 7.584631369685245872, 17.92146480464015212, 47.98455111629603920 ) ) ;
#3052 = ORIENTED_EDGE ( 'NONE', *, *, #3332, .F. ) ;
#3053 = EDGE_LOOP ( 'NONE', ( #494, #969 ) ) ;
#3054 = CARTESIAN_POINT ( 'NONE',  ( 6.560514570768562592, -15521.91500245387215, -2500.542797142268228 ) ) ;
#3055 = CARTESIAN_POINT ( 'NONE',  ( 7.992408288745123102, 17.90165446479684519, 50.09372032398868413 ) ) ;
#3056 = EDGE_CURVE ( 'NONE', #612, #3064, #828, .T. ) ;
#3057 = EDGE_CURVE ( 'NONE', #2926, #2086, #1062, .T. ) ;
#3058 = ORIENTED_EDGE ( 'NONE', *, *, #193, .F. ) ;
#3059 = ORIENTED_EDGE ( 'NONE', *, *, #2038, .T. ) ;
#3060 = CARTESIAN_POINT ( 'NONE',  ( 8.082363476853934969, 16.28850517934007414, 53.23418460221664361 ) ) ;
#3061 = DIRECTION ( 'NONE',  ( -1.521833160615617055E-14, 0.9867625124381884660, 0.1621719582624380485 ) ) ;
#3062 = DIRECTION ( 'NONE',  ( 4.314257284754318455E-15, 0.9867625124381896873, 0.1621719582624304989 ) ) ;
#3063 = CARTESIAN_POINT ( 'NONE',  ( 6.708528947721947411, -7.585992122664661608, 46.15824293237803744 ) ) ;
#3064 = VERTEX_POINT ( 'NONE', #2045 ) ;
#3065 = ORIENTED_EDGE ( 'NONE', *, *, #2472, .T. ) ;
#3066 = DIRECTION ( 'NONE',  ( 1.000000000000000000, 1.518582415842600196E-14, 1.441601842747379542E-15 ) ) ;
#3067 = CARTESIAN_POINT ( 'NONE',  ( 7.816671989362939499, 17.96332712182191571, 50.10385607137967412 ) ) ;
#3068 = CARTESIAN_POINT ( 'NONE',  ( 7.309104492450982704, 17.51907058195806144, 53.57779635969601628 ) ) ;
#3069 = ORIENTED_EDGE ( 'NONE', *, *, #33, .F. ) ;
#3070 = ORIENTED_EDGE ( 'NONE', *, *, #51, .T. ) ;
#3071 = FACE_OUTER_BOUND ( 'NONE', #1568, .T. ) ;
#3072 = CARTESIAN_POINT ( 'NONE',  ( 6.708528947724146541, 17.48614172050451998, 50.27878560795845431 ) ) ;
#3073 = EDGE_CURVE ( 'NONE', #3360, #2185, #2290, .T. ) ;
#3074 = EDGE_CURVE ( 'NONE', #548, #3064, #2560, .T. ) ;
#3075 = DIRECTION ( 'NONE',  ( 0.000000000000000000, -0.9867625124381884660, -0.1621719582624384648 ) ) ;
#3076 = VERTEX_POINT ( 'NONE', #3357 ) ;
#3077 =( BOUNDED_CURVE ( )  B_SPLINE_CURVE ( 3, ( #3208, #2699, #1095, #94 ),
 .UNSPECIFIED., .F., .T. ) 
 B_SPLINE_CURVE_WITH_KNOTS ( ( 4, 4 ),
 ( 3.141592653591229745, 6.283185307175378043 ),
 .UNSPECIFIED. ) 
 CURVE ( )  GEOMETRIC_REPRESENTATION_ITEM ( )  RATIONAL_B_SPLINE_CURVE ( ( 1.000000000000000000, 0.3333333333338122650, 0.3333333333338122650, 1.000000000000000000 ) ) 
 REPRESENTATION_ITEM ( '' )  );
#3078 = CARTESIAN_POINT ( 'NONE',  ( 7.550065887759573435, 17.47614467760730861, 53.57074159435888561 ) ) ;
#3079 = PLANE ( 'NONE',  #1509 ) ;
#3080 = CARTESIAN_POINT ( 'NONE',  ( 8.345794245664194477, 16.98078270505275356, 52.96635181803509340 ) ) ;
#3081 = CARTESIAN_POINT ( 'NONE',  ( -103.5957172228441294, -11302.88704294649688, 450.3338892925523851 ) ) ;
#3082 = ORIENTED_EDGE ( 'NONE', *, *, #1102, .F. ) ;
#3083 = CARTESIAN_POINT ( 'NONE',  ( 8.230377853720035830, 17.88381554938774443, 50.20226420035682935 ) ) ;
#3084 = CARTESIAN_POINT ( 'NONE',  ( 7.146903874891981978, 17.96332712182395497, 50.10385607138000807 ) ) ;
#3085 = CARTESIAN_POINT ( 'NONE',  ( 8.082363476853968720, 16.99962584571736457, 53.23907314527183843 ) ) ;
#3086 = VERTEX_POINT ( 'NONE', #1806 ) ;
#3087 = EDGE_CURVE ( 'NONE', #2131, #1769, #2829, .T. ) ;
#3088 = ORIENTED_EDGE ( 'NONE', *, *, #2406, .F. ) ;
#3089 = DIRECTION ( 'NONE',  ( 0.000000000000000000, 0.9808120361962940903, 0.1949557633220405650 ) ) ;
#3090 = AXIS2_PLACEMENT_3D ( 'NONE', #2470, #1908, #120 ) ;
#3091 = ORIENTED_EDGE ( 'NONE', *, *, #2271, .T. ) ;
#3092 = CARTESIAN_POINT ( 'NONE',  ( 6.409232411401364793, 17.35965449900559676, 52.90364736277241775 ) ) ;
#3093 = ORIENTED_EDGE ( 'NONE', *, *, #2364, .T. ) ;
#3094 = EDGE_CURVE ( 'NONE', #3194, #2427, #155, .T. ) ;
#3095 = ORIENTED_EDGE ( 'NONE', *, *, #344, .F. ) ;
#3096 = VECTOR ( 'NONE', #1266, 39.37007874015748143 ) ;
#3097 = CARTESIAN_POINT ( 'NONE',  ( 6.708528947724155422, 17.86111147523103426, 50.34041095209817485 ) ) ;
#3098 = DIRECTION ( 'NONE',  ( 4.079890020853871236E-18, 0.9916174987123095308, 0.1292081121584199854 ) ) ;
#3099 = CARTESIAN_POINT ( 'NONE',  ( 8.082363476853968720, 16.99962584571736457, 53.23907314527183843 ) ) ;
#3100 = CARTESIAN_POINT ( 'NONE',  ( 8.339967801600717934, 16.94235118884086688, 53.07971203251683079 ) ) ;
#3101 = EDGE_CURVE ( 'NONE', #174, #147, #1348, .T. ) ;
#3102 = ORIENTED_EDGE ( 'NONE', *, *, #3074, .F. ) ;
#3103 =( BOUNDED_CURVE ( )  B_SPLINE_CURVE ( 3, ( #983, #422, #2774, #743 ),
 .UNSPECIFIED., .F., .T. ) 
 B_SPLINE_CURVE_WITH_KNOTS ( ( 4, 4 ),
 ( 1.570796326794967612, 3.189928816093357877 ),
 .UNSPECIFIED. ) 
 CURVE ( )  GEOMETRIC_REPRESENTATION_ITEM ( )  RATIONAL_B_SPLINE_CURVE ( ( 1.000000000000000000, 0.7932083543446030172, 0.7932083543446030172, 1.000000000000000000 ) ) 
 REPRESENTATION_ITEM ( '' )  );
#3104 = CARTESIAN_POINT ( 'NONE',  ( 6.971167575559246821, -10941.10937667092367, -1750.992414522649824 ) ) ;
#3105 = AXIS2_PLACEMENT_3D ( 'NONE', #3099, #500, #702 ) ;
#3106 = DIRECTION ( 'NONE',  ( 0.000000000000000000, 0.03489949670251060732, -0.9993908270190954291 ) ) ;
#3107 = DIRECTION ( 'NONE',  ( 0.000000000000000000, 0.1621719582626633405, -0.9867625124381514956 ) ) ;
#3108 = ORIENTED_EDGE ( 'NONE', *, *, #572, .F. ) ;
#3109 = CARTESIAN_POINT ( 'NONE',  ( 8.341542552514308539, 17.43687172152324649, 53.12863954693986557 ) ) ;
#3110 = ORIENTED_EDGE ( 'NONE', *, *, #3016, .F. ) ;
#3111 = CARTESIAN_POINT ( 'NONE',  ( 8.089045235967240899, 17.00524622689811594, 52.78865013601350142 ) ) ;
#3112 = DIRECTION ( 'NONE',  ( -0.000000000000000000, 0.9867625124381881330, 0.1621719582624398803 ) ) ;
#3113 = FACE_OUTER_BOUND ( 'NONE', #2188, .T. ) ;
#3114 = ORIENTED_EDGE ( 'NONE', *, *, #1300, .F. ) ;
#3115 = EDGE_LOOP ( 'NONE', ( #3059, #1912, #2152, #2202, #2493, #3012, #1555, #2515, #1213, #594, #691, #1738, #2879 ) ) ;
#3116 = EDGE_CURVE ( 'NONE', #627, #2365, #45, .T. ) ;
#3117 = DIRECTION ( 'NONE',  ( 9.107460377136700577E-16, 0.03489949670251000363, -0.9993908270190954291 ) ) ;
#3118 = CARTESIAN_POINT ( 'NONE',  ( 7.917477925329592381, 17.26502187632001295, 50.94018726963125943 ) ) ;
#3119 = CARTESIAN_POINT ( 'NONE',  ( 8.089045235967240899, 16.94357356987073260, 52.77851438862209932 ) ) ;
#3120 = ORIENTED_EDGE ( 'NONE', *, *, #1832, .F. ) ;
#3121 = CARTESIAN_POINT ( 'NONE',  ( 6.569977522100342249, 17.44444404405105331, 52.86652535826626575 ) ) ;
#3122 = VERTEX_POINT ( 'NONE', #217 ) ;
#3123 = EDGE_CURVE ( 'NONE', #2553, #2634, #2593, .T. ) ;
#3124 = CARTESIAN_POINT ( 'NONE',  ( -101.7045406592970522, -11301.68735584271963, 442.9449901650730794 ) ) ;
#3125 = DIRECTION ( 'NONE',  ( 0.04927818435184643658, 0.1619749342972593154, -0.9855636870372121994 ) ) ;
#3126 = CYLINDRICAL_SURFACE ( 'NONE', #721, 0.1105000000000027904 ) ;
#3127 = VERTEX_POINT ( 'NONE', #1502 ) ;
#3128 = CARTESIAN_POINT ( 'NONE',  ( 7.704711402865086711, 16.57030519981738337, 55.04972846653487295 ) ) ;
#3129 = CARTESIAN_POINT ( 'NONE',  ( 8.454863521990361619, 17.25782854420319268, 50.86637722668020700 ) ) ;
#3130 = CARTESIAN_POINT ( 'NONE',  ( 8.230377853670582056, -10941.16419414738084, -1750.748069870865493 ) ) ;
#3131 = ORIENTED_EDGE ( 'NONE', *, *, #3133, .F. ) ;
#3132 = EDGE_CURVE ( 'NONE', #2863, #579, #2075, .T. ) ;
#3133 = EDGE_CURVE ( 'NONE', #165, #1983, #668, .T. ) ;
#3134 = DIRECTION ( 'NONE',  ( -1.270581095794116484E-14, 0.9867625124381884660, 0.1621719582624382150 ) ) ;
#3135 = DIRECTION ( 'NONE',  ( 0.000000000000000000, -0.9867625124381881330, -0.1621719582624398803 ) ) ;
#3136 = EDGE_CURVE ( 'NONE', #2376, #2190, #571, .T. ) ;
#3137 = VERTEX_POINT ( 'NONE', #2010 ) ;
#3138 = VECTOR ( 'NONE', #1476, 39.37007874015748143 ) ;
#3139 = CIRCLE ( 'NONE', #1666, 0.1406000000000001138 ) ;
#3140 = DIMENSIONAL_EXPONENTS ( 1.000000000000000000, 0.000000000000000000, 0.000000000000000000, 0.000000000000000000, 0.000000000000000000, 0.000000000000000000, 0.000000000000000000 ) ;
#3141 = CARTESIAN_POINT ( 'NONE',  ( 6.634521759291474474, 17.36129528460307725, 51.77839001160698729 ) ) ;
#3142 =( CONVERSION_BASED_UNIT ( 'INCH', #55 ) LENGTH_UNIT ( ) NAMED_UNIT ( #1766 ) );
#3143 = ORIENTED_EDGE ( 'NONE', *, *, #978, .T. ) ;
#3144 = DIRECTION ( 'NONE',  ( -1.159614836350595329E-11, 0.1621719582624386313, -0.9867625124381884660 ) ) ;
#3145 = CARTESIAN_POINT ( 'NONE',  ( 8.089045235967240899, 16.93204988898064300, 52.84863216008812259 ) ) ;
#3146 = CARTESIAN_POINT ( 'NONE',  ( 8.400752134904358570, 16.88949868254448816, 53.10754212097213411 ) ) ;
#3147 = ORIENTED_EDGE ( 'NONE', *, *, #57, .T. ) ;
#3148 = DIRECTION ( 'NONE',  ( 0.000000000000000000, 0.000000000000000000, 1.000000000000000000 ) ) ;
#3149 = AXIS2_PLACEMENT_3D ( 'NONE', #1283, #2343, #3021 ) ;
#3150 = LINE ( 'NONE', #2891, #316 ) ;
#3151 = EDGE_CURVE ( 'NONE', #2489, #658, #466, .T. ) ;
#3152 = CARTESIAN_POINT ( 'NONE',  ( 7.938276449489480413, 17.34097048153973120, 50.92818082312724215 ) ) ;
#3153 = EDGE_LOOP ( 'NONE', ( #604, #108, #3017, #1507, #2132 ) ) ;
#3154 = VECTOR ( 'NONE', #3125, 39.37007874015748143 ) ;
#3155 = ORIENTED_EDGE ( 'NONE', *, *, #2329, .T. ) ;
#3156 = EDGE_CURVE ( 'NONE', #3127, #348, #1585, .T. ) ;
#3157 = FACE_OUTER_BOUND ( 'NONE', #331, .T. ) ;
#3158 = MANIFOLD_SOLID_BREP ( 'Fillet4', #1549 ) ;
#3159 = ORIENTED_EDGE ( 'NONE', *, *, #678, .F. ) ;
#3160 = CARTESIAN_POINT ( 'NONE',  ( 6.433054874629273279, 17.52415782207231132, 50.80202986687974942 ) ) ;
#3161 = CARTESIAN_POINT ( 'NONE',  ( 6.560514570856321726, 17.37459560043984297, 53.30069848941197819 ) ) ;
#3162 = CARTESIAN_POINT ( 'NONE',  ( 8.104318718697621549, 16.94351250406000631, 52.77888595380180448 ) ) ;
#3163 = CARTESIAN_POINT ( 'NONE',  ( 6.831321383506906209, 17.25497303988814224, 52.85990888500504781 ) ) ;
#3164 = ORIENTED_EDGE ( 'NONE', *, *, #2913, .T. ) ;
#3165 = CARTESIAN_POINT ( 'NONE',  ( 7.668657612496226683, 17.47681124703305144, 53.06414360869342062 ) ) ;
#3166 = CARTESIAN_POINT ( 'NONE',  ( -11480.23794849839032, 17.47681124688743992, 53.06414360866988034 ) ) ;
#3167 = CARTESIAN_POINT ( 'NONE',  ( 6.634521759291485132, 17.06526653087165357, 51.72973842412805112 ) ) ;
#3168 = ORIENTED_EDGE ( 'NONE', *, *, #2353, .T. ) ;
#3169 = ADVANCED_FACE ( 'NONE', ( #1600 ), #2426, .F. ) ;
#3170 = CARTESIAN_POINT ( 'NONE',  ( 6.560514570858901884, 16.30642518072805558, 53.12514734459223575 ) ) ;
#3171 = CARTESIAN_POINT ( 'NONE',  ( 6.708528947724146541, 17.86111147523129716, 50.34041095209822458 ) ) ;
#3172 = VERTEX_POINT ( 'NONE', #1032 ) ;
#3173 = DIRECTION ( 'NONE',  ( 0.000000000000000000, 0.1621719582624442935, -0.9867625124381874668 ) ) ;
#3174 = CARTESIAN_POINT ( 'NONE',  ( 8.094138527836905794, 16.94357356987072549, 52.77851438862215616 ) ) ;
#3175 = CARTESIAN_POINT ( 'NONE',  ( 6.831097159980235922, 17.21938845534900153, 52.85866624392819091 ) ) ;
#3176 = ORIENTED_EDGE ( 'NONE', *, *, #791, .T. ) ;
#3177 =( BOUNDED_CURVE ( )  B_SPLINE_CURVE ( 3, ( #1336, #2133, #1613, #3165 ),
 .UNSPECIFIED., .F., .T. ) 
 B_SPLINE_CURVE_WITH_KNOTS ( ( 4, 4 ),
 ( 0.4999999999999975575, 1.000000000000000000 ),
 .UNSPECIFIED. ) 
 CURVE ( )  GEOMETRIC_REPRESENTATION_ITEM ( )  RATIONAL_B_SPLINE_CURVE ( ( 0.8774509803922246887, 0.8774509803922243556, 0.9183006535948161631, 1.000000000000000000 ) ) 
 REPRESENTATION_ITEM ( '' )  );
#3178 = CARTESIAN_POINT ( 'NONE',  ( 6.560514570752180141, -15521.91500245392672, -2500.542797141940810 ) ) ;
#3179 = DIRECTION ( 'NONE',  ( 0.000000000000000000, -0.1621719582624369937, 0.9867625124381886881 ) ) ;
#3180 = ADVANCED_FACE ( 'NONE', ( #2609 ), #963, .F. ) ;
#3181 = DIRECTION ( 'NONE',  ( -0.04862741781208584912, 0.000000000000000000, 0.9988169873590100334 ) ) ;
#3182 = AXIS2_PLACEMENT_3D ( 'NONE', #2455, #1129, #1185 ) ;
#3183 = ORIENTED_EDGE ( 'NONE', *, *, #3151, .T. ) ;
#3184 = CONICAL_SURFACE ( 'NONE', #1717, 0.1875000000000040801, 0.03332099587824763343 ) ;
#3185 = VERTEX_POINT ( 'NONE', #2851 ) ;
#3186 =( GEOMETRIC_REPRESENTATION_CONTEXT ( 3 ) GLOBAL_UNCERTAINTY_ASSIGNED_CONTEXT ( ( #2474 ) ) GLOBAL_UNIT_ASSIGNED_CONTEXT ( ( #3351, #1798, #1262 ) ) REPRESENTATION_CONTEXT ( 'NONE', 'WORKASPACE' ) );
#3187 = CARTESIAN_POINT ( 'NONE',  ( 8.230377853720035830, 17.86111147523100229, 50.34041095209817485 ) ) ;
#3188 = ORIENTED_EDGE ( 'NONE', *, *, #1927, .F. ) ;
#3189 = CARTESIAN_POINT ( 'NONE',  ( 6.439314097609647014, 17.58951273944519045, 50.68420507984080814 ) ) ;
#3190 = CARTESIAN_POINT ( 'NONE',  ( 7.242364598190023983, 17.25497303989196141, 52.85990888500466411 ) ) ;
#3191 = EDGE_CURVE ( 'NONE', #2274, #2372, #2927, .T. ) ;
#3192 = EDGE_CURVE ( 'NONE', #1827, #3086, #2854, .T. ) ;
#3193 = CARTESIAN_POINT ( 'NONE',  ( 8.480074126786213640, 17.92078624734585190, 50.36270316573995132 ) ) ;
#3194 = VERTEX_POINT ( 'NONE', #2866 ) ;
#3195 = MECHANICAL_DESIGN_GEOMETRIC_PRESENTATION_REPRESENTATION (  '', ( #150 ), #2287 ) ;
#3196 = CYLINDRICAL_SURFACE ( 'NONE', #1947, 0.1105000000000027904 ) ;
#3197 = VECTOR ( 'NONE', #838, 39.37007874015748143 ) ;
#3198 = CARTESIAN_POINT ( 'NONE',  ( 6.372459203591680499, 17.23669370641544418, 52.95117181390746453 ) ) ;
#3199 = ORIENTED_EDGE ( 'NONE', *, *, #803, .T. ) ;
#3200 = CYLINDRICAL_SURFACE ( 'NONE', #3182, 0.06250000000000076328 ) ;
#3201 =( BOUNDED_CURVE ( )  B_SPLINE_CURVE ( 3, ( #235, #3078, #1247, #1758 ),
 .UNSPECIFIED., .F., .F. ) 
 B_SPLINE_CURVE_WITH_KNOTS ( ( 4, 4 ),
 ( 0.8555046196212043874, 1.570796326794677178 ),
 .UNSPECIFIED. ) 
 CURVE ( )  GEOMETRIC_REPRESENTATION_ITEM ( )  RATIONAL_B_SPLINE_CURVE ( ( 1.000000000000000000, 0.9578156897755235599, 0.9578156897755235599, 1.000000000000000000 ) ) 
 REPRESENTATION_ITEM ( '' )  );
#3202 = VECTOR ( 'NONE', #2548, 39.37007874015748143 ) ;
#3203 = VERTEX_POINT ( 'NONE', #2653 ) ;
#3204 = DIRECTION ( 'NONE',  ( 0.000000000000000000, -0.1621719582624369937, 0.9867625124381886881 ) ) ;
#3205 = ORIENTED_EDGE ( 'NONE', *, *, #837, .F. ) ;
#3206 = ORIENTED_EDGE ( 'NONE', *, *, #3191, .T. ) ;
#3207 = CARTESIAN_POINT ( 'NONE',  ( 6.655960005243726663, 17.55305222927985298, 50.92077476530106850 ) ) ;
#3208 = CARTESIAN_POINT ( 'NONE',  ( 7.992408288744587530, 17.58342355453258676, 50.04141986744802040 ) ) ;
#3209 = DIRECTION ( 'NONE',  ( -0.04862741781210540293, 0.000000000000000000, 0.9988169873590091452 ) ) ;
#3210 = EDGE_LOOP ( 'NONE', ( #339, #1218, #501, #1939 ) ) ;
#3211 = ADVANCED_FACE ( 'NONE', ( #2624 ), #1314, .F. ) ;
#3212 = EDGE_CURVE ( 'NONE', #2365, #627, #1683, .T. ) ;
#3213 = CARTESIAN_POINT ( 'NONE',  ( 8.458086850007212831, 17.33063785719960137, 50.71733685718100304 ) ) ;
#3214 = CARTESIAN_POINT ( 'NONE',  ( 6.357414740236982276, 17.16569362489179440, 52.96856115611420535 ) ) ;
#3215 = ORIENTED_EDGE ( 'NONE', *, *, #1533, .T. ) ;
#3216 = ORIENTED_EDGE ( 'NONE', *, *, #462, .F. ) ;
#3217 = DIRECTION ( 'NONE',  ( 1.005147185947862494E-14, -0.9867625124381884660, -0.1621719582624382983 ) ) ;
#3218 = DIRECTION ( 'NONE',  ( 0.000000000000000000, -0.1621719582624442935, 0.9867625124381874668 ) ) ;
#3219 = EDGE_LOOP ( 'NONE', ( #1272, #1141, #42, #631 ) ) ;
#3220 = CARTESIAN_POINT ( 'NONE',  ( 8.332059749871850940, -10941.65270790709292, -1747.775625867275721 ) ) ;
#3221 = DIRECTION ( 'NONE',  ( 0.000000000000000000, 0.9867625124381896873, 0.1621719582624304989 ) ) ;
#3222 = CARTESIAN_POINT ( 'NONE',  ( -11480.23794849793740, 17.88224114262030895, 50.59723732758776293 ) ) ;
#3223 = CARTESIAN_POINT ( 'NONE',  ( 8.230377853720035830, 17.83840740107426015, 50.47855770383952034 ) ) ;
#3224 = CYLINDRICAL_SURFACE ( 'NONE', #2389, 0.1105000000000027904 ) ;
#3225 = ORIENTED_EDGE ( 'NONE', *, *, #1279, .F. ) ;
#3226 = CARTESIAN_POINT ( 'NONE',  ( 6.458832674653870676, 17.92478201717387520, 50.33839023323995576 ) ) ;
#3227 = EDGE_LOOP ( 'NONE', ( #248, #1004, #1352, #2599, #204, #2053, #2846, #3013, #1120, #199 ) ) ;
#3228 = EDGE_CURVE ( 'NONE', #2519, #2634, #333, .T. ) ;
#3229 = EDGE_CURVE ( 'NONE', #2532, #2571, #2573, .T. ) ;
#3230 = CARTESIAN_POINT ( 'NONE',  ( 6.721703851807586005, 16.82512139332576240, 55.04083008897893592 ) ) ;
#3231 = CARTESIAN_POINT ( 'NONE',  ( 8.082363476853968720, 17.35189152628713671, 53.43884524115290446 ) ) ;
#3232 = EDGE_CURVE ( 'NONE', #932, #213, #2747, .T. ) ;
#3233 = EDGE_LOOP ( 'NONE', ( #3275, #2896 ) ) ;
#3234 = AXIS2_PLACEMENT_3D ( 'NONE', #269, #1298, #3181 ) ;
#3235 = AXIS2_PLACEMENT_3D ( 'NONE', #2258, #1384, #2722 ) ;
#3236 = CARTESIAN_POINT ( 'NONE',  ( 15752.05000666440537, 17.30049947014717659, 50.99213219761803373 ) ) ;
#3237 = CARTESIAN_POINT ( 'NONE',  ( 8.156370665287145272, 17.11460465649084384, 51.73784702204095254 ) ) ;
#3238 = ORIENTED_EDGE ( 'NONE', *, *, #315, .T. ) ;
#3239 = VECTOR ( 'NONE', #1678, 39.37007874015748854 ) ;
#3240 = EDGE_CURVE ( 'NONE', #548, #783, #1923, .T. ) ;
#3241 = CARTESIAN_POINT ( 'NONE',  ( 6.378558096183106763, 17.54832831196164733, 50.64035614951028919 ) ) ;
#3242 = CARTESIAN_POINT ( 'NONE',  ( 15752.41947736544535, 17.90165446489457324, 50.09372032403172881 ) ) ;
#3243 = AXIS2_PLACEMENT_3D ( 'NONE', #3255, #2814, #207 ) ;
#3244 = CARTESIAN_POINT ( 'NONE',  ( 6.634521759291485132, 17.06526653087165357, 51.72973842412805112 ) ) ;
#3245 = CARTESIAN_POINT ( 'NONE',  ( 6.560514570858873462, 17.85005685527386632, 53.49082172616700603 ) ) ;
#3246 = ORIENTED_EDGE ( 'NONE', *, *, #1020, .T. ) ;
#3247 = DIRECTION ( 'NONE',  ( 0.000000000000000000, -0.9867625124381934620, -0.1621719582624073230 ) ) ;
#3248 = AXIS2_PLACEMENT_3D ( 'NONE', #2487, #2216, #1961 ) ;
#3249 = CARTESIAN_POINT ( 'NONE',  ( 8.230377853720026948, 17.46822171911648880, 50.38782286558286927 ) ) ;
#3250 = DIRECTION ( 'NONE',  ( 0.000000000000000000, -0.9867625124381881330, -0.1621719582624398803 ) ) ;
#3251 = ORIENTED_EDGE ( 'NONE', *, *, #614, .F. ) ;
#3252 = AXIS2_PLACEMENT_3D ( 'NONE', #754, #2822, #1000 ) ;
#3253 = CIRCLE ( 'NONE', #2456, 0.1105000000000027904 ) ;
#3254 = CARTESIAN_POINT ( 'NONE',  ( 6.427948445550637935, 17.25475146544097171, 52.85990114745432322 ) ) ;
#3255 = CARTESIAN_POINT ( 'NONE',  ( 8.082363476853934969, 16.99962584571736812, 53.23907314527182422 ) ) ;
#3256 = CONICAL_SURFACE ( 'NONE', #625, 0.1399999999999983480, 0.04076687465383467546 ) ;
#3257 = EDGE_CURVE ( 'NONE', #475, #2643, #1064, .T. ) ;
#3258 = ADVANCED_FACE ( 'NONE', ( #3260 ), #52, .F. ) ;
#3259 = VECTOR ( 'NONE', #999, 39.37007874015748143 ) ;
#3260 = FACE_OUTER_BOUND ( 'NONE', #1745, .T. ) ;
#3261 = EDGE_LOOP ( 'NONE', ( #3120, #489, #1207, #2018 ) ) ;
#3262 = LINE ( 'NONE', #3220, #3197 ) ;
#3263 = CARTESIAN_POINT ( 'NONE',  ( 8.332059749832644968, -15521.91700033878806, -2500.530640676018720 ) ) ;
#3264 = CARTESIAN_POINT ( 'NONE',  ( 6.634521759291485132, 17.09405205346323697, 51.55458807817026212 ) ) ;
#3265 = DIRECTION ( 'NONE',  ( -0.000000000000000000, 0.9867625124381881330, 0.1621719582624403244 ) ) ;
#3266 = EDGE_LOOP ( 'NONE', ( #2690, #1104 ) ) ;
#3267 = LINE ( 'NONE', #1142, #83 ) ;
#3268 = FACE_BOUND ( 'NONE', #3266, .T. ) ;
#3269 = FACE_OUTER_BOUND ( 'NONE', #1929, .T. ) ;
#3270 = EDGE_LOOP ( 'NONE', ( #2753, #1374, #692, #1703 ) ) ;
#3271 = ADVANCED_FACE ( 'NONE', ( #908 ), #278, .F. ) ;
#3272 = ORIENTED_EDGE ( 'NONE', *, *, #3156, .T. ) ;
#3273 = DIRECTION ( 'NONE',  ( -4.489714774571248642E-15, -0.9867625124381862456, -0.1621719582624525369 ) ) ;
#3274 = CARTESIAN_POINT ( 'NONE',  ( 8.088608170385191087, 16.93370209628160339, 52.84868985643844042 ) ) ;
#3275 = ORIENTED_EDGE ( 'NONE', *, *, #50, .T. ) ;
#3276 = EDGE_CURVE ( 'NONE', #850, #538, #1624, .T. ) ;
#3277 = EDGE_CURVE ( 'NONE', #2632, #2900, #159, .T. ) ;
#3278 = ORIENTED_EDGE ( 'NONE', *, *, #635, .F. ) ;
#3279 = LINE ( 'NONE', #2322, #1567 ) ;
#3280 = CARTESIAN_POINT ( 'NONE',  ( 8.209669003800868836, 17.32961593224070995, 50.67842494665127617 ) ) ;
#3281 = CARTESIAN_POINT ( 'NONE',  ( 8.156370665287145272, 17.09180327915914432, 51.87658583128975920 ) ) ;
#3282 = DIRECTION ( 'NONE',  ( -1.005147185947862494E-14, 0.9867625124381884660, 0.1621719582624382983 ) ) ;
#3283 = CARTESIAN_POINT ( 'NONE',  ( 8.346970360090326224, 16.91835926615354779, 52.93193505364901341 ) ) ;
#3284 = ORIENTED_EDGE ( 'NONE', *, *, #442, .F. ) ;
#3285 = EDGE_CURVE ( 'NONE', #1926, #1030, #2359, .T. ) ;
#3286 = ORIENTED_EDGE ( 'NONE', *, *, #763, .F. ) ;
#3287 = CARTESIAN_POINT ( 'NONE',  ( 8.089045235967240899, 16.94357356987073260, 52.77851438862209932 ) ) ;
#3288 = CARTESIAN_POINT ( 'NONE',  ( 7.821954151293169843, 16.95167584705686536, 52.82201380626672460 ) ) ;
#3289 = CARTESIAN_POINT ( 'NONE',  ( -102.8892425459929285, -11302.21506563571347, 446.2157879090295296 ) ) ;
#3290 = ORIENTED_EDGE ( 'NONE', *, *, #2799, .T. ) ;
#3291 = ORIENTED_EDGE ( 'NONE', *, *, #3362, .T. ) ;
#3292 = DIRECTION ( 'NONE',  ( 1.521833160615616739E-14, -0.9867625124381884660, -0.1621719582624380207 ) ) ;
#3293 = FACE_OUTER_BOUND ( 'NONE', #2917, .T. ) ;
#3294 = EDGE_CURVE ( 'NONE', #1429, #141, #573, .T. ) ;
#3295 = CARTESIAN_POINT ( 'NONE',  ( -11480.11124920963812, 18.29869538394691730, 48.06325156357157624 ) ) ;
#3296 = ORIENTED_EDGE ( 'NONE', *, *, #3192, .T. ) ;
#3297 = AXIS2_PLACEMENT_3D ( 'NONE', #405, #2969, #897 ) ;
#3298 = CARTESIAN_POINT ( 'NONE',  ( 8.089045235967240899, 17.00306500835420920, 52.85111206270220663 ) ) ;
#3299 = CARTESIAN_POINT ( 'NONE',  ( 6.560514570858901884, 17.37459560044417373, 53.30069848941161581 ) ) ;
#3300 = CARTESIAN_POINT ( 'NONE',  ( 6.560514570858911654, 17.37459560044391438, 53.30069848941155186 ) ) ;
#3301 = CARTESIAN_POINT ( 'NONE',  ( 7.242364598190033753, 17.00306500835420920, 52.85111206270220663 ) ) ;
#3302 = FACE_OUTER_BOUND ( 'NONE', #1575, .T. ) ;
#3303 = VECTOR ( 'NONE', #1854, 39.37007874015748143 ) ;
#3304 = EDGE_LOOP ( 'NONE', ( #1231, #2279, #869, #950 ) ) ;
#3305 = AXIS2_PLACEMENT_3D ( 'NONE', #2467, #2934, #553 ) ;
#3306 = EDGE_CURVE ( 'NONE', #1061, #2489, #3326, .T. ) ;
#3307 = CARTESIAN_POINT ( 'NONE',  ( 6.326503110212662762, 17.17391621203955765, 52.93306330227852641 ) ) ;
#3308 = CARTESIAN_POINT ( 'NONE',  ( 8.082363476853934969, 16.98170584432936892, 53.34811040289624628 ) ) ;
#3309 = ORIENTED_EDGE ( 'NONE', *, *, #994, .F. ) ;
#3310 = AXIS2_PLACEMENT_3D ( 'NONE', #971, #452, #201 ) ;
#3311 = ORIENTED_EDGE ( 'NONE', *, *, #3136, .T. ) ;
#3312 = DIRECTION ( 'NONE',  ( 0.000000000000000000, 0.1621719582624369937, -0.9867625124381886881 ) ) ;
#3313 = VECTOR ( 'NONE', #2465, 39.37007874015747433 ) ;
#3314 = UNCERTAINTY_MEASURE_WITH_UNIT (LENGTH_MEASURE( 1.000000000000000082E-05 ), #2381, 'distance_accuracy_value', 'NONE');
#3315 = AXIS2_PLACEMENT_3D ( 'NONE', #296, #1245, #2118 ) ;
#3316 = DIRECTION ( 'NONE',  ( -0.000000000000000000, 0.9867625124381883550, 0.1621719582624385203 ) ) ;
#3317 = CIRCLE ( 'NONE', #959, 0.2500000000000023870 ) ;
#3318 = EDGE_LOOP ( 'NONE', ( #1524, #1132, #2621, #695, #705 ) ) ;
#3319 = VECTOR ( 'NONE', #3342, 39.37007874015748143 ) ;
#3320 = LINE ( 'NONE', #2062, #2172 ) ;
#3321 = DIRECTION ( 'NONE',  ( 0.000000000000000000, 0.1621719582624382983, -0.9867625124381884660 ) ) ;
#3322 = CARTESIAN_POINT ( 'NONE',  ( 8.230377853720026948, 16.79294105551519323, 50.16485980727884453 ) ) ;
#3323 = CARTESIAN_POINT ( 'NONE',  ( 7.837350894587063799, 17.00306500835421986, 52.85111206270221373 ) ) ;
#3324 = DIRECTION ( 'NONE',  ( 0.000000000000000000, -0.1621719582624454037, 0.9867625124381872448 ) ) ;
#3325 = VERTEX_POINT ( 'NONE', #1842 ) ;
#3326 = CIRCLE ( 'NONE', #576, 0.1105000000000027904 ) ;
#3327 = ORIENTED_EDGE ( 'NONE', *, *, #70, .F. ) ;
#3328 = CARTESIAN_POINT ( 'NONE',  ( 7.818272106760685070, 16.94357356987150354, 52.77851438862224143 ) ) ;
#3329 = DIRECTION ( 'NONE',  ( -0.006297178994488412257, -0.9993710116692213763, -0.03489880473524466231 ) ) ;
#3330 = CARTESIAN_POINT ( 'NONE',  ( 8.156370665287145272, 16.81857590275938463, 51.68919543456222243 ) ) ;
#3331 = ORIENTED_EDGE ( 'NONE', *, *, #284, .F. ) ;
#3332 = EDGE_CURVE ( 'NONE', #2142, #658, #2079, .T. ) ;
#3333 = ADVANCED_FACE ( 'NONE', ( #1, #1027 ), #294, .F. ) ;
#3334 = ORIENTED_EDGE ( 'NONE', *, *, #2523, .T. ) ;
#3335 = DIRECTION ( 'NONE',  ( 0.006297178994488411390, 0.9993710116692212653, 0.03489880473524466231 ) ) ;
#3336 = CARTESIAN_POINT ( 'NONE',  ( 6.310818297786374487, -10941.62974209536878, -1747.796821120694403 ) ) ;
#3337 = FACE_OUTER_BOUND ( 'NONE', #1421, .T. ) ;
#3338 = VERTEX_POINT ( 'NONE', #1353 ) ;
#3339 = ORIENTED_EDGE ( 'NONE', *, *, #468, .T. ) ;
#3340 = DIRECTION ( 'NONE',  ( -0.04927818435184642964, -0.1619749342972593154, 0.9855636870372121994 ) ) ;
#3341 = DIRECTION ( 'NONE',  ( 0.000000000000000000, -0.1621719582624442935, 0.9867625124381874668 ) ) ;
#3342 = DIRECTION ( 'NONE',  ( 0.03013542484104671931, -0.6816886134214014126, -0.7310215390132199786 ) ) ;
#3343 = LINE ( 'NONE', #1212, #2697 ) ;
#3344 = VERTEX_POINT ( 'NONE', #43 ) ;
#3345 = LINE ( 'NONE', #2366, #2705 ) ;
#3346 = CARTESIAN_POINT ( 'NONE',  ( 8.480074126786202982, 18.35249484653650853, 50.43365339747959553 ) ) ;
#3347 = CARTESIAN_POINT ( 'NONE',  ( 8.340312197874320432, 16.95812582759673504, 53.08138420593169826 ) ) ;
#3348 = ORIENTED_EDGE ( 'NONE', *, *, #3257, .F. ) ;
#3349 = EDGE_LOOP ( 'NONE', ( #970, #1253, #756, #2978, #366, #2509, #2067, #2042 ) ) ;
#3350 = DIRECTION ( 'NONE',  ( -0.000000000000000000, 0.9867625124381881330, 0.1621719582624398803 ) ) ;
#3351 =( CONVERSION_BASED_UNIT ( 'INCH', #2647 ) LENGTH_UNIT ( ) NAMED_UNIT ( #458 ) );
#3352 = EDGE_CURVE ( 'NONE', #578, #311, #1856, .T. ) ;
#3353 = CARTESIAN_POINT ( 'NONE',  ( 15752.41947736542897, 16.83348404519797370, 49.91816917921556751 ) ) ;
#3354 = VERTEX_POINT ( 'NONE', #764 ) ;
#3355 = DIRECTION ( 'NONE',  ( 0.000000000000000000, 0.1621719582624369937, -0.9867625124381886881 ) ) ;
#3356 = CARTESIAN_POINT ( 'NONE',  ( 8.156370665287145272, 17.14501189866505015, 51.55282905095879187 ) ) ;
#3357 = CARTESIAN_POINT ( 'NONE',  ( 6.431391011036101446, 17.51635172720748557, 50.83492304905260539 ) ) ;
#3358 = CARTESIAN_POINT ( 'NONE',  ( 6.831321383506906209, 17.25497303988814224, 52.85990888500504781 ) ) ;
#3359 = LINE ( 'NONE', #1196, #3364 ) ;
#3360 = VERTEX_POINT ( 'NONE', #1581 ) ;
#3361 = VERTEX_POINT ( 'NONE', #1593 ) ;
#3362 = EDGE_CURVE ( 'NONE', #375, #3172, #2875, .T. ) ;
#3363 = DIRECTION ( 'NONE',  ( 0.000000000000000000, -0.1621719582624395750, 0.9867625124381881330 ) ) ;
#3364 = VECTOR ( 'NONE', #2047, 39.37007874015748143 ) ;
#3365 = CARTESIAN_POINT ( 'NONE',  ( 6.564785296047087826, 16.61170571747113556, 53.08759788119152034 ) ) ;
#3366 = DIRECTION ( 'NONE',  ( 0.000000000000000000, -0.1621719582624369937, 0.9867625124381886881 ) ) ;
#3367 = ORIENTED_EDGE ( 'NONE', *, *, #2761, .F. ) ;
#3368 = VECTOR ( 'NONE', #2375, 39.37007874015748143 ) ;
#3369 = CARTESIAN_POINT ( 'NONE',  ( -11480.11124920973816, 18.29869538401853291, 48.06325156358388284 ) ) ;
#3370 = AXIS2_PLACEMENT_3D ( 'NONE', #1254, #1023, #3381 ) ;
#3371 = AXIS2_PLACEMENT_3D ( 'NONE', #3161, #2885, #2192 ) ;
#3372 = AXIS2_PLACEMENT_3D ( 'NONE', #2140, #596, #1584 ) ;
#3373 = EDGE_LOOP ( 'NONE', ( #450, #1021, #3311, #1711 ) ) ;
#3374 = VECTOR ( 'NONE', #2847, 39.37007874015748143 ) ;
#3375 = CARTESIAN_POINT ( 'NONE',  ( 7.938276449489480413, 17.34097048153973120, 50.92818082312724215 ) ) ;
#3376 = DIRECTION ( 'NONE',  ( 0.04927818435184643658, 0.1619749342972593154, -0.9855636870372121994 ) ) ;
#3377 = LINE ( 'NONE', #1019, #1334 ) ;
#3378 = ORIENTED_EDGE ( 'NONE', *, *, #284, .T. ) ;
#3379 = AXIS2_PLACEMENT_3D ( 'NONE', #2129, #840, #1559 ) ;
#3380 = ORIENTED_EDGE ( 'NONE', *, *, #1556, .T. ) ;
#3381 = DIRECTION ( 'NONE',  ( 0.000000000000000000, -0.1621719582624454037, 0.9867625124381872448 ) ) ;
#3382 = CARTESIAN_POINT ( 'NONE',  ( 7.909341551449883490, 17.24248658888302543, 50.96776438201608528 ) ) ;
#3383 = CARTESIAN_POINT ( 'NONE',  ( 6.221095659039848513, 16.82512139332576240, 55.04083008897886486 ) ) ;
#3384 = ORIENTED_EDGE ( 'NONE', *, *, #1927, .T. ) ;
ENDSEC;
END-ISO-10303-21;
