ISO-10303-21;
HEADER;
FILE_DESCRIPTION (( 'STEP AP214' ),
    '1' );
FILE_NAME ('module top plate counter block 2.STEP',
    '2026-03-17T02:33:37',
    ( '' ),
    ( '' ),
    'SwSTEP 2.0',
    'SolidWorks 2025',
    '' );
FILE_SCHEMA (( 'AUTOMOTIVE_DESIGN' ));
ENDSEC;

DATA;
#1 = ORIENTED_EDGE ( 'NONE', *, *, #1358, .T. ) ;
#2 = CARTESIAN_POINT ( 'NONE',  ( 6.982004162888459931, 19.64442060670584667, 39.87496046845491549 ) ) ;
#3 = EDGE_CURVE ( 'NONE', #1270, #16, #3265, .T. ) ;
#4 = ORIENTED_EDGE ( 'NONE', *, *, #2765, .F. ) ;
#5 = LINE ( 'NONE', #1024, #2075 ) ;
#6 = DIRECTION ( 'NONE',  ( 0.000000000000000000, -0.9867625124381881330, -0.1621719582624401301 ) ) ;
#7 = EDGE_LOOP ( 'NONE', ( #1040, #2916, #1780, #1768 ) ) ;
#8 = CARTESIAN_POINT ( 'NONE',  ( 6.892281524150182470, 19.03127585764596574, 41.61711278687618432 ) ) ;
#9 = EDGE_CURVE ( 'NONE', #2270, #1784, #1682, .T. ) ;
#10 = ADVANCED_FACE ( 'NONE', ( #2377 ), #3229, .F. ) ;
#11 = LINE ( 'NONE', #1029, #1858 ) ;
#12 = LINE ( 'NONE', #1030, #3067 ) ;
#13 = FACE_OUTER_BOUND ( 'NONE', #129, .T. ) ;
#14 = CARTESIAN_POINT ( 'NONE',  ( 7.379714812829559989, 19.01701552122736061, 36.63210524755492514 ) ) ;
#15 = CARTESIAN_POINT ( 'NONE',  ( 7.178588808577130109, 19.38920481642413662, 39.43923393270824818 ) ) ;
#16 = VERTEX_POINT ( 'NONE', #1675 ) ;
#17 = CARTESIAN_POINT ( 'NONE',  ( 7.871529053807654996, 19.85545642398010813, 39.66877472507972158 ) ) ;
#18 = ORIENTED_EDGE ( 'NONE', *, *, #263, .F. ) ;
#19 = CARTESIAN_POINT ( 'NONE',  ( 6.927467149342739994, 19.35257064720452647, 39.66214068704467621 ) ) ;
#20 = ORIENTED_EDGE ( 'NONE', *, *, #2975, .T. ) ;
#21 = CARTESIAN_POINT ( 'NONE',  ( 7.147582318053617989, 19.72708361532457744, 37.38335364319786436 ) ) ;
#22 = ORIENTED_EDGE ( 'NONE', *, *, #2449, .T. ) ;
#23 = CARTESIAN_POINT ( 'NONE',  ( 8.485952083285019043, 19.20921947267843066, 39.42739476060322801 ) ) ;
#24 = CARTESIAN_POINT ( 'NONE',  ( 8.590781477341216998, 19.47729635221617173, 37.51279134636647683 ) ) ;
#25 = DIRECTION ( 'NONE',  ( 1.406856291409834978E-16, 0.9867625124381896873, 0.1621719582624312761 ) ) ;
#26 = CARTESIAN_POINT ( 'NONE',  ( 8.753549341958862584, 19.58075006476709490, 39.87698118731311325 ) ) ;
#27 = CARTESIAN_POINT ( 'NONE',  ( 7.089687564476514936, 19.45156933663266585, 39.48352930768552227 ) ) ;
#28 = ORIENTED_EDGE ( 'NONE', *, *, #2703, .F. ) ;
#29 = EDGE_CURVE ( 'NONE', #3073, #1451, #1646, .T. ) ;
#30 = VERTEX_POINT ( 'NONE', #1400 ) ;
#31 = AXIS2_PLACEMENT_3D ( 'NONE', #1908, #2933, #1185 ) ;
#32 = DIRECTION ( 'NONE',  ( -0.000000000000000000, 0.9867625124381883550, 0.1621719582624384370 ) ) ;
#33 = CARTESIAN_POINT ( 'NONE',  ( 9.121346259920962041, 19.46369422819342887, 37.44441705700943146 ) ) ;
#34 = ORIENTED_EDGE ( 'NONE', *, *, #1986, .F. ) ;
#35 = AXIS2_PLACEMENT_3D ( 'NONE', #258, #1542, #2562 ) ;
#36 = CARTESIAN_POINT ( 'NONE',  ( 8.753549341958862584, 19.55804599061035276, 40.01512793905445875 ) ) ;
#37 = ORIENTED_EDGE ( 'NONE', *, *, #2010, .T. ) ;
#38 = AXIS2_PLACEMENT_3D ( 'NONE', #1245, #722, #3099 ) ;
#39 = CARTESIAN_POINT ( 'NONE',  ( 7.280296980463250911, 19.70988958532453239, 37.48797360601094653 ) ) ;
#40 = VECTOR ( 'NONE', #1523, 39.37007874015748143 ) ;
#41 = DIRECTION ( 'NONE',  ( -1.075433412635312661E-14, 0.9867625124381884660, 0.1621719582624382427 ) ) ;
#42 = ORIENTED_EDGE ( 'NONE', *, *, #118, .F. ) ;
#43 = CARTESIAN_POINT ( 'NONE',  ( 9.012649092640026893, 19.13947655213678445, 39.62379446938874850 ) ) ;
#44 = VECTOR ( 'NONE', #1704, 39.37007874015748143 ) ;
#45 = DIRECTION ( 'NONE',  ( -0.000000000000000000, 0.9867625124381881330, 0.1621719582624401579 ) ) ;
#46 = VECTOR ( 'NONE', #377, 39.37007874015748143 ) ;
#47 = CYLINDRICAL_SURFACE ( 'NONE', #3051, 0.1105000000000024435 ) ;
#48 = DIRECTION ( 'NONE',  ( 1.000000000000000000, -3.352279438504859991E-14, -5.864577322227403220E-15 ) ) ;
#49 = CARTESIAN_POINT ( 'NONE',  ( 7.231700435963846374, 20.05621131959698644, 40.06710442406856032 ) ) ;
#50 = CARTESIAN_POINT ( 'NONE',  ( 6.938417153105797652, 19.36554627691224795, 39.58318828918230992 ) ) ;
#51 = VERTEX_POINT ( 'NONE', #1966 ) ;
#52 =( BOUNDED_CURVE ( )  B_SPLINE_CURVE ( 3, ( #2433, #125, #1146, #660 ),
 .UNSPECIFIED., .F., .T. ) 
 B_SPLINE_CURVE_WITH_KNOTS ( ( 4, 4 ),
 ( 6.276727688235287594, 7.312630816956197322 ),
 .UNSPECIFIED. ) 
 CURVE ( )  GEOMETRIC_REPRESENTATION_ITEM ( )  RATIONAL_B_SPLINE_CURVE ( ( 1.000000000000000000, 0.9125567901508949697, 0.9125567901508949697, 1.000000000000000000 ) ) 
 REPRESENTATION_ITEM ( '' )  );
#53 = ORIENTED_EDGE ( 'NONE', *, *, #428, .T. ) ;
#54 = CIRCLE ( 'NONE', #1936, 0.1874999999999997502 ) ;
#55 = CARTESIAN_POINT ( 'NONE',  ( 8.901563718824588634, 20.04456186539767160, 37.05484040173988092 ) ) ;
#56 = DIRECTION ( 'NONE',  ( -1.000000000000000000, 2.251765345858821778E-14, -8.618049415830409215E-16 ) ) ;
#57 = EDGE_CURVE ( 'NONE', #1724, #2645, #1852, .T. ) ;
#58 = EDGE_CURVE ( 'NONE', #2900, #1619, #2659, .T. ) ;
#59 = ORIENTED_EDGE ( 'NONE', *, *, #2746, .F. ) ;
#60 = CARTESIAN_POINT ( 'NONE',  ( 7.115464571536716853, 20.02142565677309705, 37.19561654823306895 ) ) ;
#61 = ORIENTED_EDGE ( 'NONE', *, *, #1705, .F. ) ;
#62 = DIRECTION ( 'NONE',  ( -0.000000000000000000, 0.9867625124381881330, 0.1621719582624401301 ) ) ;
#63 = CARTESIAN_POINT ( 'NONE',  ( 8.500626484918324621, 19.18002547899213539, 39.41916269086802771 ) ) ;
#64 = FACE_OUTER_BOUND ( 'NONE', #1958, .T. ) ;
#65 = EDGE_CURVE ( 'NONE', #3060, #1174, #1317, .T. ) ;
#66 = FACE_OUTER_BOUND ( 'NONE', #2629, .T. ) ;
#67 = CARTESIAN_POINT ( 'NONE',  ( 7.103419223941835448, 19.72527494672049997, 37.39435879104193106 ) ) ;
#68 = FACE_OUTER_BOUND ( 'NONE', #3082, .T. ) ;
#69 = EDGE_LOOP ( 'NONE', ( #327, #2992, #341, #1628, #313 ) ) ;
#70 = PLANE ( 'NONE',  #3227 ) ;
#71 = ORIENTED_EDGE ( 'NONE', *, *, #1986, .T. ) ;
#72 = DIRECTION ( 'NONE',  ( -0.000000000000000000, 0.9867625124381881330, 0.1621719582624402967 ) ) ;
#73 = CARTESIAN_POINT ( 'NONE',  ( 7.356054013500096467, 19.69979747081082166, 37.54938077146405817 ) ) ;
#74 = EDGE_CURVE ( 'NONE', #2437, #1459, #2216, .T. ) ;
#75 = EDGE_LOOP ( 'NONE', ( #2482, #2553, #1667, #3212 ) ) ;
#76 = EDGE_CURVE ( 'NONE', #2872, #1109, #52, .T. ) ;
#77 = ORIENTED_EDGE ( 'NONE', *, *, #2460, .T. ) ;
#78 = CARTESIAN_POINT ( 'NONE',  ( 7.231700435963832163, 19.20578031004062325, 39.81535584317341403 ) ) ;
#79 = LINE ( 'NONE', #288, #1221 ) ;
#80 = CARTESIAN_POINT ( 'NONE',  ( 7.231700435963833051, 19.22370031142862246, 39.70631858554898486 ) ) ;
#81 = ORIENTED_EDGE ( 'NONE', *, *, #2942, .T. ) ;
#82 = DIRECTION ( 'NONE',  ( 0.000000000000000000, -0.9993908270190959842, -0.03489949670249622299 ) ) ;
#83 = ORIENTED_EDGE ( 'NONE', *, *, #165, .T. ) ;
#84 = DIRECTION ( 'NONE',  ( -0.000000000000000000, 0.9867625124381881330, 0.1621719582624401301 ) ) ;
#85 = CARTESIAN_POINT ( 'NONE',  ( 7.305707624396662325, 19.53704250674932297, 38.53969068058921010 ) ) ;
#86 = DIRECTION ( 'NONE',  ( -0.9987850922731003056, 0.007991539655944193687, -0.04862586499942220253 ) ) ;
#87 = AXIS2_PLACEMENT_3D ( 'NONE', #1164, #2901, #2197 ) ;
#88 = ORIENTED_EDGE ( 'NONE', *, *, #1802, .T. ) ;
#89 = CIRCLE ( 'NONE', #243, 0.2499999999999977518 ) ;
#90 = DIRECTION ( 'NONE',  ( -8.622426922099261945E-15, 0.9867625124381883550, 0.1621719582624383538 ) ) ;
#91 = CARTESIAN_POINT ( 'NONE',  ( 8.489457971865313368, 19.14972803419494340, 39.35479708652312780 ) ) ;
#92 = AXIS2_PLACEMENT_3D ( 'NONE', #676, #1954, #926 ) ;
#93 = EDGE_CURVE ( 'NONE', #2531, #1368, #3190, .T. ) ;
#94 = DIRECTION ( 'NONE',  ( 0.000000000000000000, -0.9867625124381881330, -0.1621719582624401301 ) ) ;
#95 = VECTOR ( 'NONE', #56, 39.37007874015748143 ) ;
#96 = DIRECTION ( 'NONE',  ( -0.000000000000000000, 0.9867625124381881330, 0.1621719582624402967 ) ) ;
#97 = LINE ( 'NONE', #49, #901 ) ;
#98 = ORIENTED_EDGE ( 'NONE', *, *, #1739, .F. ) ;
#99 = CARTESIAN_POINT ( 'NONE',  ( 8.901563718824602844, 20.54272719438425909, 37.10681688675397538 ) ) ;
#100 = ORIENTED_EDGE ( 'NONE', *, *, #2479, .F. ) ;
#101 = CIRCLE ( 'NONE', #3169, 0.1104999999999984883 ) ;
#102 = CARTESIAN_POINT ( 'NONE',  ( 7.231700435963833051, 19.58075006476981628, 39.87698118731356800 ) ) ;
#103 = EDGE_LOOP ( 'NONE', ( #225, #2755 ) ) ;
#104 = CARTESIAN_POINT ( 'NONE',  ( 8.753549341958862584, 19.60345413892383704, 39.73883443557176776 ) ) ;
#105 = MECHANICAL_DESIGN_GEOMETRIC_PRESENTATION_REPRESENTATION (  '', ( #2683 ), #1994 ) ;
#106 = VERTEX_POINT ( 'NONE', #3210 ) ;
#107 = ADVANCED_FACE ( 'NONE', ( #2450 ), #140, .T. ) ;
#108 = DIRECTION ( 'NONE',  ( 1.493676868909583818E-16, 0.9867625124381895763, 0.1621719582624315259 ) ) ;
#109 = CARTESIAN_POINT ( 'NONE',  ( 8.827556530392104861, 19.05351588967522147, 38.09032778650510664 ) ) ;
#110 = DIRECTION ( 'NONE',  ( 0.000000000000000000, 0.1621719582624369937, -0.9867625124381886881 ) ) ;
#111 = DIRECTION ( 'NONE',  ( -1.000000000000000000, -8.565126952490238400E-15, -1.052467596350670248E-15 ) ) ;
#112 = VERTEX_POINT ( 'NONE', #2262 ) ;
#113 = PLANE ( 'NONE',  #2348 ) ;
#114 = CARTESIAN_POINT ( 'NONE',  ( 7.158608042440565811, 19.70877980197373347, 37.49472626916396933 ) ) ;
#115 = ORIENTED_EDGE ( 'NONE', *, *, #1365, .F. ) ;
#116 = CARTESIAN_POINT ( 'NONE',  ( 15752.61359723661735, 20.10780892869285452, 36.67000302178330884 ) ) ;
#117 = ORIENTED_EDGE ( 'NONE', *, *, #1860, .T. ) ;
#118 = EDGE_CURVE ( 'NONE', #3100, #2464, #2496, .T. ) ;
#119 = FACE_OUTER_BOUND ( 'NONE', #1854, .T. ) ;
#120 = DIRECTION ( 'NONE',  ( 0.03013542484105665581, -0.6816886134214027448, -0.7310215390132182023 ) ) ;
#121 = EDGE_LOOP ( 'NONE', ( #1506, #554 ) ) ;
#122 = CARTESIAN_POINT ( 'NONE',  ( -15743.53573660964867, 18.47203665531687378, 39.94812067058952465 ) ) ;
#123 = CARTESIAN_POINT ( 'NONE',  ( 8.922966525517484371, 19.14279821051961861, 39.39696276235193295 ) ) ;
#124 = CARTESIAN_POINT ( 'NONE',  ( 7.108542629657920386, -1.396499050596546221, 38.70782721384019709 ) ) ;
#125 = CARTESIAN_POINT ( 'NONE',  ( 7.271190180554677696, 19.81376874950783318, 37.49515211422473726 ) ) ;
#126 = ORIENTED_EDGE ( 'NONE', *, *, #232, .T. ) ;
#127 = DIRECTION ( 'NONE',  ( 8.621526009556627259E-15, -0.9867625124381884660, -0.1621719582624383538 ) ) ;
#128 = CARTESIAN_POINT ( 'NONE',  ( 7.231700435955362494, 19.68296571135756423, 39.64042630659454858 ) ) ;
#129 = EDGE_LOOP ( 'NONE', ( #1875, #2636, #2170, #1891 ) ) ;
#130 = CARTESIAN_POINT ( 'NONE',  ( -66.08506701141848794, -11577.70311548125028, -365.3077815521274943 ) ) ;
#131 = ORIENTED_EDGE ( 'NONE', *, *, #3308, .F. ) ;
#132 = DIRECTION ( 'NONE',  ( 0.04927818435184642271, 0.1619749342972592876, -0.9855636870372121994 ) ) ;
#133 = DIRECTION ( 'NONE',  ( 0.000000000000000000, -0.1621719582624369937, 0.9867625124381886881 ) ) ;
#134 = EDGE_CURVE ( 'NONE', #106, #1784, #3024, .T. ) ;
#135 = LINE ( 'NONE', #2191, #2793 ) ;
#136 = CARTESIAN_POINT ( 'NONE',  ( 8.965303220875625811, 19.18935474568452904, 39.52993962612556089 ) ) ;
#137 = VECTOR ( 'NONE', #1508, 39.37007874015748854 ) ;
#138 = LINE ( 'NONE', #1688, #187 ) ;
#139 = CONICAL_SURFACE ( 'NONE', #1593, 0.1399999999999983480, 0.04076687465383467546 ) ;
#140 = CYLINDRICAL_SURFACE ( 'NONE', #1098, 0.2500000000000566769 ) ;
#141 = AXIS2_PLACEMENT_3D ( 'NONE', #574, #2173, #2145 ) ;
#142 = ORIENTED_EDGE ( 'NONE', *, *, #431, .T. ) ;
#143 = DIRECTION ( 'NONE',  ( 0.000000000000000000, 0.1621719582624383538, -0.9867625124381884660 ) ) ;
#144 = CONICAL_SURFACE ( 'NONE', #1497, 0.1399999999999983480, 0.04076687465383467546 ) ;
#145 = CARTESIAN_POINT ( 'NONE',  ( 8.753549341960757957, 18.51257964505209230, 39.70143004249371899 ) ) ;
#146 = EDGE_LOOP ( 'NONE', ( #42, #483, #1842, #1232 ) ) ;
#147 = AXIS2_PLACEMENT_3D ( 'NONE', #296, #204, #2601 ) ;
#148 = CARTESIAN_POINT ( 'NONE',  ( 8.973895299175071116, 19.81376874951005362, 37.49515211422468042 ) ) ;
#149 = ORIENTED_EDGE ( 'NONE', *, *, #592, .F. ) ;
#150 = CARTESIAN_POINT ( 'NONE',  ( 7.231700435670016525, -5.825810543641508410, 35.44812253947046088 ) ) ;
#151 = CARTESIAN_POINT ( 'NONE',  ( 7.357061459076626342, 19.75927915233155119, 37.49705493288742275 ) ) ;
#152 = AXIS2_PLACEMENT_3D ( 'NONE', #399, #2225, #2524 ) ;
#153 = ADVANCED_FACE ( 'NONE', ( #1782 ), #1236, .F. ) ;
#154 = ADVANCED_FACE ( 'NONE', ( #732, #1218 ), #3297, .F. ) ;
#155 = CARTESIAN_POINT ( 'NONE',  ( 8.890413862387948285, 19.20279033909268662, 39.46109638679419618 ) ) ;
#156 = ORIENTED_EDGE ( 'NONE', *, *, #1202, .F. ) ;
#157 = CARTESIAN_POINT ( 'NONE',  ( 7.379714812823814363, 20.16948158614698983, 36.68013876928032602 ) ) ;
#158 =( BOUNDED_CURVE ( )  B_SPLINE_CURVE ( 3, ( #242, #1274, #3333, #3113 ),
 .UNSPECIFIED., .F., .T. ) 
 B_SPLINE_CURVE_WITH_KNOTS ( ( 4, 4 ),
 ( 2.214297435588306051, 3.093256491086326943 ),
 .UNSPECIFIED. ) 
 CURVE ( )  GEOMETRIC_REPRESENTATION_ITEM ( )  RATIONAL_B_SPLINE_CURVE ( ( 1.000000000000000000, 0.9366488202249462214, 0.9366488202249462214, 1.000000000000000000 ) ) 
 REPRESENTATION_ITEM ( '' )  );
#159 = EDGE_CURVE ( 'NONE', #1311, #2144, #1383, .T. ) ;
#160 = FILL_AREA_STYLE ('',( #1449 ) ) ;
#161 = DIRECTION ( 'NONE',  ( 1.000000000000000000, 8.910086228347087402E-15, -1.052050335927666252E-15 ) ) ;
#162 = DIRECTION ( 'NONE',  ( 0.000000000000000000, -0.9867625124381881330, -0.1621719582624401301 ) ) ;
#163 = CARTESIAN_POINT ( 'NONE',  ( 8.901563718826448479, 18.99909551983946088, 36.74114250517882851 ) ) ;
#164 = VERTEX_POINT ( 'NONE', #1204 ) ;
#165 = EDGE_CURVE ( 'NONE', #1795, #3184, #2026, .T. ) ;
#166 = DIRECTION ( 'NONE',  ( 0.000000000000000000, 0.1621719582624442935, -0.9867625124381874668 ) ) ;
#167 = ORIENTED_EDGE ( 'NONE', *, *, #2745, .T. ) ;
#168 = CARTESIAN_POINT ( 'NONE',  ( 6.982004162892448740, 20.07612920589953376, 39.94591070019501444 ) ) ;
#169 = DIRECTION ( 'NONE',  ( 0.000000000000000000, -0.9867625124381895763, -0.1621719582624312206 ) ) ;
#170 = CARTESIAN_POINT ( 'NONE',  ( 9.074453135344898058, 19.10256582393830271, 39.64176347444619353 ) ) ;
#171 = EDGE_LOOP ( 'NONE', ( #2281, #976, #1055, #2372 ) ) ;
#172 = CARTESIAN_POINT ( 'NONE',  ( 7.112000719045489028, 19.81515455016695881, 37.23286463635328403 ) ) ;
#173 = DIRECTION ( 'NONE',  ( 1.000000000000000000, 8.507398666241301423E-15, 1.398169756180255272E-15 ) ) ;
#174 = DIRECTION ( 'NONE',  ( -0.000000000000000000, 0.9867625124381881330, 0.1621719582624401579 ) ) ;
#175 =( BOUNDED_CURVE ( )  B_SPLINE_CURVE ( 3, ( #1645, #820, #1364, #2326 ),
 .UNSPECIFIED., .F., .T. ) 
 B_SPLINE_CURVE_WITH_KNOTS ( ( 4, 4 ),
 ( 0.000000000000000000, 1.000000000000000000 ),
 .UNSPECIFIED. ) 
 CURVE ( )  GEOMETRIC_REPRESENTATION_ITEM ( )  RATIONAL_B_SPLINE_CURVE ( ( 1.000000000000000000, 0.8366013071895613828, 0.8366013071895613828, 1.000000000000000000 ) ) 
 REPRESENTATION_ITEM ( '' )  );
#176 = ADVANCED_FACE ( 'NONE', ( #940, #2249 ), #706, .T. ) ;
#177 = ADVANCED_FACE ( 'NONE', ( #434, #1477 ), #1733, .F. ) ;
#178 = CARTESIAN_POINT ( 'NONE',  ( 15752.72796199299410, 20.93655844774134422, 34.71048449325343910 ) ) ;
#179 = FACE_OUTER_BOUND ( 'NONE', #1567, .T. ) ;
#180 = VERTEX_POINT ( 'NONE', #2542 ) ;
#181 = CARTESIAN_POINT ( 'NONE',  ( 6.991498016031513885, 19.40442111446377638, 39.64051148871550367 ) ) ;
#182 = CARTESIAN_POINT ( 'NONE',  ( 8.901563718824586857, 19.01701552122737837, 36.63210524755491093 ) ) ;
#183 = ORIENTED_EDGE ( 'NONE', *, *, #1226, .F. ) ;
#184 = CARTESIAN_POINT ( 'NONE',  ( 7.231700435966177842, 18.72761700950524855, 39.99012466445403646 ) ) ;
#185 = AXIS2_PLACEMENT_3D ( 'NONE', #973, #2274, #1521 ) ;
#186 = CARTESIAN_POINT ( 'NONE',  ( 8.901563718824586857, 20.06726593955709603, 36.91669364999896885 ) ) ;
#188 = EDGE_LOOP ( 'NONE', ( #1561, #880, #1751, #1417, #3300 ) ) ;
#187 = VECTOR ( 'NONE', #2178, 39.37007874015748143 ) ;
#189 = DIRECTION ( 'NONE',  ( -1.000000000000000000, 3.317660085586995994E-14, 7.968892408050029287E-15 ) ) ;
#190 = EDGE_CURVE ( 'NONE', #2526, #3257, #1043, .T. ) ;
#191 = EDGE_CURVE ( 'NONE', #2798, #2266, #3328, .T. ) ;
#192 = DIRECTION ( 'NONE',  ( 3.402975690169335379E-14, 0.9867625124381881330, 0.1621719582624404354 ) ) ;
#193 = AXIS2_PLACEMENT_3D ( 'NONE', #3076, #752, #1786 ) ;
#194 = ORIENTED_EDGE ( 'NONE', *, *, #1513, .T. ) ;
#195 = CARTESIAN_POINT ( 'NONE',  ( 15752.60126270528417, 20.08839560648707590, 37.17352002541241518 ) ) ;
#196 = AXIS2_PLACEMENT_3D ( 'NONE', #3072, #3050, #779 ) ;
#197 = CYLINDRICAL_SURFACE ( 'NONE', #3214, 0.1104999999999981414 ) ;
#198 = DIRECTION ( 'NONE',  ( 0.000000000000000000, -0.9867625124381881330, -0.1621719582624401301 ) ) ;
#199 = VECTOR ( 'NONE', #3010, 39.37007874015748143 ) ;
#200 = DIRECTION ( 'NONE',  ( -3.402975690169335379E-14, -0.9867625124381881330, -0.1621719582624404354 ) ) ;
#201 = AXIS2_PLACEMENT_3D ( 'NONE', #352, #2419, #872 ) ;
#202 = AXIS2_PLACEMENT_3D ( 'NONE', #1139, #2625, #343 ) ;
#203 = ADVANCED_FACE ( 'NONE', ( #480 ), #1491, .T. ) ;
#204 = DIRECTION ( 'NONE',  ( -3.402814269370608065E-14, -0.9867625124381881330, -0.1621719582624404077 ) ) ;
#205 = VECTOR ( 'NONE', #3246, 39.37007874015748143 ) ;
#206 = DIRECTION ( 'NONE',  ( -0.000000000000000000, 0.9867625124381883550, 0.1621719582624384648 ) ) ;
#207 = ORIENTED_EDGE ( 'NONE', *, *, #1399, .T. ) ;
#208 = CARTESIAN_POINT ( 'NONE',  ( 8.487857854462811602, 20.16948158614385989, 36.68013876927980732 ) ) ;
#209 = LINE ( 'NONE', #1016, #2243 ) ;
#210 = ORIENTED_EDGE ( 'NONE', *, *, #529, .F. ) ;
#211 = ADVANCED_FACE ( 'NONE', ( #1250 ), #1012, .F. ) ;
#212 = CARTESIAN_POINT ( 'NONE',  ( 6.997688975322458482, 19.38007067635979652, 39.50934600017922094 ) ) ;
#213 = ADVANCED_FACE ( 'NONE', ( #2028 ), #2711, .F. ) ;
#214 = DIRECTION ( 'NONE',  ( 0.000000000000000000, 0.9793332441004248823, 0.2022532991071784580 ) ) ;
#215 = DIRECTION ( 'NONE',  ( -1.143062328833779843E-15, -0.1621719582624312483, 0.9867625124381896873 ) ) ;
#216 = EDGE_CURVE ( 'NONE', #2809, #2944, #787, .T. ) ;
#217 = DIRECTION ( 'NONE',  ( 0.000000000000000000, -0.1621719582624301381, 0.9867625124381897983 ) ) ;
#218 = VERTEX_POINT ( 'NONE', #1820 ) ;
#219 = CARTESIAN_POINT ( 'NONE',  ( 7.379714812824613723, 20.12893859657866713, 36.92682939738951831 ) ) ;
#220 = VERTEX_POINT ( 'NONE', #3153 ) ;
#221 = DIRECTION ( 'NONE',  ( 1.000000000000000000, -8.675313471576396839E-15, 5.278640160186358540E-14 ) ) ;
#222 = DIRECTION ( 'NONE',  ( -0.000000000000000000, 0.9867625124381881330, 0.1621719582624401301 ) ) ;
#223 = EDGE_LOOP ( 'NONE', ( #2819, #2861, #2367, #338 ) ) ;
#224 = CARTESIAN_POINT ( 'NONE',  ( 8.599221381018075760, 19.50447271579014696, 37.50595296972292658 ) ) ;
#225 = ORIENTED_EDGE ( 'NONE', *, *, #2014, .F. ) ;
#226 = CARTESIAN_POINT ( 'NONE',  ( 8.579650136177560782, 19.44618518010552677, 37.55095380027764662 ) ) ;
#227 = CARTESIAN_POINT ( 'NONE',  ( 9.122042475859199584, 19.54312802270996841, 37.32780702660755878 ) ) ;
#228 = DIRECTION ( 'NONE',  ( -0.000000000000000000, 0.9867625124381881330, 0.1621719582624402967 ) ) ;
#229 = ORIENTED_EDGE ( 'NONE', *, *, #802, .F. ) ;
#230 = FACE_OUTER_BOUND ( 'NONE', #3122, .T. ) ;
#231 = EDGE_CURVE ( 'NONE', #180, #3228, #2365, .T. ) ;
#232 = EDGE_CURVE ( 'NONE', #1169, #2914, #2505, .T. ) ;
#233 = ORIENTED_EDGE ( 'NONE', *, *, #3239, .F. ) ;
#234 = DIRECTION ( 'NONE',  ( -3.403010680006646082E-14, -0.9867625124381881330, -0.1621719582624404077 ) ) ;
#235 = CARTESIAN_POINT ( 'NONE',  ( 8.651531736825115004, 19.66364059169930201, 36.59700506324114855 ) ) ;
#236 = ORIENTED_EDGE ( 'NONE', *, *, #2056, .T. ) ;
#237 = DIRECTION ( 'NONE',  ( -0.04927818435184642964, -0.1619749342972592876, 0.9855636870372121994 ) ) ;
#238 = FACE_OUTER_BOUND ( 'NONE', #1931, .T. ) ;
#239 = VECTOR ( 'NONE', #1848, 39.37007874015748143 ) ;
#240 =( CONVERSION_BASED_UNIT ( 'INCH', #473 ) LENGTH_UNIT ( ) NAMED_UNIT ( #2778 ) );
#241 = ADVANCED_FACE ( 'NONE', ( #2849, #527, #254, #2630, #1572, #839, #1877 ), #3124, .F. ) ;
#242 = CARTESIAN_POINT ( 'NONE',  ( 9.121346259920962041, 19.46369422819342887, 37.44441705700943146 ) ) ;
#243 = AXIS2_PLACEMENT_3D ( 'NONE', #1524, #2061, #3089 ) ;
#244 = DIRECTION ( 'NONE',  ( -1.000000000000000000, -7.586647260909618184E-15, 1.894604045528020026E-16 ) ) ;
#245 = AXIS2_PLACEMENT_3D ( 'NONE', #1551, #1002, #2600 ) ;
#246 = CARTESIAN_POINT ( 'NONE',  ( 9.012515409690690760, 19.60922153258640321, 39.70374176033661229 ) ) ;
#247 = CIRCLE ( 'NONE', #1110, 0.1244999999999983620 ) ;
#248 = ORIENTED_EDGE ( 'NONE', *, *, #1837, .T. ) ;
#249 = CARTESIAN_POINT ( 'NONE',  ( 7.231700435963832163, 19.18558990123694841, 39.93820777597196781 ) ) ;
#250 = ADVANCED_FACE ( 'NONE', ( #544, #2340 ), #1538, .F. ) ;
#251 = AXIS2_PLACEMENT_3D ( 'NONE', #78, #2850, #1113 ) ;
#252 = EDGE_CURVE ( 'NONE', #3257, #1023, #2057, .T. ) ;
#253 = AXIS2_PLACEMENT_3D ( 'NONE', #3163, #2140, #3180 ) ;
#254 = FACE_BOUND ( 'NONE', #383, .T. ) ;
#255 = ORIENTED_EDGE ( 'NONE', *, *, #909, .T. ) ;
#256 = AXIS2_PLACEMENT_3D ( 'NONE', #2705, #1711, #2484 ) ;
#257 = CARTESIAN_POINT ( 'NONE',  ( 7.379714812829573312, 20.54272719438430173, 37.10681688675398959 ) ) ;
#258 = CARTESIAN_POINT ( 'NONE',  ( 7.379714812829559101, 19.69229618482794564, 36.85506830585882909 ) ) ;
#259 = CARTESIAN_POINT ( 'NONE',  ( 8.947021680524299470, 19.45442611903148844, 37.50081042352215377 ) ) ;
#260 = CARTESIAN_POINT ( 'NONE',  ( -15743.40903732093284, 19.68296571188554012, 39.64042630668691913 ) ) ;
#261 = CARTESIAN_POINT ( 'NONE',  ( 7.793420677180297851, 20.08839560701577298, 37.17352002549930035 ) ) ;
#262 = VERTEX_POINT ( 'NONE', #2097 ) ;
#263 = EDGE_CURVE ( 'NONE', #2005, #720, #1560, .T. ) ;
#264 = ORIENTED_EDGE ( 'NONE', *, *, #3205, .T. ) ;
#265 = CARTESIAN_POINT ( 'NONE',  ( 6.982004162895239396, 19.58274794968386345, 39.86482472106337127 ) ) ;
#266 = VERTEX_POINT ( 'NONE', #628 ) ;
#267 = ADVANCED_FACE ( 'NONE', ( #1127 ), #3192, .F. ) ;
#268 = CARTESIAN_POINT ( 'NONE',  ( 7.113953653047357051, 20.01645934303992647, 37.22583491808380529 ) ) ;
#269 = FACE_OUTER_BOUND ( 'NONE', #3203, .T. ) ;
#270 = ORIENTED_EDGE ( 'NONE', *, *, #2287, .T. ) ;
#271 = LINE ( 'NONE', #2561, #2029 ) ;
#272 = DIRECTION ( 'NONE',  ( -1.105331624839944414E-11, -0.9867625124381931290, -0.1621719582624097378 ) ) ;
#273 = LINE ( 'NONE', #1064, #2202 ) ;
#274 = CARTESIAN_POINT ( 'NONE',  ( 9.008171231983684635, 19.45869473431470809, 37.47483731706009280 ) ) ;
#275 = DIRECTION ( 'NONE',  ( 0.000000000000000000, -0.9867625124381883550, -0.1621719582624384648 ) ) ;
#276 = CARTESIAN_POINT ( 'NONE',  ( 7.052131006697295312, 19.39189858463651817, 39.42284324767726389 ) ) ;
#277 = VERTEX_POINT ( 'NONE', #3207 ) ;
#278 =( BOUNDED_CURVE ( )  B_SPLINE_CURVE ( 3, ( #2189, #3271, #381, #1973 ),
 .UNSPECIFIED., .F., .T. ) 
 B_SPLINE_CURVE_WITH_KNOTS ( ( 4, 4 ),
 ( 0.000000000000000000, 1.000000000000000000 ),
 .UNSPECIFIED. ) 
 CURVE ( )  GEOMETRIC_REPRESENTATION_ITEM ( )  RATIONAL_B_SPLINE_CURVE ( ( 1.000000000000000000, 0.4580860689702004329, 0.4580860689702004329, 1.000000000000000000 ) ) 
 REPRESENTATION_ITEM ( '' )  );
#279 = ORIENTED_EDGE ( 'NONE', *, *, #9, .F. ) ;
#280 = CARTESIAN_POINT ( 'NONE',  ( 9.151259991889615364, 18.99709763492551318, 36.75329897142843549 ) ) ;
#281 = LINE ( 'NONE', #800, #1450 ) ;
#282 = ORIENTED_EDGE ( 'NONE', *, *, #455, .F. ) ;
#283 = DIRECTION ( 'NONE',  ( 4.991119498920738980E-18, 0.9925520697018206384, 0.1218211349915612751 ) ) ;
#284 = DIRECTION ( 'NONE',  ( -0.000000000000000000, 0.9867625124381881330, 0.1621719582624401301 ) ) ;
#285 = LINE ( 'NONE', #2647, #3006 ) ;
#286 = ADVANCED_FACE ( 'NONE', ( #348 ), #642, .T. ) ;
#287 = EDGE_CURVE ( 'NONE', #869, #3060, #2644, .T. ) ;
#288 = CARTESIAN_POINT ( 'NONE',  ( 8.753549341958880348, 20.05621131959694026, 40.06710442406855321 ) ) ;
#289 = DIRECTION ( 'NONE',  ( 0.000000000000000000, -0.1621719582624240319, 0.9867625124381906865 ) ) ;
#290 = VECTOR ( 'NONE', #983, 39.37007874015748143 ) ;
#291 = VERTEX_POINT ( 'NONE', #871 ) ;
#292 = DIRECTION ( 'NONE',  ( -0.04927818435184642964, -0.1619749342972593154, 0.9855636870372123104 ) ) ;
#293 = ORIENTED_EDGE ( 'NONE', *, *, #1399, .F. ) ;
#294 = VECTOR ( 'NONE', #3090, 39.37007874015748143 ) ;
#295 = FACE_OUTER_BOUND ( 'NONE', #3141, .T. ) ;
#296 = CARTESIAN_POINT ( 'NONE',  ( 7.231700435955893624, 19.64242272179185278, 39.88711693470472852 ) ) ;
#297 =( BOUNDED_CURVE ( )  B_SPLINE_CURVE ( 3, ( #692, #962, #2002, #2031 ),
 .UNSPECIFIED., .F., .T. ) 
 B_SPLINE_CURVE_WITH_KNOTS ( ( 4, 4 ),
 ( 5.355890089179923486, 6.234290683425664170 ),
 .UNSPECIFIED. ) 
 CURVE ( )  GEOMETRIC_REPRESENTATION_ITEM ( )  RATIONAL_B_SPLINE_CURVE ( ( 1.000000000000000000, 0.9367279992625696661, 0.9367279992625696661, 1.000000000000000000 ) ) 
 REPRESENTATION_ITEM ( '' )  );
#298 = ORIENTED_EDGE ( 'NONE', *, *, #2195, .F. ) ;
#299 = VECTOR ( 'NONE', #2255, 39.37007874015748143 ) ;
#300 = ORIENTED_EDGE ( 'NONE', *, *, #2993, .F. ) ;
#301 = EDGE_LOOP ( 'NONE', ( #1038, #893, #115, #1434, #3294 ) ) ;
#302 = VECTOR ( 'NONE', #3232, 39.37007874015748143 ) ;
#303 = CARTESIAN_POINT ( 'NONE',  ( 7.231700435963846374, 20.09205132237298130, 39.84902990881971618 ) ) ;
#304 = EDGE_CURVE ( 'NONE', #2965, #2531, #1673, .T. ) ;
#305 = CARTESIAN_POINT ( 'NONE',  ( 9.014949151920932380, 19.12872831601504231, 39.57478434121213695 ) ) ;
#306 = CARTESIAN_POINT ( 'NONE',  ( 8.901563718819863524, 20.16948158615047149, 36.68013876928089445 ) ) ;
#307 = VECTOR ( 'NONE', #860, 39.37007874015748143 ) ;
#308 = CIRCLE ( 'NONE', #2563, 0.06249999999999858447 ) ;
#309 = CARTESIAN_POINT ( 'NONE',  ( -105.3844199840013403, -11605.84337658994627, 447.5666808954918565 ) ) ;
#310 = FACE_OUTER_BOUND ( 'NONE', #543, .T. ) ;
#311 = CARTESIAN_POINT ( 'NONE',  ( 7.047892895932674762, 19.37601170045819288, 39.51950966223071049 ) ) ;
#312 = VECTOR ( 'NONE', #1044, 39.37007874015748143 ) ;
#313 = ORIENTED_EDGE ( 'NONE', *, *, #418, .F. ) ;
#314 = CARTESIAN_POINT ( 'NONE',  ( 8.113720724105631277, 19.77437044484890549, 40.16215598129947040 ) ) ;
#315 = ORIENTED_EDGE ( 'NONE', *, *, #1077, .T. ) ;
#316 = CIRCLE ( 'NONE', #2842, 0.1399999999999983480 ) ;
#317 = CARTESIAN_POINT ( 'NONE',  ( 8.753549341960757957, 18.76815999907085697, 39.74343403634448890 ) ) ;
#318 = CARTESIAN_POINT ( 'NONE',  ( -64.06392887996939578, -11577.72350838611055, -365.2840412202004927 ) ) ;
#319 = EDGE_CURVE ( 'NONE', #1270, #2270, #2578, .T. ) ;
#320 = ORIENTED_EDGE ( 'NONE', *, *, #442, .T. ) ;
#321 = CARTESIAN_POINT ( 'NONE',  ( 7.153422644340534653, 19.78191088008330567, 37.38887342317686091 ) ) ;
#322 = ORIENTED_EDGE ( 'NONE', *, *, #806, .F. ) ;
#323 = DIRECTION ( 'NONE',  ( 0.000000000000000000, 0.1621719582624369937, -0.9867625124381886881 ) ) ;
#324 = CARTESIAN_POINT ( 'NONE',  ( 7.110123304553485291, 19.79085639474198643, 37.26743376811052855 ) ) ;
#325 = ORIENTED_EDGE ( 'NONE', *, *, #2045, .F. ) ;
#326 = CARTESIAN_POINT ( 'NONE',  ( 8.901563718824586857, 19.67437618343990025, 36.96410556348322274 ) ) ;
#327 = ORIENTED_EDGE ( 'NONE', *, *, #2959, .T. ) ;
#328 = CARTESIAN_POINT ( 'NONE',  ( 9.015210132020019529, 19.61807895049262029, 39.64984731374504889 ) ) ;
#329 = CARTESIAN_POINT ( 'NONE',  ( 7.130018539756344254, 20.13093648149166981, 36.91467293113941395 ) ) ;
#330 = VERTEX_POINT ( 'NONE', #1660 ) ;
#331 = EDGE_CURVE ( 'NONE', #2955, #2272, #446, .T. ) ;
#332 = EDGE_CURVE ( 'NONE', #541, #1619, #1650, .T. ) ;
#333 = CARTESIAN_POINT ( 'NONE',  ( 7.241172827765851139, 19.63398840579138493, 39.55304356142958255 ) ) ;
#334 = DIRECTION ( 'NONE',  ( 0.000000000000000000, -0.1621719582624454037, 0.9867625124381872448 ) ) ;
#335 = DIRECTION ( 'NONE',  ( -0.006297178994485893438, -0.9993710116692215983, -0.03489880473523086779 ) ) ;
#336 = DIRECTION ( 'NONE',  ( -1.000000000000000000, -8.648997280818965831E-15, -5.421444998832669746E-16 ) ) ;
#337 = DIRECTION ( 'NONE',  ( -0.000000000000000000, 0.9867625124381881330, 0.1621719582624402967 ) ) ;
#338 = ORIENTED_EDGE ( 'NONE', *, *, #442, .F. ) ;
#339 = ADVANCED_FACE ( 'NONE', ( #2970 ), #1413, .T. ) ;
#340 = CARTESIAN_POINT ( 'NONE',  ( 7.846859990996230216, 19.77437044484890194, 40.16215598129947040 ) ) ;
#341 = ORIENTED_EDGE ( 'NONE', *, *, #1956, .T. ) ;
#342 = DIRECTION ( 'NONE',  ( 0.000000000000000000, 0.1621719582624240319, -0.9867625124381906865 ) ) ;
#343 = DIRECTION ( 'NONE',  ( 0.000000000000000000, -0.1621719582624354949, 0.9867625124381889101 ) ) ;
#344 = DIRECTION ( 'NONE',  ( -0.000000000000000000, 0.9867625124381883550, 0.1621719582624384648 ) ) ;
#345 = VECTOR ( 'NONE', #515, 39.37007874015748143 ) ;
#346 = VERTEX_POINT ( 'NONE', #2656 ) ;
#347 = VECTOR ( 'NONE', #417, 39.37007874015748854 ) ;
#348 = FACE_OUTER_BOUND ( 'NONE', #146, .T. ) ;
#349 = ADVANCED_FACE ( 'NONE', ( #404 ), #1946, .T. ) ;
#350 = EDGE_CURVE ( 'NONE', #2095, #1277, #769, .T. ) ;
#351 = CIRCLE ( 'NONE', #3321, 0.1105000000000027904 ) ;
#352 = CARTESIAN_POINT ( 'NONE',  ( 7.379714812829559989, 20.06726593955713511, 36.91669364999900438 ) ) ;
#353 = VECTOR ( 'NONE', #2470, 39.37007874015748143 ) ;
#354 = CARTESIAN_POINT ( 'NONE',  ( 7.033452155487029067, 19.63398840579138849, 39.55304356142958255 ) ) ;
#355 = DIRECTION ( 'NONE',  ( 0.000000000000000000, -0.1621719582624312761, 0.9867625124381895763 ) ) ;
#356 = EDGE_CURVE ( 'NONE', #2508, #3234, #138, .T. ) ;
#357 = ORIENTED_EDGE ( 'NONE', *, *, #724, .F. ) ;
#358 = AXIS2_PLACEMENT_3D ( 'NONE', #629, #1431, #1166 ) ;
#359 = DIRECTION ( 'NONE',  ( 0.000000000000000000, -0.1621719582624301381, 0.9867625124381897983 ) ) ;
#360 = CARTESIAN_POINT ( 'NONE',  ( 7.105859854480037541, 19.74299148805195969, 37.34713941602235820 ) ) ;
#361 = ORIENTED_EDGE ( 'NONE', *, *, #1244, .T. ) ;
#362 = CIRCLE ( 'NONE', #1398, 0.1399999999999983480 ) ;
#363 = CARTESIAN_POINT ( 'NONE',  ( 7.599828354436651168, 19.81376874950695921, 37.49515211422510674 ) ) ;
#364 = CARTESIAN_POINT ( 'NONE',  ( 8.970562908156454185, 19.63398840578938831, 39.55304356142952571 ) ) ;
#365 = AXIS2_PLACEMENT_3D ( 'NONE', #928, #1969, #664 ) ;
#366 = CARTESIAN_POINT ( 'NONE',  ( 7.080418276511565523, 19.56580896333598218, 39.47993006067347466 ) ) ;
#367 = VERTEX_POINT ( 'NONE', #157 ) ;
#368 = CARTESIAN_POINT ( 'NONE',  ( 8.901563718824588634, 20.08997001371115232, 36.77854689825718992 ) ) ;
#369 = ORIENTED_EDGE ( 'NONE', *, *, #1802, .F. ) ;
#370 = CARTESIAN_POINT ( 'NONE',  ( 8.901563718824588634, 20.08997001371115232, 36.77854689825718992 ) ) ;
#371 = DIRECTION ( 'NONE',  ( 1.000000000000000000, -2.225319200216541633E-14, -7.393630105328105573E-16 ) ) ;
#372 = DIRECTION ( 'NONE',  ( 1.000000000000000000, 6.646219136279673898E-15, 2.698266642799398426E-16 ) ) ;
#373 = CARTESIAN_POINT ( 'NONE',  ( 6.993545502077791021, 19.62068375596317082, 39.63399793746513211 ) ) ;
#374 = VERTEX_POINT ( 'NONE', #1111 ) ;
#375 = LINE ( 'NONE', #1420, #2081 ) ;
#376 = EDGE_CURVE ( 'NONE', #2266, #218, #2713, .T. ) ;
#377 = DIRECTION ( 'NONE',  ( -1.000000000000000000, 2.225319200216541948E-14, 7.393630105328112475E-16 ) ) ;
#378 = ORIENTED_EDGE ( 'NONE', *, *, #74, .F. ) ;
#379 = CARTESIAN_POINT ( 'NONE',  ( 7.379714812829573312, 20.12893859658138140, 36.92682939738988779 ) ) ;
#380 = ORIENTED_EDGE ( 'NONE', *, *, #1203, .T. ) ;
#381 = CARTESIAN_POINT ( 'NONE',  ( 7.642353440615812232, 19.07012202005363122, 36.49946176602865222 ) ) ;
#382 = CARTESIAN_POINT ( 'NONE',  ( 9.133136858954905790, 20.00569822052900193, 37.29131277504503572 ) ) ;
#383 = EDGE_LOOP ( 'NONE', ( #3052, #776 ) ) ;
#384 = LINE ( 'NONE', #104, #3061 ) ;
#385 = CARTESIAN_POINT ( 'NONE',  ( 8.958419212790303732, 19.13873558172560507, 39.42168250945763219 ) ) ;
#386 = CARTESIAN_POINT ( 'NONE',  ( 8.455149620356239737, 19.03695819385639254, 40.04096411670833788 ) ) ;
#387 =( BOUNDED_CURVE ( )  B_SPLINE_CURVE ( 3, ( #2068, #745, #17, #2537 ),
 .UNSPECIFIED., .F., .T. ) 
 B_SPLINE_CURVE_WITH_KNOTS ( ( 4, 4 ),
 ( 3.997097273211853263, 5.427680687556608596 ),
 .UNSPECIFIED. ) 
 CURVE ( )  GEOMETRIC_REPRESENTATION_ITEM ( )  RATIONAL_B_SPLINE_CURVE ( ( 1.000000000000000000, 0.8366013071899175424, 0.8366013071899175424, 1.000000000000000000 ) ) 
 REPRESENTATION_ITEM ( '' )  );
#388 = CYLINDRICAL_SURFACE ( 'NONE', #201, 0.1104999999999981414 ) ;
#389 = ORIENTED_EDGE ( 'NONE', *, *, #2278, .T. ) ;
#390 = LINE ( 'NONE', #2734, #3223 ) ;
#391 = ORIENTED_EDGE ( 'NONE', *, *, #2765, .T. ) ;
#392 = LINE ( 'NONE', #875, #1982 ) ;
#393 = CARTESIAN_POINT ( 'NONE',  ( 7.112000719045489028, 19.81515455016695881, 37.23286463635328403 ) ) ;
#394 = EDGE_CURVE ( 'NONE', #2254, #2645, #890, .T. ) ;
#395 = CARTESIAN_POINT ( 'NONE',  ( 6.995295064166228372, 19.38463192920263012, 39.55926704956452511 ) ) ;
#396 = ADVANCED_FACE ( 'NONE', ( #2213 ), #581, .F. ) ;
#397 = ORIENTED_EDGE ( 'NONE', *, *, #1031, .T. ) ;
#398 = DIRECTION ( 'NONE',  ( 0.000000000000000000, -0.1621719582624312761, 0.9867625124381895763 ) ) ;
#399 = CARTESIAN_POINT ( 'NONE',  ( 8.901563718826448479, 19.25467587385814738, 36.78314649902959133 ) ) ;
#400 = CARTESIAN_POINT ( 'NONE',  ( 7.379714812824630599, 20.12893859658138140, 36.92682939738987358 ) ) ;
#401 = DIRECTION ( 'NONE',  ( 0.000000000000000000, -0.1621719582624240319, 0.9867625124381906865 ) ) ;
#402 = ORIENTED_EDGE ( 'NONE', *, *, #2789, .F. ) ;
#403 = AXIS2_PLACEMENT_3D ( 'NONE', #2042, #206, #989 ) ;
#404 = FACE_OUTER_BOUND ( 'NONE', #2928, .T. ) ;
#405 =( GEOMETRIC_REPRESENTATION_CONTEXT ( 3 ) GLOBAL_UNCERTAINTY_ASSIGNED_CONTEXT ( ( #1011 ) ) GLOBAL_UNIT_ASSIGNED_CONTEXT ( ( #416, #2491, #1197 ) ) REPRESENTATION_CONTEXT ( 'NONE', 'WORKASPACE' ) );
#406 = ADVANCED_FACE ( 'NONE', ( #2917 ), #3277, .T. ) ;
#407 = CARTESIAN_POINT ( 'NONE',  ( 15752.72796199299410, 20.60119018548000724, 36.75108900100374143 ) ) ;
#408 = PLANE ( 'NONE',  #2781 ) ;
#409 = DIRECTION ( 'NONE',  ( 0.000000000000000000, 0.1621719582624386313, -0.9867625124381884660 ) ) ;
#410 = VERTEX_POINT ( 'NONE', #2231 ) ;
#411 = AXIS2_PLACEMENT_3D ( 'NONE', #1071, #2109, #3119 ) ;
#412 = CARTESIAN_POINT ( 'NONE',  ( -15743.40903732093284, 19.68296571188554012, 39.64042630668691913 ) ) ;
#413 = DIRECTION ( 'NONE',  ( -3.403073829338481831E-14, -0.9867625124381881330, -0.1621719582624404354 ) ) ;
#414 = CIRCLE ( 'NONE', #1610, 0.1406000000000001138 ) ;
#415 = AXIS2_PLACEMENT_3D ( 'NONE', #1880, #2904, #2080 ) ;
#416 =( CONVERSION_BASED_UNIT ( 'INCH', #1473 ) LENGTH_UNIT ( ) NAMED_UNIT ( #1766 ) );
#417 = DIRECTION ( 'NONE',  ( 1.105904777265654779E-11, 0.9867625124381885771, 0.1621719582624365219 ) ) ;
#418 = EDGE_CURVE ( 'NONE', #1384, #1795, #1234, .T. ) ;
#419 = EDGE_LOOP ( 'NONE', ( #2332, #1815 ) ) ;
#420 = DIRECTION ( 'NONE',  ( 8.741913579725708563E-15, -0.1621719582624414069, 0.9867625124381879109 ) ) ;
#421 = DIRECTION ( 'NONE',  ( 0.000000000000000000, -0.1621719582624312761, 0.9867625124381895763 ) ) ;
#422 = ORIENTED_EDGE ( 'NONE', *, *, #2461, .T. ) ;
#423 = DIRECTION ( 'NONE',  ( 0.000000000000000000, -0.1621719582624433220, 0.9867625124381875779 ) ) ;
#424 = DIRECTION ( 'NONE',  ( -3.771259033587318685E-17, -0.03489949670249622299, 0.9993908270190959842 ) ) ;
#425 = ORIENTED_EDGE ( 'NONE', *, *, #1514, .F. ) ;
#426 = ORIENTED_EDGE ( 'NONE', *, *, #3308, .T. ) ;
#427 = DIRECTION ( 'NONE',  ( 0.000000000000000000, -0.1621719582624464862, 0.9867625124381870227 ) ) ;
#428 = EDGE_CURVE ( 'NONE', #685, #818, #705, .T. ) ;
#429 = FACE_OUTER_BOUND ( 'NONE', #798, .T. ) ;
#430 = ORIENTED_EDGE ( 'NONE', *, *, #2847, .F. ) ;
#431 = EDGE_CURVE ( 'NONE', #1451, #1223, #965, .T. ) ;
#432 = EDGE_CURVE ( 'NONE', #3286, #982, #1964, .T. ) ;
#433 = DIRECTION ( 'NONE',  ( 0.000000000000000000, 0.1621719582624384648, -0.9867625124381884660 ) ) ;
#434 = FACE_BOUND ( 'NONE', #2811, .T. ) ;
#435 = ORIENTED_EDGE ( 'NONE', *, *, #2092, .T. ) ;
#436 = CARTESIAN_POINT ( 'NONE',  ( 7.231700435963833051, 19.56283006338181707, 39.98601844493799007 ) ) ;
#437 = CYLINDRICAL_SURFACE ( 'NONE', #1230, 0.2500000000000020539 ) ;
#438 = ORIENTED_EDGE ( 'NONE', *, *, #1307, .T. ) ;
#439 = LENGTH_MEASURE_WITH_UNIT ( LENGTH_MEASURE( 0.02539999999999999897 ), #572 );
#440 = CARTESIAN_POINT ( 'NONE',  ( -15743.67739252908541, 19.03127585753997764, 41.61711278687989335 ) ) ;
#441 = DIRECTION ( 'NONE',  ( 4.079890020853871236E-18, 0.9916174987123095308, 0.1292081121584196246 ) ) ;
#442 = EDGE_CURVE ( 'NONE', #51, #2937, #2759, .T. ) ;
#443 = ORIENTED_EDGE ( 'NONE', *, *, #3162, .T. ) ;
#444 = CARTESIAN_POINT ( 'NONE',  ( 15752.44993685214286, 19.99338372262470287, 37.36624240329425106 ) ) ;
#445 = DIRECTION ( 'NONE',  ( 1.105331651361216332E-11, 0.9867625124381931290, 0.1621719582624097933 ) ) ;
#446 = CIRCLE ( 'NONE', #3043, 0.2499999999999977518 ) ;
#447 = ADVANCED_FACE ( 'NONE', ( #3295 ), #2013, .T. ) ;
#448 = EDGE_CURVE ( 'NONE', #2914, #1169, #2023, .T. ) ;
#449 = CARTESIAN_POINT ( 'NONE',  ( 7.231700435966176954, 18.51257964505207809, 39.70143004249370478 ) ) ;
#451 = ORIENTED_EDGE ( 'NONE', *, *, #1418, .T. ) ;
#450 = AXIS2_PLACEMENT_3D ( 'NONE', #1320, #62, #2882 ) ;
#452 = CARTESIAN_POINT ( 'NONE',  ( 7.818089739991471276, 20.16948158614696851, 36.68013876928036865 ) ) ;
#453 = EDGE_CURVE ( 'NONE', #2256, #966, #1591, .T. ) ;
#454 = AXIS2_PLACEMENT_3D ( 'NONE', #3222, #1444, #1659 ) ;
#455 = EDGE_CURVE ( 'NONE', #2087, #2858, #462, .T. ) ;
#456 = ORIENTED_EDGE ( 'NONE', *, *, #2596, .T. ) ;
#457 = ORIENTED_EDGE ( 'NONE', *, *, #1208, .F. ) ;
#458 = CIRCLE ( 'NONE', #1979, 0.1406000000000001138 ) ;
#459 = LINE ( 'NONE', #3317, #1597 ) ;
#460 = VERTEX_POINT ( 'NONE', #3003 ) ;
#461 = AXIS2_PLACEMENT_3D ( 'NONE', #1080, #3143, #1839 ) ;
#462 = LINE ( 'NONE', #3258, #137 ) ;
#463 = AXIS2_PLACEMENT_3D ( 'NONE', #1761, #2581, #534 ) ;
#464 = ORIENTED_EDGE ( 'NONE', *, *, #2341, .F. ) ;
#465 = ORIENTED_EDGE ( 'NONE', *, *, #986, .F. ) ;
#466 = AXIS2_PLACEMENT_3D ( 'NONE', #1723, #2471, #2977 ) ;
#467 = CARTESIAN_POINT ( 'NONE',  ( 7.304881402318030403, 19.70018676416626136, 37.54701205067162562 ) ) ;
#468 = AXIS2_PLACEMENT_3D ( 'NONE', #1827, #292, #1331 ) ;
#469 = VERTEX_POINT ( 'NONE', #2527 ) ;
#470 = DIRECTION ( 'NONE',  ( -1.105932769459274434E-11, -0.9867625124381896873, -0.1621719582624308875 ) ) ;
#471 = DIRECTION ( 'NONE',  ( -0.000000000000000000, 0.9867625124381881330, 0.1621719582624401301 ) ) ;
#472 = ORIENTED_EDGE ( 'NONE', *, *, #670, .T. ) ;
#473 = LENGTH_MEASURE_WITH_UNIT ( LENGTH_MEASURE( 0.02539999999999999897 ), #3112 );
#474 = EDGE_CURVE ( 'NONE', #3234, #1741, #3315, .T. ) ;
#475 = CARTESIAN_POINT ( 'NONE',  ( 8.913711030091645782, 19.45329768309273888, 37.50767658149885619 ) ) ;
#476 = CARTESIAN_POINT ( 'NONE',  ( 7.818089739991471276, 20.16948158614696851, 36.68013876928036865 ) ) ;
#477 = CARTESIAN_POINT ( 'NONE',  ( 6.990019983952278970, 19.41420995750130274, 39.67247933821808914 ) ) ;
#478 = ORIENTED_EDGE ( 'NONE', *, *, #1612, .T. ) ;
#479 = DIRECTION ( 'NONE',  ( -3.199540370179604708E-12, -0.1621719582624499278, 0.9867625124381865787 ) ) ;
#480 = FACE_OUTER_BOUND ( 'NONE', #1121, .T. ) ;
#481 = ORIENTED_EDGE ( 'NONE', *, *, #2657, .F. ) ;
#482 = DIRECTION ( 'NONE',  ( 0.000000000000000000, 0.1621719582624386313, -0.9867625124381884660 ) ) ;
#483 = ORIENTED_EDGE ( 'NONE', *, *, #661, .F. ) ;
#484 = CARTESIAN_POINT ( 'NONE',  ( 9.003548519495220503, 19.51124014762378422, 37.47567346825637458 ) ) ;
#485 = CARTESIAN_POINT ( 'NONE',  ( 8.880466594952359571, 19.50447271579016117, 37.50595296972292658 ) ) ;
#486 = EDGE_LOOP ( 'NONE', ( #2841, #3151, #1229, #325 ) ) ;
#487 = EDGE_CURVE ( 'NONE', #1526, #2983, #3063, .T. ) ;
#488 = LINE ( 'NONE', #538, #941 ) ;
#489 = ORIENTED_EDGE ( 'NONE', *, *, #1904, .T. ) ;
#490 = EDGE_CURVE ( 'NONE', #2902, #3202, #2540, .T. ) ;
#491 = CARTESIAN_POINT ( 'NONE',  ( 7.772105588516035724, 20.01833397362435818, 37.59982179880545772 ) ) ;
#492 = CARTESIAN_POINT ( 'NONE',  ( 7.224183919241772500, 19.76720917653990384, 37.45845674036846873 ) ) ;
#493 = CARTESIAN_POINT ( 'NONE',  ( 7.231700435963846374, 20.07413132098498210, 39.95806716644413825 ) ) ;
#494 = ORIENTED_EDGE ( 'NONE', *, *, #190, .T. ) ;
#495 = LINE ( 'NONE', #257, #2885 ) ;
#496 = EDGE_CURVE ( 'NONE', #2768, #1526, #744, .T. ) ;
#497 = CARTESIAN_POINT ( 'NONE',  ( 8.753549341958917651, 20.03358833141976092, 40.20475779455370713 ) ) ;
#498 = AXIS2_PLACEMENT_3D ( 'NONE', #1143, #90, #1430 ) ;
#499 = CARTESIAN_POINT ( 'NONE',  ( 9.125056848091162465, 19.48438587563533275, 37.31851525353909693 ) ) ;
#500 = AXIS2_PLACEMENT_3D ( 'NONE', #1231, #1716, #967 ) ;
#501 = CARTESIAN_POINT ( 'NONE',  ( 9.122188595434728597, 19.46646294301853430, 37.42757034673218897 ) ) ;
#502 = CARTESIAN_POINT ( 'NONE',  ( 7.176179632784456253, 19.45981840145200081, 39.44232740142369664 ) ) ;
#503 = ORIENTED_EDGE ( 'NONE', *, *, #2003, .T. ) ;
#504 = AXIS2_PLACEMENT_3D ( 'NONE', #2570, #32, #3304 ) ;
#505 = VERTEX_POINT ( 'NONE', #1467 ) ;
#506 = FACE_OUTER_BOUND ( 'NONE', #223, .T. ) ;
#507 = VECTOR ( 'NONE', #2631, 39.37007874015747433 ) ;
#508 = ORIENTED_EDGE ( 'NONE', *, *, #593, .F. ) ;
#509 = CARTESIAN_POINT ( 'NONE',  ( 7.231700435963846374, 19.66034272317995502, 39.77807967707968118 ) ) ;
#510 = DIRECTION ( 'NONE',  ( 0.000000000000000000, 0.1621719582624329414, -0.9867625124381893542 ) ) ;
#511 = VERTEX_POINT ( 'NONE', #674 ) ;
#512 = EDGE_CURVE ( 'NONE', #1259, #266, #3121, .T. ) ;
#513 = EDGE_CURVE ( 'NONE', #2272, #3234, #748, .T. ) ;
#514 = AXIS2_PLACEMENT_3D ( 'NONE', #1809, #1826, #289 ) ;
#515 = DIRECTION ( 'NONE',  ( 1.266348137463069179E-16, 0.9867625124381895763, 0.1621719582624315537 ) ) ;
#516 = CARTESIAN_POINT ( 'NONE',  ( 9.151259991895500434, 20.06526805464069341, 36.92885011624795055 ) ) ;
#517 = AXIS2_PLACEMENT_3D ( 'NONE', #2106, #3131, #1518 ) ;
#518 = LINE ( 'NONE', #3045, #2612 ) ;
#519 = DIRECTION ( 'NONE',  ( 0.04862741781212284731, 0.000000000000000000, -0.9988169873590083681 ) ) ;
#520 = PLANE ( 'NONE',  #2774 ) ;
#521 = ORIENTED_EDGE ( 'NONE', *, *, #670, .F. ) ;
#522 = VERTEX_POINT ( 'NONE', #36 ) ;
#523 = DIRECTION ( 'NONE',  ( 0.000000000000000000, -0.1621719582624369937, 0.9867625124381886881 ) ) ;
#524 = ORIENTED_EDGE ( 'NONE', *, *, #631, .F. ) ;
#525 = LINE ( 'NONE', #1797, #2551 ) ;
#526 = EDGE_LOOP ( 'NONE', ( #913, #1316, #1599, #3188 ) ) ;
#527 = FACE_BOUND ( 'NONE', #2012, .T. ) ;
#528 = EDGE_CURVE ( 'NONE', #1795, #1590, #3085, .T. ) ;
#529 = EDGE_CURVE ( 'NONE', #982, #1088, #525, .T. ) ;
#530 = ORIENTED_EDGE ( 'NONE', *, *, #350, .T. ) ;
#531 = CARTESIAN_POINT ( 'NONE',  ( 8.827556530392101308, 19.54464837159184043, 38.49341151875584899 ) ) ;
#532 = DIRECTION ( 'NONE',  ( 1.000000000000000000, 0.000000000000000000, 0.000000000000000000 ) ) ;
#533 = DIRECTION ( 'NONE',  ( 6.909123935491074417E-15, -0.9867625124381895763, -0.1621719582624309153 ) ) ;
#534 = DIRECTION ( 'NONE',  ( 0.000000000000000000, -0.9993908270190957621, 0.03489949670250108715 ) ) ;
#535 = CARTESIAN_POINT ( 'NONE',  ( 7.239969503443724363, 19.39011238483862698, 39.43371168029144513 ) ) ;
#536 = ORIENTED_EDGE ( 'NONE', *, *, #2235, .T. ) ;
#537 = ORIENTED_EDGE ( 'NONE', *, *, #688, .T. ) ;
#538 = CARTESIAN_POINT ( 'NONE',  ( 8.441873702986946171, 20.01833397362529254, 37.59982179880496034 ) ) ;
#539 = DIRECTION ( 'NONE',  ( 0.000000000000000000, 0.1621719582624240319, -0.9867625124381906865 ) ) ;
#540 = EDGE_CURVE ( 'NONE', #929, #1293, #2859, .T. ) ;
#541 = VERTEX_POINT ( 'NONE', #816 ) ;
#542 = DIRECTION ( 'NONE',  ( -8.621526009556628837E-15, 0.9867625124381885771, 0.1621719582624383815 ) ) ;
#543 = EDGE_LOOP ( 'NONE', ( #565, #2786, #883, #867 ) ) ;
#544 = FACE_BOUND ( 'NONE', #1083, .T. ) ;
#545 = DIRECTION ( 'NONE',  ( -0.000000000000000000, 0.9867625124381881330, 0.1621719582624401301 ) ) ;
#546 = ORIENTED_EDGE ( 'NONE', *, *, #1961, .T. ) ;
#547 = CARTESIAN_POINT ( 'NONE',  ( 7.305707624396662325, 19.59025112625522880, 38.21593390025823567 ) ) ;
#548 = EDGE_CURVE ( 'NONE', #2900, #2955, #1974, .T. ) ;
#549 = EDGE_CURVE ( 'NONE', #330, #2161, #3103, .T. ) ;
#550 = CARTESIAN_POINT ( 'NONE',  ( -105.4246643802065506, -11605.99452517762074, 443.2271713156295050 ) ) ;
#551 = VECTOR ( 'NONE', #108, 39.37007874015748143 ) ;
#552 = ORIENTED_EDGE ( 'NONE', *, *, #331, .F. ) ;
#553 = CARTESIAN_POINT ( 'NONE',  ( 8.753549341958880348, 20.09205132237293867, 39.84902990881970908 ) ) ;
#554 = ORIENTED_EDGE ( 'NONE', *, *, #1678, .F. ) ;
#555 = AXIS2_PLACEMENT_3D ( 'NONE', #1773, #2099, #2296 ) ;
#556 = DIRECTION ( 'NONE',  ( -1.075433412635312661E-14, 0.9867625124381884660, 0.1621719582624382427 ) ) ;
#557 = CARTESIAN_POINT ( 'NONE',  ( 7.351019976749729956, 19.69981759741599348, 37.54925830775518847 ) ) ;
#558 = ORIENTED_EDGE ( 'NONE', *, *, #1202, .T. ) ;
#559 = CONICAL_SURFACE ( 'NONE', #891, 0.1399999999999979872, 0.04076687465383490444 ) ;
#560 = CARTESIAN_POINT ( 'NONE',  ( 8.753549341960757957, 19.58075006476789426, 39.87698118731303509 ) ) ;
#561 = DIRECTION ( 'NONE',  ( -1.105932843088054914E-11, -0.9867625124381895763, -0.1621719582624308598 ) ) ;
#562 = ORIENTED_EDGE ( 'NONE', *, *, #1186, .T. ) ;
#563 = CIRCLE ( 'NONE', #461, 0.1406000000000001138 ) ;
#564 = VECTOR ( 'NONE', #3036, 39.37007874015748143 ) ;
#565 = ORIENTED_EDGE ( 'NONE', *, *, #1411, .T. ) ;
#566 = CONICAL_SURFACE ( 'NONE', #3111, 0.1399999999999983480, 0.04076687465383467546 ) ;
#567 = FACE_OUTER_BOUND ( 'NONE', #2792, .T. ) ;
#568 = CARTESIAN_POINT ( 'NONE',  ( 8.524951286171006615, 19.63398840578939542, 39.55304356142952571 ) ) ;
#569 = VECTOR ( 'NONE', #1885, 39.37007874015748854 ) ;
#570 = ORIENTED_EDGE ( 'NONE', *, *, #845, .T. ) ;
#571 = EDGE_CURVE ( 'NONE', #511, #1109, #3171, .T. ) ;
#572 =( LENGTH_UNIT ( ) NAMED_UNIT ( * ) SI_UNIT ( $, .METRE. ) );
#573 = ORIENTED_EDGE ( 'NONE', *, *, #1544, .T. ) ;
#574 = CARTESIAN_POINT ( 'NONE',  ( -15743.40903732093284, 20.01833397415201432, 37.59982179890538134 ) ) ;
#575 = FACE_OUTER_BOUND ( 'NONE', #2543, .T. ) ;
#576 = ORIENTED_EDGE ( 'NONE', *, *, #428, .F. ) ;
#577 = ORIENTED_EDGE ( 'NONE', *, *, #2101, .F. ) ;
#578 = LINE ( 'NONE', #122, #2094 ) ;
#579 = VERTEX_POINT ( 'NONE', #2337 ) ;
#580 = EDGE_LOOP ( 'NONE', ( #1641, #1058 ) ) ;
#581 = CYLINDRICAL_SURFACE ( 'NONE', #988, 0.1406000000000001138 ) ;
#582 = CARTESIAN_POINT ( 'NONE',  ( 9.018156225194296383, 19.12451373047862901, 39.50821775154482651 ) ) ;
#583 = EDGE_CURVE ( 'NONE', #656, #1923, #1585, .T. ) ;
#584 = CARTESIAN_POINT ( 'NONE',  ( 7.379714812829573312, 20.57856719716029659, 36.88874237150515256 ) ) ;
#585 = DIRECTION ( 'NONE',  ( -0.04862741781208592545, 0.000000000000000000, 0.9988169873590100334 ) ) ;
#586 = CARTESIAN_POINT ( 'NONE',  ( 7.231700435966551765, 18.47203665548621032, 39.94812067060350103 ) ) ;
#587 = ORIENTED_EDGE ( 'NONE', *, *, #1145, .F. ) ;
#588 = DIRECTION ( 'NONE',  ( -0.006297178994489233649, -0.9993710116692215983, -0.03489880473523087473 ) ) ;
#589 = EDGE_LOOP ( 'NONE', ( #2434, #1195 ) ) ;
#590 = DIRECTION ( 'NONE',  ( 0.000000000000000000, -0.1621719582624433220, 0.9867625124381875779 ) ) ;
#591 = DIRECTION ( 'NONE',  ( 0.006297178994489256200, 0.9993710116692215983, 0.03489880473523087473 ) ) ;
#592 = EDGE_CURVE ( 'NONE', #3197, #2429, #2284, .T. ) ;
#593 = EDGE_CURVE ( 'NONE', #1174, #1023, #2361, .T. ) ;
#594 = ORIENTED_EDGE ( 'NONE', *, *, #1862, .T. ) ;
#595 = ORIENTED_EDGE ( 'NONE', *, *, #684, .T. ) ;
#596 = DIRECTION ( 'NONE',  ( -4.952294042914620491E-12, 0.1621719582624329414, -0.9867625124381893542 ) ) ;
#597 = CARTESIAN_POINT ( 'NONE',  ( 7.503710572935203160, 19.52717288426367759, 39.43849793839830653 ) ) ;
#598 = VERTEX_POINT ( 'NONE', #2876 ) ;
#599 = CARTESIAN_POINT ( 'NONE',  ( 9.021370987906228933, 19.50481400116893127, 37.50594105177484749 ) ) ;
#600 = CARTESIAN_POINT ( 'NONE',  ( 7.106660118390976777, 19.75071568099428632, 37.33197128544146892 ) ) ;
#601 = ORIENTED_EDGE ( 'NONE', *, *, #394, .F. ) ;
#602 = ORIENTED_EDGE ( 'NONE', *, *, #2495, .F. ) ;
#603 = DIRECTION ( 'NONE',  ( 0.000000000000000000, -0.1621719582624301381, 0.9867625124381897983 ) ) ;
#604 = CARTESIAN_POINT ( 'NONE',  ( 7.240385664784295017, 19.52717288426368114, 39.43849793839830653 ) ) ;
#605 = LINE ( 'NONE', #329, #1991 ) ;
#606 = VERTEX_POINT ( 'NONE', #3136 ) ;
#607 = LINE ( 'NONE', #370, #2824 ) ;
#608 = VECTOR ( 'NONE', #48, 39.37007874015748143 ) ;
#609 = CARTESIAN_POINT ( 'NONE',  ( 7.469670000939051313, 18.50252016613501382, 39.95313055956263071 ) ) ;
#610 =( BOUNDED_CURVE ( )  B_SPLINE_CURVE ( 3, ( #622, #314, #340, #1668 ),
 .UNSPECIFIED., .F., .T. ) 
 B_SPLINE_CURVE_WITH_KNOTS ( ( 4, 4 ),
 ( 0.000000000000000000, 1.000000000000000000 ),
 .UNSPECIFIED. ) 
 CURVE ( )  GEOMETRIC_REPRESENTATION_ITEM ( )  RATIONAL_B_SPLINE_CURVE ( ( 1.000000000000000000, 0.8366013071894704556, 0.8366013071894704556, 1.000000000000000000 ) ) 
 REPRESENTATION_ITEM ( '' )  );
#611 = CIRCLE ( 'NONE', #3154, 0.1104999999999984883 ) ;
#612 = EDGE_CURVE ( 'NONE', #720, #1085, #1539, .T. ) ;
#613 = DIRECTION ( 'NONE',  ( -0.03013542484105170838, 0.6816886134213655524, 0.7310215390132531743 ) ) ;
#614 = VECTOR ( 'NONE', #1435, 39.37007874015748143 ) ;
#615 = DIRECTION ( 'NONE',  ( -0.009695013075853315537, -0.9993438579051868720, 0.03489785650490104252 ) ) ;
#616 = EDGE_LOOP ( 'NONE', ( #725, #1406 ) ) ;
#617 = ORIENTED_EDGE ( 'NONE', *, *, #540, .T. ) ;
#618 = LINE ( 'NONE', #1148, #302 ) ;
#619 = DIRECTION ( 'NONE',  ( -1.000000000000000000, -6.716709122762269427E-15, 1.590814953584783293E-16 ) ) ;
#620 = ORIENTED_EDGE ( 'NONE', *, *, #2287, .F. ) ;
#621 = VECTOR ( 'NONE', #244, 39.37007874015748143 ) ;
#622 = CARTESIAN_POINT ( 'NONE',  ( 8.315174414786548951, 19.60187973222628344, 40.13380756281362949 ) ) ;
#623 = VERTEX_POINT ( 'NONE', #249 ) ;
#624 = FACE_BOUND ( 'NONE', #103, .T. ) ;
#625 = CIRCLE ( 'NONE', #671, 0.1874999999999997502 ) ;
#626 = FACE_BOUND ( 'NONE', #419, .T. ) ;
#627 = DIRECTION ( 'NONE',  ( -1.105226225352599841E-11, -0.9867625124381895763, -0.1621719582624308598 ) ) ;
#628 = CARTESIAN_POINT ( 'NONE',  ( 7.379714812829559101, 20.04456186539771423, 37.05484040173989513 ) ) ;
#629 = CARTESIAN_POINT ( 'NONE',  ( 7.231700435963846374, 20.07413132098498210, 39.95806716644413825 ) ) ;
#630 = ORIENTED_EDGE ( 'NONE', *, *, #9, .T. ) ;
#631 = EDGE_CURVE ( 'NONE', #2893, #2212, #5, .T. ) ;
#632 = ADVANCED_FACE ( 'NONE', ( #1297 ), #2369, .F. ) ;
#633 = VERTEX_POINT ( 'NONE', #1841 ) ;
#634 = CARTESIAN_POINT ( 'NONE',  ( 8.906605518009307332, 18.19293058101480298, 41.64638844903599590 ) ) ;
#635 = FACE_OUTER_BOUND ( 'NONE', #1091, .T. ) ;
#636 = CARTESIAN_POINT ( 'NONE',  ( 8.883467192862179118, 19.81376874950952072, 37.49515211422470173 ) ) ;
#637 = ORIENTED_EDGE ( 'NONE', *, *, #1252, .T. ) ;
#638 = CARTESIAN_POINT ( 'NONE',  ( 7.361089757313846960, 19.69979747081124444, 37.54938077146407949 ) ) ;
#639 = FACE_OUTER_BOUND ( 'NONE', #1683, .T. ) ;
#640 = ADVANCED_FACE ( 'NONE', ( #2319, #68 ), #520, .T. ) ;
#641 = CARTESIAN_POINT ( 'NONE',  ( 8.901563718824602844, 20.56064719577225475, 36.99777962912955331 ) ) ;
#642 = CYLINDRICAL_SURFACE ( 'NONE', #87, 0.2500000000000737743 ) ;
#643 = CARTESIAN_POINT ( 'NONE',  ( 8.847352355608519403, 19.52717288426167741, 39.43849793839823548 ) ) ;
#644 = LINE ( 'NONE', #1690, #205 ) ;
#645 = FACE_BOUND ( 'NONE', #740, .T. ) ;
#646 = DIRECTION ( 'NONE',  ( -1.075433412635312661E-14, 0.9867625124381884660, 0.1621719582624382427 ) ) ;
#647 = ORIENTED_EDGE ( 'NONE', *, *, #2520, .F. ) ;
#648 = FACE_OUTER_BOUND ( 'NONE', #2780, .T. ) ;
#649 = ORIENTED_EDGE ( 'NONE', *, *, #2959, .F. ) ;
#650 = CARTESIAN_POINT ( 'NONE',  ( 8.970562908156454185, 19.63398840578938831, 39.55304356142952571 ) ) ;
#651 = CARTESIAN_POINT ( 'NONE',  ( 7.345990587281119311, 19.69985783887103281, 37.54901345186454620 ) ) ;
#652 = VECTOR ( 'NONE', #2290, 39.37007874015748143 ) ;
#653 = VERTEX_POINT ( 'NONE', #1328 ) ;
#654 = SURFACE_STYLE_USAGE ( .BOTH. , #2009 ) ;
#655 = LINE ( 'NONE', #1699, #2506 ) ;
#656 = VERTEX_POINT ( 'NONE', #2351 ) ;
#657 = VECTOR ( 'NONE', #1832, 39.37007874015748854 ) ;
#658 = CARTESIAN_POINT ( 'NONE',  ( 7.361089757313850512, 19.75928890929472814, 37.49705459216679060 ) ) ;
#659 =( NAMED_UNIT ( * ) PLANE_ANGLE_UNIT ( ) SI_UNIT ( $, .RADIAN. ) );
#660 = CARTESIAN_POINT ( 'NONE',  ( 7.148311418292968789, 19.99338372297580335, 37.36624240328050206 ) ) ;
#661 = EDGE_CURVE ( 'NONE', #2691, #3100, #2719, .T. ) ;
#662 = DIRECTION ( 'NONE',  ( 0.000000000000000000, 0.1621719582624401301, -0.9867625124381881330 ) ) ;
#663 = VECTOR ( 'NONE', #1563, 39.37007874015748143 ) ;
#664 = DIRECTION ( 'NONE',  ( 0.000000000000000000, -0.1621719582624312761, 0.9867625124381895763 ) ) ;
#665 = ORIENTED_EDGE ( 'NONE', *, *, #2745, .F. ) ;
#666 = AXIS2_PLACEMENT_3D ( 'NONE', #2844, #3055, #433 ) ;
#667 = PLANE ( 'NONE',  #1233 ) ;
#668 = CARTESIAN_POINT ( 'NONE',  ( 8.901563718827370408, 19.03963850940611024, 36.49445187706993465 ) ) ;
#669 = ADVANCED_FACE ( 'NONE', ( #1214 ), #3021, .F. ) ;
#670 = EDGE_CURVE ( 'NONE', #374, #2691, #3016, .T. ) ;
#671 = AXIS2_PLACEMENT_3D ( 'NONE', #2877, #344, #1627 ) ;
#672 = CARTESIAN_POINT ( 'NONE',  ( 8.979401922756625964, 19.11763892830764178, 39.55004863979088015 ) ) ;
#673 = ORIENTED_EDGE ( 'NONE', *, *, #2449, .F. ) ;
#674 = CARTESIAN_POINT ( 'NONE',  ( 7.113953653047357051, 20.01645934303992647, 37.22583491808380529 ) ) ;
#675 = CYLINDRICAL_SURFACE ( 'NONE', #2511, 0.1105000000000027904 ) ;
#676 = CARTESIAN_POINT ( 'NONE',  ( 8.827556530392104861, 19.32075912081509372, 38.31412971994161865 ) ) ;
#677 = EDGE_CURVE ( 'NONE', #2087, #2736, #1387, .T. ) ;
#678 = CARTESIAN_POINT ( 'NONE',  ( 8.827556530392101308, 18.75583758244572152, 38.22128627383660415 ) ) ;
#679 = EDGE_LOOP ( 'NONE', ( #1171, #1288, #920, #61, #2180 ) ) ;
#680 = CARTESIAN_POINT ( 'NONE',  ( 8.753549341958862584, 19.58075006476709490, 39.87698118731311325 ) ) ;
#681 = ORIENTED_EDGE ( 'NONE', *, *, #2592, .F. ) ;
#682 = CARTESIAN_POINT ( 'NONE',  ( 8.753549341958866137, 18.51257964505206033, 39.70143004249391794 ) ) ;
#683 = ADVANCED_FACE ( 'NONE', ( #1015 ), #2078, .T. ) ;
#684 = EDGE_CURVE ( 'NONE', #541, #778, #2865, .T. ) ;
#685 = VERTEX_POINT ( 'NONE', #1028 ) ;
#686 = ORIENTED_EDGE ( 'NONE', *, *, #2685, .T. ) ;
#687 = B_SPLINE_CURVE_WITH_KNOTS ( 'NONE', 3,
 ( #771, #226, #1824, #739, #1255, #2794, #24, #2347, #2277, #2804 ),
 .UNSPECIFIED., .F., .F.,
 ( 4, 2, 2, 2, 4 ),
 ( 0.000000000000000000, 0.0005579043733582418011, 0.001115808746716483602, 0.001673713120074725403, 0.002231617493432967204 ),
 .UNSPECIFIED. ) ;
#688 = EDGE_CURVE ( 'NONE', #1376, #541, #89, .T. ) ;
#689 = CARTESIAN_POINT ( 'NONE',  ( 7.305707624396662325, 18.75583758244570376, 38.22128627383661836 ) ) ;
#690 = CARTESIAN_POINT ( 'NONE',  ( 8.901563718824588634, 19.69229618482790301, 36.85506830585880778 ) ) ;
#691 = DIRECTION ( 'NONE',  ( 0.000000000000000000, -0.9867625124381881330, -0.1621719582624401301 ) ) ;
#692 = CARTESIAN_POINT ( 'NONE',  ( 6.999336021444794831, 19.38315865108884495, 39.47602284098333314 ) ) ;
#693 = CARTESIAN_POINT ( 'NONE',  ( 8.753549341953377194, 19.64242272179177107, 39.88711693470470721 ) ) ;
#694 = ORIENTED_EDGE ( 'NONE', *, *, #332, .T. ) ;
#695 = CARTESIAN_POINT ( 'NONE',  ( 7.231700435963832163, 19.60345413892387612, 39.73883443557179618 ) ) ;
#696 = EDGE_LOOP ( 'NONE', ( #1939, #2840 ) ) ;
#697 = CARTESIAN_POINT ( 'NONE',  ( 7.379714812829559101, 19.67210577602427080, 36.97792023865737576 ) ) ;
#698 = CARTESIAN_POINT ( 'NONE',  ( 8.057421867692811546, 19.29521886342375581, 36.53645587092003666 ) ) ;
#699 = ORIENTED_EDGE ( 'NONE', *, *, #1633, .T. ) ;
#700 = ORIENTED_EDGE ( 'NONE', *, *, #2640, .F. ) ;
#701 = DIRECTION ( 'NONE',  ( -1.106038195256881837E-11, -0.9867625124381931290, -0.1621719582624097655 ) ) ;
#702 = ORIENTED_EDGE ( 'NONE', *, *, #2288, .T. ) ;
#703 = EDGE_LOOP ( 'NONE', ( #3137, #789, #2420, #2339 ) ) ;
#704 = CARTESIAN_POINT ( 'NONE',  ( 7.361089757313846960, 19.76147012783863133, 37.55951651885548159 ) ) ;
#705 = CIRCLE ( 'NONE', #2934, 0.1104999999999981414 ) ;
#706 = PLANE ( 'NONE',  #1855 ) ;
#707 = EDGE_CURVE ( 'NONE', #720, #2924, #1803, .T. ) ;
#708 = EDGE_CURVE ( 'NONE', #1170, #2858, #3264, .T. ) ;
#710 = VERTEX_POINT ( 'NONE', #906 ) ;
#709 = MECHANICAL_DESIGN_GEOMETRIC_PRESENTATION_REPRESENTATION (  '', ( #3208 ), #405 ) ;
#711 = LINE ( 'NONE', #1754, #773 ) ;
#712 = VECTOR ( 'NONE', #3029, 39.37007874015748854 ) ;
#713 = ORIENTED_EDGE ( 'NONE', *, *, #3201, .T. ) ;
#714 = DIRECTION ( 'NONE',  ( 0.000000000000000000, 0.000000000000000000, 1.000000000000000000 ) ) ;
#715 =( BOUNDED_CURVE ( )  B_SPLINE_CURVE ( 3, ( #1220, #1206, #914, #1454 ),
 .UNSPECIFIED., .F., .T. ) 
 B_SPLINE_CURVE_WITH_KNOTS ( ( 4, 4 ),
 ( 1.570796326794967834, 3.269577420489532038 ),
 .UNSPECIFIED. ) 
 CURVE ( )  GEOMETRIC_REPRESENTATION_ITEM ( )  RATIONAL_B_SPLINE_CURVE ( ( 1.000000000000000000, 0.7736272623322142383, 0.7736272623322142383, 1.000000000000000000 ) ) 
 REPRESENTATION_ITEM ( '' )  );
#716 = ORIENTED_EDGE ( 'NONE', *, *, #2479, .T. ) ;
#717 = AXIS2_PLACEMENT_3D ( 'NONE', #2453, #1914, #3195 ) ;
#718 = CARTESIAN_POINT ( 'NONE',  ( 7.379714812831863036, 19.25467587385814738, 36.78314649902959133 ) ) ;
#719 = CARTESIAN_POINT ( 'NONE',  ( 7.642353440616609817, 20.10780892912029927, 36.67000302188905181 ) ) ;
#720 = VERTEX_POINT ( 'NONE', #2164 ) ;
#721 = AXIS2_PLACEMENT_3D ( 'NONE', #2935, #372, #1929 ) ;
#722 = DIRECTION ( 'NONE',  ( -0.000000000000000000, 0.9867625124381881330, 0.1621719582624402967 ) ) ;
#723 = MECHANICAL_DESIGN_GEOMETRIC_PRESENTATION_REPRESENTATION (  '', ( #2727 ), #3274 ) ;
#724 = EDGE_CURVE ( 'NONE', #2144, #2914, #607, .T. ) ;
#725 = ORIENTED_EDGE ( 'NONE', *, *, #2790, .T. ) ;
#726 = DIRECTION ( 'NONE',  ( 0.000000000000000000, 0.03489949670249580665, -0.9993908270190958731 ) ) ;
#727 = AXIS2_PLACEMENT_3D ( 'NONE', #163, #2236, #2183 ) ;
#728 = ORIENTED_EDGE ( 'NONE', *, *, #159, .F. ) ;
#729 = ORIENTED_EDGE ( 'NONE', *, *, #837, .F. ) ;
#730 = DIRECTION ( 'NONE',  ( -0.000000000000000000, 0.9867625124381883550, 0.1621719582624384648 ) ) ;
#731 = CIRCLE ( 'NONE', #3280, 0.1105000000000027904 ) ;
#732 = FACE_BOUND ( 'NONE', #121, .T. ) ;
#733 = AXIS2_PLACEMENT_3D ( 'NONE', #2851, #714, #532 ) ;
#734 = VERTEX_POINT ( 'NONE', #2982 ) ;
#735 = CYLINDRICAL_SURFACE ( 'NONE', #1750, 0.1105000000000024435 ) ;
#736 = CARTESIAN_POINT ( 'NONE',  ( 9.151259991888165857, 20.12694071166642829, 36.93898586363921055 ) ) ;
#737 = EDGE_CURVE ( 'NONE', #1293, #1408, #655, .T. ) ;
#738 = ORIENTED_EDGE ( 'NONE', *, *, #356, .F. ) ;
#739 = CARTESIAN_POINT ( 'NONE',  ( 8.583136981684358346, 19.45579783767927040, 37.53136166051533706 ) ) ;
#740 = EDGE_LOOP ( 'NONE', ( #1254, #1867 ) ) ;
#741 = CARTESIAN_POINT ( 'NONE',  ( 8.880466594952359571, 19.50665393433406436, 37.56841489641156073 ) ) ;
#742 = EDGE_CURVE ( 'NONE', #1020, #1277, #919, .T. ) ;
#743 = CARTESIAN_POINT ( 'NONE',  ( 9.125429444233219556, 19.49190314612049235, 37.36518369151838925 ) ) ;
#744 =( BOUNDED_CURVE ( )  B_SPLINE_CURVE ( 3, ( #172, #1200, #936, #1981 ),
 .UNSPECIFIED., .F., .T. ) 
 B_SPLINE_CURVE_WITH_KNOTS ( ( 4, 4 ),
 ( 4.712388980384081272, 6.283185307179586232 ),
 .UNSPECIFIED. ) 
 CURVE ( )  GEOMETRIC_REPRESENTATION_ITEM ( )  RATIONAL_B_SPLINE_CURVE ( ( 1.000000000000000000, 0.8047378541242216077, 0.8047378541242216077, 1.000000000000000000 ) ) 
 REPRESENTATION_ITEM ( '' )  );
#745 = CARTESIAN_POINT ( 'NONE',  ( 8.138389786916599533, 19.85545642398001931, 39.66877472507970737 ) ) ;
#746 = ORIENTED_EDGE ( 'NONE', *, *, #1562, .F. ) ;
#747 = FACE_OUTER_BOUND ( 'NONE', #2516, .T. ) ;
#748 = LINE ( 'NONE', #1073, #239 ) ;
#749 = DIRECTION ( 'NONE',  ( 0.000000000000000000, 0.03489949670537832033, 0.9993908270189953980 ) ) ;
#750 = CARTESIAN_POINT ( 'NONE',  ( 8.490910714173482532, 19.22197616493587446, 40.07137135888282131 ) ) ;
#751 = CARTESIAN_POINT ( 'NONE',  ( 8.128304734416628818, 20.21174092106733511, 37.19379152028216851 ) ) ;
#752 = DIRECTION ( 'NONE',  ( 2.786250776214135388E-14, 0.9867625124381881330, 0.1621719582624401301 ) ) ;
#753 = CARTESIAN_POINT ( 'NONE',  ( 9.131006303766653787, 19.48978537823895962, 37.28566107327666401 ) ) ;
#754 = FACE_OUTER_BOUND ( 'NONE', #2333, .T. ) ;
#755 = CARTESIAN_POINT ( 'NONE',  ( 7.239969503443723475, 19.46112750421219673, 39.43619158290552207 ) ) ;
#756 = VERTEX_POINT ( 'NONE', #1429 ) ;
#757 = ADVANCED_FACE ( 'NONE', ( #2932 ), #1412, .T. ) ;
#758 = ORIENTED_EDGE ( 'NONE', *, *, #2790, .F. ) ;
#759 = CARTESIAN_POINT ( 'NONE',  ( 8.753549341958866137, 18.51257964505206033, 39.70143004249391794 ) ) ;
#760 = ORIENTED_EDGE ( 'NONE', *, *, #191, .F. ) ;
#761 = CARTESIAN_POINT ( 'NONE',  ( 7.379714812829559101, 20.04456186539771423, 37.05484040173989513 ) ) ;
#762 = EDGE_LOOP ( 'NONE', ( #117, #2203 ) ) ;
#763 = UNCERTAINTY_MEASURE_WITH_UNIT (LENGTH_MEASURE( 1.000000000000000082E-05 ), #240, 'distance_accuracy_value', 'NONE');
#764 = CARTESIAN_POINT ( 'NONE',  ( 7.108691383365538741, 19.74847294443378587, 37.25320667849499756 ) ) ;
#765 = VERTEX_POINT ( 'NONE', #1672 ) ;
#766 = VECTOR ( 'NONE', #960, 39.37007874015748143 ) ;
#767 = CARTESIAN_POINT ( 'NONE',  ( 8.618966382793177061, 19.59702791590292037, 37.50272087091452278 ) ) ;
#768 = ADVANCED_FACE ( 'NONE', ( #2445 ), #1212, .F. ) ;
#769 = CIRCLE ( 'NONE', #498, 0.2500000000000020539 ) ;
#770 = FACE_OUTER_BOUND ( 'NONE', #1239, .T. ) ;
#771 = CARTESIAN_POINT ( 'NONE',  ( 8.579283868740434471, 19.44498127730666326, 37.55827914902021547 ) ) ;
#772 = CARTESIAN_POINT ( 'NONE',  ( 9.129547299008365258, 19.54996026317319036, 37.29592427055035131 ) ) ;
#773 = VECTOR ( 'NONE', #2545, 39.37007874015748143 ) ;
#774 = DIRECTION ( 'NONE',  ( -0.000000000000000000, 0.9867625124381881330, 0.1621719582624401301 ) ) ;
#775 = CARTESIAN_POINT ( 'NONE',  ( 7.028600605348274577, 19.37184808921422530, 39.54484385401547542 ) ) ;
#776 = ORIENTED_EDGE ( 'NONE', *, *, #1208, .T. ) ;
#777 = CIRCLE ( 'NONE', #1492, 0.1104999999999981414 ) ;
#778 = VERTEX_POINT ( 'NONE', #2611 ) ;
#779 = DIRECTION ( 'NONE',  ( 0.000000000000000000, 0.1621719582624401301, -0.9867625124381881330 ) ) ;
#780 = EDGE_CURVE ( 'NONE', #1619, #3286, #870, .T. ) ;
#781 = CIRCLE ( 'NONE', #1753, 0.1105000000000027904 ) ;
#782 = ADVANCED_FACE ( 'NONE', ( #64 ), #2196, .F. ) ;
#783 = ORIENTED_EDGE ( 'NONE', *, *, #3140, .F. ) ;
#784 = DIRECTION ( 'NONE',  ( -1.632644655314772107E-16, -0.9867625124381895763, -0.1621719582624312206 ) ) ;
#785 = EDGE_LOOP ( 'NONE', ( #2468, #2598, #2688, #2538, #2276, #857 ) ) ;
#786 = ORIENTED_EDGE ( 'NONE', *, *, #1886, .F. ) ;
#787 = LINE ( 'NONE', #303, #2179 ) ;
#788 = CARTESIAN_POINT ( 'NONE',  ( 7.231700435963833051, 19.58075006476981628, 39.87698118731356800 ) ) ;
#789 = ORIENTED_EDGE ( 'NONE', *, *, #969, .F. ) ;
#790 = AXIS2_PLACEMENT_3D ( 'NONE', #1922, #45, #1615 ) ;
#791 = CARTESIAN_POINT ( 'NONE',  ( 8.496140539552230919, 19.16625345991812068, 39.40837411644439925 ) ) ;
#792 = EDGE_CURVE ( 'NONE', #1037, #3097, #1216, .T. ) ;
#793 = LINE ( 'NONE', #2370, #3106 ) ;
#794 = CARTESIAN_POINT ( 'NONE',  ( 9.127773325621189926, 19.51714988058811073, 37.32118913206511479 ) ) ;
#795 = CARTESIAN_POINT ( 'NONE',  ( 7.239969503443723475, 19.40163606572871657, 39.36359390882542897 ) ) ;
#796 = ORIENTED_EDGE ( 'NONE', *, *, #376, .T. ) ;
#797 = CYLINDRICAL_SURFACE ( 'NONE', #468, 0.5099999999999937916 ) ;
#798 = EDGE_LOOP ( 'NONE', ( #357, #728, #2513, #126 ) ) ;
#799 = LINE ( 'NONE', #1829, #2939 ) ;
#800 = CARTESIAN_POINT ( 'NONE',  ( 7.379714812831863036, 19.29521886342375581, 36.53645587092003666 ) ) ;
#801 = VERTEX_POINT ( 'NONE', #1499 ) ;
#802 = EDGE_CURVE ( 'NONE', #291, #2308, #209, .T. ) ;
#803 = ORIENTED_EDGE ( 'NONE', *, *, #2993, .T. ) ;
#804 = PRODUCT_DEFINITION_CONTEXT ( 'detailed design', #1620, 'design' ) ;
#805 = CARTESIAN_POINT ( 'NONE',  ( 7.191511472128837568, 19.71848485517177707, 37.43567424328235660 ) ) ;
#806 = EDGE_CURVE ( 'NONE', #1590, #929, #2265, .T. ) ;
#807 = EDGE_CURVE ( 'NONE', #1945, #2691, #1303, .T. ) ;
#808 = LINE ( 'NONE', #2918, #2198 ) ;
#809 = DIRECTION ( 'NONE',  ( 0.000000000000000000, -0.9867625124381931290, -0.1621719582624097933 ) ) ;
#810 = DIRECTION ( 'NONE',  ( -0.000000000000000000, 0.9867625124381881330, 0.1621719582624402967 ) ) ;
#811 = CARTESIAN_POINT ( 'NONE',  ( 15752.72796199348522, 20.50484984788597842, 34.63953426140439973 ) ) ;
#812 = ORIENTED_EDGE ( 'NONE', *, *, #737, .F. ) ;
#813 = PLANE ( 'NONE',  #2406 ) ;
#814 = DIRECTION ( 'NONE',  ( -0.04927818435184642964, -0.1619749342972592876, 0.9855636870372121994 ) ) ;
#815 = ORIENTED_EDGE ( 'NONE', *, *, #1252, .F. ) ;
#816 = CARTESIAN_POINT ( 'NONE',  ( 9.151259991892997547, 20.55864931085757519, 37.00993609537892581 ) ) ;
#817 = EDGE_LOOP ( 'NONE', ( #1629, #361 ) ) ;
#818 = VERTEX_POINT ( 'NONE', #1290 ) ;
#819 = EDGE_LOOP ( 'NONE', ( #1474, #2093, #1466, #435 ) ) ;
#820 = CARTESIAN_POINT ( 'NONE',  ( 7.994874367861975806, 20.26088631963602893, 37.20186844398469361 ) ) ;
#821 = CLOSED_SHELL ( 'NONE', ( #3035, #1162, #2067, #153, #953, #10, #2114, #1097, #213, #2986, #2749, #851, #3056, #1005, #1595, #1301, #782, #241, #1498, #154, #3148, #2708, #3095, #3291, #640, #2648, #2397, #1792, #1160, #2269, #2922, #2354, #107, #2521, #447, #2822, #1464, #2360, #1243, #2723, #3309, #1017, #339, #2931, #1056, #2404, #1755, #1793, #2136, #3007, #250, #1287, #1419, #2619, #267, #2382, #3256, #768, #2091, #632, #2207, #1050, #2821, #1756, #396, #211, #2930, #2725, #2046, #2294 ) ) ;
#822 = ORIENTED_EDGE ( 'NONE', *, *, #3123, .F. ) ;
#823 = CARTESIAN_POINT ( 'NONE',  ( 7.349010279276020796, 19.75932256544709986, 37.49676124766769192 ) ) ;
#824 = DIRECTION ( 'NONE',  ( -1.000000000000000000, -0.000000000000000000, 0.000000000000000000 ) ) ;
#825 = CARTESIAN_POINT ( 'NONE',  ( 7.094065965162583254, 19.38289306360146469, 39.47763885265023731 ) ) ;
#826 = AXIS2_PLACEMENT_3D ( 'NONE', #219, #2271, #479 ) ;
#827 = ORIENTED_EDGE ( 'NONE', *, *, #1000, .T. ) ;
#828 = PRESENTATION_STYLE_ASSIGNMENT (( #3145 ) ) ;
#829 = ORIENTED_EDGE ( 'NONE', *, *, #792, .T. ) ;
#830 = VECTOR ( 'NONE', #2111, 39.37007874015748143 ) ;
#831 = DIRECTION ( 'NONE',  ( 0.000000000000000000, -0.1621719582624240319, 0.9867625124381906865 ) ) ;
#832 = CARTESIAN_POINT ( 'NONE',  ( 7.239969503443725252, 19.46112750421219673, 39.43619158290552917 ) ) ;
#833 = AXIS2_PLACEMENT_3D ( 'NONE', #3219, #413, #1196 ) ;
#834 = FACE_OUTER_BOUND ( 'NONE', #69, .T. ) ;
#835 =( BOUNDED_CURVE ( )  B_SPLINE_CURVE ( 3, ( #1099, #599, #1117, #2664 ),
 .UNSPECIFIED., .F., .T. ) 
 B_SPLINE_CURVE_WITH_KNOTS ( ( 4, 4 ),
 ( 3.189928816093268615, 4.712388980385365578 ),
 .UNSPECIFIED. ) 
 CURVE ( )  GEOMETRIC_REPRESENTATION_ITEM ( )  RATIONAL_B_SPLINE_CURVE ( ( 1.000000000000000000, 0.8159920217397212960, 0.8159920217397212960, 1.000000000000000000 ) ) 
 REPRESENTATION_ITEM ( '' )  );
#836 = ORIENTED_EDGE ( 'NONE', *, *, #548, .T. ) ;
#837 = EDGE_CURVE ( 'NONE', #2163, #1459, #1047, .T. ) ;
#838 = AXIS2_PLACEMENT_3D ( 'NONE', #3039, #470, #2532 ) ;
#839 = FACE_BOUND ( 'NONE', #2871, .T. ) ;
#840 = VECTOR ( 'NONE', #1322, 39.37007874015748143 ) ;
#841 = CARTESIAN_POINT ( 'NONE',  ( 9.013404580023259172, 19.13534381083104563, 39.60759740015775066 ) ) ;
#842 = AXIS2_PLACEMENT_3D ( 'NONE', #998, #1048, #1327 ) ;
#843 = CONICAL_SURFACE ( 'NONE', #2733, 0.1399999999999983480, 0.04076687465383467546 ) ;
#844 = EDGE_CURVE ( 'NONE', #2206, #1744, #3041, .T. ) ;
#845 = EDGE_CURVE ( 'NONE', #2676, #2488, #711, .T. ) ;
#846 = DIRECTION ( 'NONE',  ( -0.04862741781208647363, 0.000000000000000000, 0.9988169873590100334 ) ) ;
#847 = PRODUCT_DEFINITION_FORMATION_WITH_SPECIFIED_SOURCE ( 'ANY', '', #2984, .NOT_KNOWN. ) ;
#848 = ORIENTED_EDGE ( 'NONE', *, *, #1904, .F. ) ;
#849 = DIRECTION ( 'NONE',  ( -0.000000000000000000, 0.9867625124381881330, 0.1621719582624402967 ) ) ;
#850 = ORIENTED_EDGE ( 'NONE', *, *, #1391, .F. ) ;
#851 = ADVANCED_FACE ( 'NONE', ( #238 ), #139, .F. ) ;
#852 = CARTESIAN_POINT ( 'NONE',  ( 7.469670000975785484, -11308.75081853667143, -1821.652709262198414 ) ) ;
#853 = CARTESIAN_POINT ( 'NONE',  ( 9.121286550052081665, 19.99921091797063255, 37.33078585682828532 ) ) ;
#854 = DIRECTION ( 'NONE',  ( 0.006297178994489232781, 0.9993710116692215983, 0.03489880473523086779 ) ) ;
#855 = FACE_OUTER_BOUND ( 'NONE', #2773, .T. ) ;
#856 = ORIENTED_EDGE ( 'NONE', *, *, #2894, .F. ) ;
#857 = ORIENTED_EDGE ( 'NONE', *, *, #549, .T. ) ;
#858 = DIRECTION ( 'NONE',  ( -0.000000000000000000, 0.9867625124381883550, 0.1621719582624384648 ) ) ;
#859 = VERTEX_POINT ( 'NONE', #2047 ) ;
#860 = DIRECTION ( 'NONE',  ( 1.000000000000000000, -2.808064214074153860E-14, -9.428620535466528851E-16 ) ) ;
#861 = CARTESIAN_POINT ( 'NONE',  ( 8.827556530392101308, 19.56744974892353994, 38.35467270950704233 ) ) ;
#862 = FACE_OUTER_BOUND ( 'NONE', #2363, .T. ) ;
#863 = DIRECTION ( 'NONE',  ( 0.000000000000000000, -0.1621719582626633405, 0.9867625124381514956 ) ) ;
#864 = EDGE_LOOP ( 'NONE', ( #194, #2497, #2756, #1871 ) ) ;
#865 = EDGE_LOOP ( 'NONE', ( #1355, #1635, #856, #2123, #1199 ) ) ;
#866 = EDGE_CURVE ( 'NONE', #505, #2076, #889, .T. ) ;
#867 = ORIENTED_EDGE ( 'NONE', *, *, #2422, .F. ) ;
#868 = CARTESIAN_POINT ( 'NONE',  ( 7.361618286867573246, 19.81376874950756672, 37.49515211422476568 ) ) ;
#869 = VERTEX_POINT ( 'NONE', #2815 ) ;
#870 = LINE ( 'NONE', #306, #2343 ) ;
#871 = CARTESIAN_POINT ( 'NONE',  ( 8.753549341958866137, 18.49465964366406112, 39.81046730011834001 ) ) ;
#872 = DIRECTION ( 'NONE',  ( 0.000000000000000000, -0.1621719582624240319, 0.9867625124381906865 ) ) ;
#873 = ORIENTED_EDGE ( 'NONE', *, *, #512, .T. ) ;
#874 = VERTEX_POINT ( 'NONE', #497 ) ;
#875 = CARTESIAN_POINT ( 'NONE',  ( 7.231700435955894513, 19.60187973222338798, 40.13380756281380712 ) ) ;
#876 = CARTESIAN_POINT ( 'NONE',  ( 7.379714812829559989, 18.98117551845136219, 36.85017976280376217 ) ) ;
#877 = ORIENTED_EDGE ( 'NONE', *, *, #2887, .F. ) ;
#878 = VECTOR ( 'NONE', #2875, 39.37007874015748143 ) ;
#879 = CARTESIAN_POINT ( 'NONE',  ( 8.760231101075174109, 19.20921947267843066, 39.42739476060322801 ) ) ;
#880 = ORIENTED_EDGE ( 'NONE', *, *, #844, .T. ) ;
#881 = CARTESIAN_POINT ( 'NONE',  ( 8.827556530392104861, 19.29035187864088741, 38.49914769102377932 ) ) ;
#882 = CARTESIAN_POINT ( 'NONE',  ( 7.239969503443725252, 19.46112750421219673, 39.43619158290552917 ) ) ;
#883 = ORIENTED_EDGE ( 'NONE', *, *, #3292, .F. ) ;
#884 = CARTESIAN_POINT ( 'NONE',  ( 8.490910714174082941, 19.54020707520225031, 40.12367181542281713 ) ) ;
#885 = AXIS2_PLACEMENT_3D ( 'NONE', #400, #200, #2227 ) ;
#886 = ORIENTED_EDGE ( 'NONE', *, *, #1371, .T. ) ;
#887 = EDGE_CURVE ( 'NONE', #1259, #220, #1489, .T. ) ;
#888 = CARTESIAN_POINT ( 'NONE',  ( 9.004317517241741342, 19.10741871762977340, 39.61223522786853835 ) ) ;
#889 = CIRCLE ( 'NONE', #193, 0.2499999999999977518 ) ;
#890 = LINE ( 'NONE', #1447, #3150 ) ;
#891 = AXIS2_PLACEMENT_3D ( 'NONE', #2980, #1695, #398 ) ;
#892 = FACE_OUTER_BOUND ( 'NONE', #1800, .T. ) ;
#893 = ORIENTED_EDGE ( 'NONE', *, *, #3102, .T. ) ;
#894 = AXIS2_PLACEMENT_3D ( 'NONE', #2386, #2888, #585 ) ;
#895 = CARTESIAN_POINT ( 'NONE',  ( 8.762234570778886678, 19.52717288426168096, 39.43849793839823548 ) ) ;
#896 = VERTEX_POINT ( 'NONE', #2316 ) ;
#897 = AXIS2_PLACEMENT_3D ( 'NONE', #2345, #1187, #420 ) ;
#898 = FACE_BOUND ( 'NONE', #2667, .T. ) ;
#899 = DIRECTION ( 'NONE',  ( 0.000000000000000000, 0.1621719582624301381, -0.9867625124381897983 ) ) ;
#900 = ORIENTED_EDGE ( 'NONE', *, *, #1972, .T. ) ;
#901 = VECTOR ( 'NONE', #337, 39.37007874015748143 ) ;
#902 = LINE ( 'NONE', #130, #2154 ) ;
#903 = ORIENTED_EDGE ( 'NONE', *, *, #1961, .F. ) ;
#904 = CARTESIAN_POINT ( 'NONE',  ( 8.901563718825132199, 20.52010420620850084, 37.24447025723943483 ) ) ;
#905 = CARTESIAN_POINT ( 'NONE',  ( 7.361089757313853177, 19.70810338694466779, 37.49884202999393068 ) ) ;
#906 = CARTESIAN_POINT ( 'NONE',  ( 7.305707624396662325, 18.73303620511400069, 38.36002508308542502 ) ) ;
#907 = CARTESIAN_POINT ( 'NONE',  ( 7.469670000937203902, 19.22197616493587446, 40.07137135888254420 ) ) ;
#908 = EDGE_CURVE ( 'NONE', #1311, #1169, #11, .T. ) ;
#909 = EDGE_CURVE ( 'NONE', #2464, #1945, #1976, .T. ) ;
#910 = DIRECTION ( 'NONE',  ( -0.000000000000000000, 0.9867625124381881330, 0.1621719582624401301 ) ) ;
#911 = CARTESIAN_POINT ( 'NONE',  ( 8.901563718824588634, 20.06726593955441018, 36.91669364999853542 ) ) ;
#912 = EDGE_LOOP ( 'NONE', ( #2729, #1013, #1074, #3231 ) ) ;
#913 = ORIENTED_EDGE ( 'NONE', *, *, #2353, .F. ) ;
#914 = CARTESIAN_POINT ( 'NONE',  ( 7.502252576708091425, 19.42071072025113665, 39.43478019770727627 ) ) ;
#915 = CARTESIAN_POINT ( 'NONE',  ( 8.827556530392101308, 18.75583758244572152, 38.22128627383660415 ) ) ;
#916 = DIRECTION ( 'NONE',  ( -1.000000000000000000, 3.358025681850692776E-14, 5.518831470154413524E-15 ) ) ;
#917 = ORIENTED_EDGE ( 'NONE', *, *, #3096, .T. ) ;
#918 = DIRECTION ( 'NONE',  ( -0.000000000000000000, 0.9867625124381881330, 0.1621719582624402967 ) ) ;
#919 = LINE ( 'NONE', #2728, #347 ) ;
#920 = ORIENTED_EDGE ( 'NONE', *, *, #927, .T. ) ;
#921 = DIRECTION ( 'NONE',  ( 0.006297178994489234516, 0.9993710116692215983, 0.03489880473523086779 ) ) ;
#922 = LENGTH_MEASURE_WITH_UNIT ( LENGTH_MEASURE( 0.02539999999999999897 ), #2215 );
#923 = DIRECTION ( 'NONE',  ( 0.000000000000000000, -0.1621719582624442935, 0.9867625124381874668 ) ) ;
#924 = CARTESIAN_POINT ( 'NONE',  ( 8.753549341958214214, 20.03358833142031159, 40.20475779455447451 ) ) ;
#925 = VERTEX_POINT ( 'NONE', #3031 ) ;
#926 = DIRECTION ( 'NONE',  ( 0.000000000000000000, -0.1621719582624433220, 0.9867625124381875779 ) ) ;
#927 = EDGE_CURVE ( 'NONE', #1741, #367, #2402, .T. ) ;
#928 = CARTESIAN_POINT ( 'NONE',  ( 7.379714812829559101, 20.06726593955445637, 36.91669364999854963 ) ) ;
#929 = VERTEX_POINT ( 'NONE', #1943 ) ;
#930 = CARTESIAN_POINT ( 'NONE',  ( -15743.38933384591292, 20.02142565711215383, 37.19561654830233977 ) ) ;
#931 = ORIENTED_EDGE ( 'NONE', *, *, #2398, .F. ) ;
#932 = CARTESIAN_POINT ( 'NONE',  ( 7.469670000937203902, 19.22197616493587446, 40.07137135888254420 ) ) ;
#933 = CARTESIAN_POINT ( 'NONE',  ( 8.845071422099222147, 19.14829568822920081, 39.36351243607542472 ) ) ;
#934 = ORIENTED_EDGE ( 'NONE', *, *, #432, .F. ) ;
#935 = VECTOR ( 'NONE', #1281, 39.37007874015748143 ) ;
#936 = CARTESIAN_POINT ( 'NONE',  ( 7.202741588986570243, 19.76049289933365571, 37.48964015460904164 ) ) ;
#937 = EDGE_CURVE ( 'NONE', #3202, #330, #1094, .T. ) ;
#938 = MANIFOLD_SOLID_BREP ( '#10 Clearance Hole1[1]', #3259 ) ;
#939 = CIRCLE ( 'NONE', #2188, 0.2499999999999977518 ) ;
#940 = FACE_BOUND ( 'NONE', #2390, .T. ) ;
#941 = VECTOR ( 'NONE', #1531, 39.37007874015748143 ) ;
#942 = ORIENTED_EDGE ( 'NONE', *, *, #1286, .F. ) ;
#943 = CARTESIAN_POINT ( 'NONE',  ( 7.305707624396662325, 19.56744974892352928, 38.35467270950704943 ) ) ;
#944 = CIRCLE ( 'NONE', #251, 0.1244999999999983620 ) ;
#945 = FACE_OUTER_BOUND ( 'NONE', #7, .T. ) ;
#946 = ORIENTED_EDGE ( 'NONE', *, *, #3162, .F. ) ;
#947 = VECTOR ( 'NONE', #2119, 39.37007874015748143 ) ;
#948 = DIRECTION ( 'NONE',  ( -0.009695013075860244023, -0.9993438579051868720, 0.03489785650490104252 ) ) ;
#949 = EDGE_CURVE ( 'NONE', #623, #180, #2137, .T. ) ;
#950 = FACE_OUTER_BOUND ( 'NONE', #1336, .T. ) ;
#951 = CARTESIAN_POINT ( 'NONE',  ( 7.361089757313850512, 19.69979747081082522, 37.54938077146406528 ) ) ;
#952 = AXIS2_PLACEMENT_3D ( 'NONE', #693, #3233, #409 ) ;
#953 = ADVANCED_FACE ( 'NONE', ( #2744 ), #3273, .F. ) ;
#954 = CONICAL_SURFACE ( 'NONE', #1008, 0.1399999999999979872, 0.04076687465383490444 ) ;
#955 = ORIENTED_EDGE ( 'NONE', *, *, #3020, .F. ) ;
#956 = CARTESIAN_POINT ( 'NONE',  ( 7.305707624396662325, 19.56744974892352928, 38.35467270950704943 ) ) ;
#957 = ORIENTED_EDGE ( 'NONE', *, *, #2621, .T. ) ;
#958 = CARTESIAN_POINT ( 'NONE',  ( 7.379714685852513334, -11307.80796244691373, -1824.791352190202815 ) ) ;
#959 = CARTESIAN_POINT ( 'NONE',  ( 8.901563718824695215, 20.52010420620593223, 37.24447025723944904 ) ) ;
#960 = DIRECTION ( 'NONE',  ( 1.105215918784097084E-11, 0.9867625124381893542, 0.1621719582624329137 ) ) ;
#961 = ORIENTED_EDGE ( 'NONE', *, *, #1857, .T. ) ;
#962 = CARTESIAN_POINT ( 'NONE',  ( 7.059768269428767340, 19.39506090386941395, 39.40360158527879264 ) ) ;
#963 = VERTEX_POINT ( 'NONE', #477 ) ;
#964 = CARTESIAN_POINT ( 'NONE',  ( 7.231700435966551765, 19.54020707520414746, 40.12367181542342820 ) ) ;
#965 =( BOUNDED_CURVE ( )  B_SPLINE_CURVE ( 3, ( #2748, #1767, #3023, #1488 ),
 .UNSPECIFIED., .F., .T. ) 
 B_SPLINE_CURVE_WITH_KNOTS ( ( 4, 4 ),
 ( 3.339390590618793286, 4.712388980381664538 ),
 .UNSPECIFIED. ) 
 CURVE ( )  GEOMETRIC_REPRESENTATION_ITEM ( )  RATIONAL_B_SPLINE_CURVE ( ( 1.000000000000000000, 0.8489797846803261994, 0.8489797846803261994, 1.000000000000000000 ) ) 
 REPRESENTATION_ITEM ( '' )  );
#966 = VERTEX_POINT ( 'NONE', #1295 ) ;
#967 = DIRECTION ( 'NONE',  ( 0.000000000000000000, -0.1621719582624454037, 0.9867625124381872448 ) ) ;
#968 = EDGE_CURVE ( 'NONE', #106, #1744, #2695, .T. ) ;
#969 = EDGE_CURVE ( 'NONE', #818, #685, #2554, .T. ) ;
#970 = ORIENTED_EDGE ( 'NONE', *, *, #2353, .T. ) ;
#971 = DIRECTION ( 'NONE',  ( 0.000000000000000000, -0.1621719582624240319, 0.9867625124381906865 ) ) ;
#972 = DIRECTION ( 'NONE',  ( 0.000000000000000000, 0.1621719582624369937, -0.9867625124381886881 ) ) ;
#973 = CARTESIAN_POINT ( 'NONE',  ( -15743.67739252909269, 18.77645966402167232, 41.62601116443658356 ) ) ;
#974 = VERTEX_POINT ( 'NONE', #280 ) ;
#975 = DIRECTION ( 'NONE',  ( -0.000000000000000000, 0.9867625124381881330, 0.1621719582624401301 ) ) ;
#976 = ORIENTED_EDGE ( 'NONE', *, *, #1587, .F. ) ;
#977 =( NAMED_UNIT ( * ) SI_UNIT ( $, .STERADIAN. ) SOLID_ANGLE_UNIT ( ) );
#978 = CARTESIAN_POINT ( 'NONE',  ( 8.912382191085331584, 19.50455001848939318, 37.50595027025314465 ) ) ;
#979 = CARTESIAN_POINT ( 'NONE',  ( 9.130770102820537915, 19.55634258683439697, 37.26607594640918109 ) ) ;
#980 = ADVANCED_BREP_SHAPE_REPRESENTATION ( 'module top plate counter block 2', ( #938, #2043, #3189, #733 ), #1819 ) ;
#981 = PLANE ( 'NONE',  #196 ) ;
#982 = VERTEX_POINT ( 'NONE', #1312 ) ;
#983 = DIRECTION ( 'NONE',  ( 0.04927818435184642964, 0.1619749342972592598, -0.9855636870372121994 ) ) ;
#984 = VECTOR ( 'NONE', #615, 39.37007874015748143 ) ;
#985 = EDGE_CURVE ( 'NONE', #374, #656, #387, .T. ) ;
#986 = EDGE_CURVE ( 'NONE', #1828, #929, #939, .T. ) ;
#987 = PLANE ( 'NONE',  #2947 ) ;
#988 = AXIS2_PLACEMENT_3D ( 'NONE', #2951, #858, #1892 ) ;
#989 = DIRECTION ( 'NONE',  ( 0.000000000000000000, -0.1621719582624442935, 0.9867625124381874668 ) ) ;
#991 = ORIENTED_EDGE ( 'NONE', *, *, #1517, .T. ) ;
#990 = AXIS2_PLACEMENT_3D ( 'NONE', #2122, #1276, #2969 ) ;
#992 = DIRECTION ( 'NONE',  ( -0.000000000000000000, 0.9867625124381881330, 0.1621719582624402967 ) ) ;
#993 = DIRECTION ( 'NONE',  ( 0.000000000000000000, -0.9867625124381881330, -0.1621719582624401301 ) ) ;
#994 = AXIS2_PLACEMENT_3D ( 'NONE', #1105, #84, #1124 ) ;
#995 = ORIENTED_EDGE ( 'NONE', *, *, #1835, .T. ) ;
#996 = DIRECTION ( 'NONE',  ( 0.000000000000000000, -0.1621719582624398248, 0.9867625124381881330 ) ) ;
#997 = CARTESIAN_POINT ( 'NONE',  ( 9.182322071746884973, 19.48151091762935039, 37.33600841830821793 ) ) ;
#998 = CARTESIAN_POINT ( 'NONE',  ( 7.305707624396662325, 19.27142099519207363, 38.30602112202831933 ) ) ;
#999 = ORIENTED_EDGE ( 'NONE', *, *, #231, .T. ) ;
#1000 = EDGE_CURVE ( 'NONE', #291, #756, #351, .T. ) ;
#1001 = CIRCLE ( 'NONE', #1167, 0.1105000000000027904 ) ;
#1002 = DIRECTION ( 'NONE',  ( 0.04927818435184642271, 0.1619749342972592876, -0.9855636870372121994 ) ) ;
#1003 = AXIS2_PLACEMENT_3D ( 'NONE', #2673, #1154, #1671 ) ;
#1004 = EDGE_LOOP ( 'NONE', ( #3199, #2258 ) ) ;
#1005 = ADVANCED_FACE ( 'NONE', ( #2024 ), #1794, .F. ) ;
#1006 = FACE_BOUND ( 'NONE', #3322, .T. ) ;
#1007 = CARTESIAN_POINT ( 'NONE',  ( 8.901563718826448479, 19.29521886342375581, 36.53645587092003666 ) ) ;
#1008 = AXIS2_PLACEMENT_3D ( 'NONE', #3230, #1951, #421 ) ;
#1009 = ORIENTED_EDGE ( 'NONE', *, *, #1562, .T. ) ;
#1010 = AXIS2_PLACEMENT_3D ( 'NONE', #2373, #849, #2439 ) ;
#1011 = UNCERTAINTY_MEASURE_WITH_UNIT (LENGTH_MEASURE( 1.000000000000000082E-05 ), #416, 'distance_accuracy_value', 'NONE');
#1012 = CYLINDRICAL_SURFACE ( 'NONE', #403, 0.1406000000000001138 ) ;
#1013 = ORIENTED_EDGE ( 'NONE', *, *, #2913, .T. ) ;
#1014 = CARTESIAN_POINT ( 'NONE',  ( 9.018990165212406040, 19.12725484972591872, 39.49153895118114832 ) ) ;
#1015 = FACE_OUTER_BOUND ( 'NONE', #1150, .T. ) ;
#1016 = CARTESIAN_POINT ( 'NONE',  ( 8.753549341958866137, 19.56283006338177799, 39.98601844493798296 ) ) ;
#1017 = ADVANCED_FACE ( 'NONE', ( #506 ), #2797, .F. ) ;
#1018 = CARTESIAN_POINT ( 'NONE',  ( 7.231700435963832163, 19.55804599061039184, 40.01512793905448717 ) ) ;
#1019 = LINE ( 'NONE', #3080, #1341 ) ;
#1020 = VERTEX_POINT ( 'NONE', #2 ) ;
#1021 = ORIENTED_EDGE ( 'NONE', *, *, #2880, .F. ) ;
#1022 = DIRECTION ( 'NONE',  ( -0.000000000000000000, 0.9867625124381883550, 0.1621719582624384370 ) ) ;
#1023 = VERTEX_POINT ( 'NONE', #265 ) ;
#1024 = CARTESIAN_POINT ( 'NONE',  ( 8.827556530392101308, 19.59025112625523946, 38.21593390025822856 ) ) ;
#1025 = CARTESIAN_POINT ( 'NONE',  ( 7.111611424875713183, 19.74282501070378260, 37.28757247967161703 ) ) ;
#1026 = VERTEX_POINT ( 'NONE', #1779 ) ;
#1027 = CARTESIAN_POINT ( 'NONE',  ( 8.663594153850540991, 19.78957801885536583, 36.61770256534855150 ) ) ;
#1028 = CARTESIAN_POINT ( 'NONE',  ( 8.901563718824602844, 20.14685859796934508, 36.81779213976545151 ) ) ;
#1029 = CARTESIAN_POINT ( 'NONE',  ( 8.901563718824588634, 20.04456186539767160, 37.05484040173988092 ) ) ;
#1030 = CARTESIAN_POINT ( 'NONE',  ( 9.129688688036802446, 19.44487236874208236, 37.26996857220037640 ) ) ;
#1031 = EDGE_CURVE ( 'NONE', #1494, #410, #2996, .T. ) ;
#1032 = LINE ( 'NONE', #1018, #2139 ) ;
#1033 = DIRECTION ( 'NONE',  ( 0.000000000000000000, -0.1621719582624464862, 0.9867625124381870227 ) ) ;
#1034 = VERTEX_POINT ( 'NONE', #1765 ) ;
#1035 = EDGE_LOOP ( 'NONE', ( #59, #1980, #298, #877 ) ) ;
#1036 = ORIENTED_EDGE ( 'NONE', *, *, #3226, .F. ) ;
#1037 = VERTEX_POINT ( 'NONE', #2808 ) ;
#1038 = ORIENTED_EDGE ( 'NONE', *, *, #2288, .F. ) ;
#1039 = CARTESIAN_POINT ( 'NONE',  ( 7.047282512386044750, 19.74767156363322229, 37.25808281452822968 ) ) ;
#1040 = ORIENTED_EDGE ( 'NONE', *, *, #3078, .F. ) ;
#1041 = VECTOR ( 'NONE', #161, 39.37007874015748143 ) ;
#1042 = CARTESIAN_POINT ( 'NONE',  ( 8.901563718824586857, 20.08518594094509169, 36.80765639237455389 ) ) ;
#1043 = CIRCLE ( 'NONE', #1440, 0.2500000000000023870 ) ;
#1044 = DIRECTION ( 'NONE',  ( -0.000000000000000000, 0.9867625124381881330, 0.1621719582624402967 ) ) ;
#1045 = PLANE ( 'NONE',  #1666 ) ;
#1046 = DIRECTION ( 'NONE',  ( 0.000000000000000000, -0.1621719582624301381, 0.9867625124381897983 ) ) ;
#1047 = CIRCLE ( 'NONE', #2455, 0.1104999999999981414 ) ;
#1048 = DIRECTION ( 'NONE',  ( -0.000000000000000000, 0.9867625124381883550, 0.1621719582624384648 ) ) ;
#1049 = ORIENTED_EDGE ( 'NONE', *, *, #3078, .T. ) ;
#1050 = ADVANCED_FACE ( 'NONE', ( #230 ), #2507, .F. ) ;
#1051 = ORIENTED_EDGE ( 'NONE', *, *, #2398, .T. ) ;
#1052 = DIRECTION ( 'NONE',  ( -1.075433412635312661E-14, 0.9867625124381884660, 0.1621719582624382427 ) ) ;
#1053 = CARTESIAN_POINT ( 'NONE',  ( 7.379714812829559989, 19.67437618343994643, 36.96410556348325116 ) ) ;
#1054 = AXIS2_PLACEMENT_3D ( 'NONE', #943, #2737, #423 ) ;
#1055 = ORIENTED_EDGE ( 'NONE', *, *, #1411, .F. ) ;
#1056 = ADVANCED_FACE ( 'NONE', ( #2322, #1813 ), #981, .F. ) ;
#1057 = VECTOR ( 'NONE', #445, 39.37007874015748143 ) ;
#1058 = ORIENTED_EDGE ( 'NONE', *, *, #1348, .F. ) ;
#1059 = AXIS2_PLACEMENT_3D ( 'NONE', #1308, #3319, #2597 ) ;
#1060 = CARTESIAN_POINT ( 'NONE',  ( 7.156359908588565411, 19.71186418829609366, 37.47595880264638168 ) ) ;
#1061 = CIRCLE ( 'NONE', #2304, 0.1105000000000027904 ) ;
#1062 = CARTESIAN_POINT ( 'NONE',  ( 8.489534079525574484, 19.14923390592210595, 39.37279867031933378 ) ) ;
#1063 = VECTOR ( 'NONE', #2692, 39.37007874015748143 ) ;
#1064 = CARTESIAN_POINT ( 'NONE',  ( -100.5080961316719339, -11229.01695557013772, 430.3129768898820657 ) ) ;
#1065 = CARTESIAN_POINT ( 'NONE',  ( 8.901563718825132199, 20.60119018533972834, 36.75108900102030418 ) ) ;
#1066 = LINE ( 'NONE', #2869, #1505 ) ;
#1067 = CARTESIAN_POINT ( 'NONE',  ( 7.116976883960630218, 19.45506356510776769, 39.46600134486273959 ) ) ;
#1068 = ORIENTED_EDGE ( 'NONE', *, *, #1941, .F. ) ;
#1069 = VERTEX_POINT ( 'NONE', #246 ) ;
#1070 = DIRECTION ( 'NONE',  ( -8.622426922099261945E-15, 0.9867625124381883550, 0.1621719582624383538 ) ) ;
#1071 = CARTESIAN_POINT ( 'NONE',  ( 8.753549341958212437, 20.07413132098525921, 39.95806716644481327 ) ) ;
#1072 = ORIENTED_EDGE ( 'NONE', *, *, #1556, .T. ) ;
#1073 = CARTESIAN_POINT ( 'NONE',  ( 7.379714812824611947, 20.08839560700855742, 37.17352002549870349 ) ) ;
#1074 = ORIENTED_EDGE ( 'NONE', *, *, #29, .F. ) ;
#1075 =( BOUNDED_CURVE ( )  B_SPLINE_CURVE ( 3, ( #3025, #767, #3284, #224 ),
 .UNSPECIFIED., .F., .T. ) 
 B_SPLINE_CURVE_WITH_KNOTS ( ( 4, 4 ),
 ( 1.329702431697138643, 1.602244175032688789 ),
 .UNSPECIFIED. ) 
 CURVE ( )  GEOMETRIC_REPRESENTATION_ITEM ( )  RATIONAL_B_SPLINE_CURVE ( ( 1.000000000000000000, 0.9938196560186547401, 0.9938196560186547401, 1.000000000000000000 ) ) 
 REPRESENTATION_ITEM ( '' )  );
#1076 = ORIENTED_EDGE ( 'NONE', *, *, #1949, .T. ) ;
#1077 = EDGE_CURVE ( 'NONE', #2488, #1223, #799, .T. ) ;
#1078 = DIRECTION ( 'NONE',  ( 0.000000000000000000, 0.1621719582624401301, -0.9867625124381881330 ) ) ;
#1079 = CARTESIAN_POINT ( 'NONE',  ( 8.489233120412782441, 19.14898895868473261, 39.35929411557275159 ) ) ;
#1080 = CARTESIAN_POINT ( 'NONE',  ( 7.305707624396662325, 19.27142099519207363, 38.30602112202831933 ) ) ;
#1081 = DIRECTION ( 'NONE',  ( 0.000000000000000000, -0.03489949670537832033, -0.9993908270189953980 ) ) ;
#1082 = CARTESIAN_POINT ( 'NONE',  ( 7.160234520017398019, 19.40037341277417227, 39.37127673275572448 ) ) ;
#1083 = EDGE_LOOP ( 'NONE', ( #1685, #1265 ) ) ;
#1084 = FACE_OUTER_BOUND ( 'NONE', #819, .T. ) ;
#1085 = VERTEX_POINT ( 'NONE', #1260 ) ;
#1086 = DIRECTION ( 'NONE',  ( 0.000000000000000000, -0.1621719582624369937, 0.9867625124381886881 ) ) ;
#1087 = CARTESIAN_POINT ( 'NONE',  ( 8.753549341958866137, 19.18786030865258496, 39.92439310079782189 ) ) ;
#1088 = VERTEX_POINT ( 'NONE', #2282 ) ;
#1089 = DIRECTION ( 'NONE',  ( 0.006297178994477184259, 0.9993710116692215983, 0.03489880473523086779 ) ) ;
#1090 = ORIENTED_EDGE ( 'NONE', *, *, #780, .F. ) ;
#1091 = EDGE_LOOP ( 'NONE', ( #481, #2909, #577, #2590 ) ) ;
#1092 = CARTESIAN_POINT ( 'NONE',  ( 7.101446801450755686, 19.72198666104505094, 37.41436691741004950 ) ) ;
#1093 = EDGE_CURVE ( 'NONE', #374, #598, #488, .T. ) ;
#1094 =( BOUNDED_CURVE ( )  B_SPLINE_CURVE ( 3, ( #3018, #1443, #2475, #2775 ),
 .UNSPECIFIED., .F., .T. ) 
 B_SPLINE_CURVE_WITH_KNOTS ( ( 4, 4 ),
 ( 3.092698029835867946, 4.068887871591668315 ),
 .UNSPECIFIED. ) 
 CURVE ( )  GEOMETRIC_REPRESENTATION_ITEM ( )  RATIONAL_B_SPLINE_CURVE ( ( 1.000000000000000000, 0.9221518909901030847, 0.9221518909901030847, 1.000000000000000000 ) ) 
 REPRESENTATION_ITEM ( '' )  );
#1095 = ORIENTED_EDGE ( 'NONE', *, *, #165, .F. ) ;
#1096 = CARTESIAN_POINT ( 'NONE',  ( 8.507471590327984501, 19.20479135001279047, 39.42724012715234494 ) ) ;
#1097 = ADVANCED_FACE ( 'NONE', ( #2552 ), #1746, .F. ) ;
#1098 = AXIS2_PLACEMENT_3D ( 'NONE', #1168, #1950, #749 ) ;
#1099 = CARTESIAN_POINT ( 'NONE',  ( 8.880466594952359571, 19.50447271579016117, 37.50595296972292658 ) ) ;
#1100 = CYLINDRICAL_SURFACE ( 'NONE', #2618, 0.2500000000000737743 ) ;
#1101 = VECTOR ( 'NONE', #784, 39.37007874015748854 ) ;
#1102 = ORIENTED_EDGE ( 'NONE', *, *, #512, .F. ) ;
#1103 = LINE ( 'NONE', #2943, #3070 ) ;
#1104 = AXIS2_PLACEMENT_3D ( 'NONE', #956, #2758, #3083 ) ;
#1105 = CARTESIAN_POINT ( 'NONE',  ( 7.231700435963832163, 19.58075006476713398, 39.87698118731314167 ) ) ;
#1106 = PLANE ( 'NONE',  #1003 ) ;
#1107 = CARTESIAN_POINT ( 'NONE',  ( 8.490910714172578366, 19.15844633458445401, 40.06093038968608511 ) ) ;
#1108 = AXIS2_PLACEMENT_3D ( 'NONE', #2654, #2926, #342 ) ;
#1109 = VERTEX_POINT ( 'NONE', #2638 ) ;
#1110 = AXIS2_PLACEMENT_3D ( 'NONE', #1879, #284, #334 ) ;
#1111 = CARTESIAN_POINT ( 'NONE',  ( 8.339843477597497667, 19.68296571135750384, 39.64042630659454147 ) ) ;
#1112 = ORIENTED_EDGE ( 'NONE', *, *, #571, .F. ) ;
#1113 = DIRECTION ( 'NONE',  ( 0.000000000000000000, -0.1621719582624454037, 0.9867625124381872448 ) ) ;
#1114 = AXIS2_PLACEMENT_3D ( 'NONE', #2837, #2806, #519 ) ;
#1115 = B_SPLINE_CURVE_WITH_KNOTS ( 'NONE', 3,
 ( #979, #2817, #794, #743, #3114, #2548, #501, #3071 ),
 .UNSPECIFIED., .F., .F.,
 ( 4, 2, 2, 4 ),
 ( -1.633353147414754299E-05, 0.002559976436115747513, 0.003848131419910592269, 0.005136286403705437459 ),
 .UNSPECIFIED. ) ;
#1116 = VECTOR ( 'NONE', #2915, 39.37007874015748143 ) ;
#1117 = CARTESIAN_POINT ( 'NONE',  ( 9.123620152603756139, 19.52600288115070271, 37.40795111358792724 ) ) ;
#1118 = EDGE_CURVE ( 'NONE', #3097, #1037, #777, .T. ) ;
#1119 = DIRECTION ( 'NONE',  ( 0.000000000000000000, 0.000000000000000000, 1.000000000000000000 ) ) ;
#1120 = COLOUR_RGB ( '',0.7921568627450980005, 0.8196078431372548767, 0.9333333333333333481 ) ;
#1121 = EDGE_LOOP ( 'NONE', ( #2424, #1248, #1851, #3314 ) ) ;
#1122 = LINE ( 'NONE', #1622, #1349 ) ;
#1123 = ORIENTED_EDGE ( 'NONE', *, *, #1948, .T. ) ;
#1124 = DIRECTION ( 'NONE',  ( 0.000000000000000000, -0.1621719582624464862, 0.9867625124381870227 ) ) ;
#1125 = ORIENTED_EDGE ( 'NONE', *, *, #3140, .T. ) ;
#1126 = CARTESIAN_POINT ( 'NONE',  ( 9.009541133149527425, 19.15783127195486912, 39.69040636156216095 ) ) ;
#1127 = FACE_OUTER_BOUND ( 'NONE', #3241, .T. ) ;
#1128 = SURFACE_STYLE_USAGE ( .BOTH. , #2700 ) ;
#1129 = ORIENTED_EDGE ( 'NONE', *, *, #74, .T. ) ;
#1130 = CARTESIAN_POINT ( 'NONE',  ( 7.379714812829559989, 20.08518594094513077, 36.80765639237458231 ) ) ;
#1131 = ORIENTED_EDGE ( 'NONE', *, *, #2193, .F. ) ;
#1132 = ORIENTED_EDGE ( 'NONE', *, *, #2500, .F. ) ;
#1133 = CARTESIAN_POINT ( 'NONE',  ( 7.110499962719458722, 19.79566720376516287, 37.26048777774147425 ) ) ;
#1134 = ORIENTED_EDGE ( 'NONE', *, *, #3225, .F. ) ;
#1135 = EDGE_CURVE ( 'NONE', #3266, #710, #458, .T. ) ;
#1136 = CARTESIAN_POINT ( 'NONE',  ( 7.502923409952327205, 19.52717288426227427, 39.43849793839851259 ) ) ;
#1137 = ORIENTED_EDGE ( 'NONE', *, *, #496, .F. ) ;
#1138 = DIRECTION ( 'NONE',  ( -0.000000000000000000, 0.9867625124381881330, 0.1621719582624401579 ) ) ;
#1139 = CARTESIAN_POINT ( 'NONE',  ( 7.305707624396662325, 19.27142099519207363, 38.30602112202831933 ) ) ;
#1140 = ORIENTED_EDGE ( 'NONE', *, *, #2438, .F. ) ;
#1141 = DIRECTION ( 'NONE',  ( -0.04862741781208789610, 0.000000000000000000, 0.9988169873590099224 ) ) ;
#1142 = CARTESIAN_POINT ( 'NONE',  ( 8.886079021055902416, 19.13301196604145105, 39.45650881021083478 ) ) ;
#1143 = CARTESIAN_POINT ( 'NONE',  ( 7.231700435960747519, 20.07413132098571040, 39.95806716644450773 ) ) ;
#1144 =( CONVERSION_BASED_UNIT ( 'INCH', #922 ) LENGTH_UNIT ( ) NAMED_UNIT ( #1493 ) );
#1145 = EDGE_CURVE ( 'NONE', #765, #3228, #2346, .T. ) ;
#1146 = CARTESIAN_POINT ( 'NONE',  ( 7.193274712397382586, 19.87937744199601298, 37.44806473937681091 ) ) ;
#1147 = ORIENTED_EDGE ( 'NONE', *, *, #3270, .F. ) ;
#1148 = CARTESIAN_POINT ( 'NONE',  ( 7.478693056210117263, 19.56986540786488149, 39.94321071001983370 ) ) ;
#1149 = CARTESIAN_POINT ( 'NONE',  ( 7.239969503443725252, 19.40163606572872013, 39.36359390882543607 ) ) ;
#1150 = EDGE_LOOP ( 'NONE', ( #2583, #3250, #738, #503, #233, #2085 ) ) ;
#1151 = EDGE_LOOP ( 'NONE', ( #1471, #2760, #1318, #3084 ) ) ;
#1152 = CARTESIAN_POINT ( 'NONE',  ( 8.375897267969882876, 18.77645966414137391, 41.62601116443240556 ) ) ;
#1153 = AXIS2_PLACEMENT_3D ( 'NONE', #1719, #1743, #2478 ) ;
#1154 = DIRECTION ( 'NONE',  ( 2.207981570599220075E-14, 0.9867625124381882440, 0.1621719582624398526 ) ) ;
#1155 = ADVANCED_FACE ( 'NONE', ( #1868, #1356 ), #2108, .T. ) ;
#1156 = LINE ( 'NONE', #2444, #1116 ) ;
#1157 = ORIENTED_EDGE ( 'NONE', *, *, #2632, .T. ) ;
#1158 = VECTOR ( 'NONE', #2604, 39.37007874015748143 ) ;
#1159 = CARTESIAN_POINT ( 'NONE',  ( 8.913930707209033244, 19.12997571599258606, 39.47498338349541314 ) ) ;
#1160 = ADVANCED_FACE ( 'NONE', ( #624, #119 ), #813, .T. ) ;
#1161 = VECTOR ( 'NONE', #1425, 39.37007874015748854 ) ;
#1162 = ADVANCED_FACE ( 'NONE', ( #1888 ), #2411, .F. ) ;
#1163 = ORIENTED_EDGE ( 'NONE', *, *, #3096, .F. ) ;
#1164 = CARTESIAN_POINT ( 'NONE',  ( 8.753549215071066314, -11308.71027571895320, -1821.899399918539757 ) ) ;
#1165 = AXIS2_PLACEMENT_3D ( 'NONE', #718, #25, #1046 ) ;
#1166 = DIRECTION ( 'NONE',  ( 0.000000000000000000, -0.1621719582624177314, 0.9867625124381917967 ) ) ;
#1167 = AXIS2_PLACEMENT_3D ( 'NONE', #1732, #2090, #972 ) ;
#1168 = CARTESIAN_POINT ( 'NONE',  ( -103.9029585177803199, -11606.00926984171565, 443.2276862106456861 ) ) ;
#1169 = VERTEX_POINT ( 'NONE', #55 ) ;
#1170 = VERTEX_POINT ( 'NONE', #881 ) ;
#1171 = ORIENTED_EDGE ( 'NONE', *, *, #356, .T. ) ;
#1172 = AXIS2_PLACEMENT_3D ( 'NONE', #698, #215, #169 ) ;
#1173 = DIRECTION ( 'NONE',  ( 0.000000000000000000, 0.9867625124381895763, 0.1621719582624315259 ) ) ;
#1174 = VERTEX_POINT ( 'NONE', #2895 ) ;
#1175 = CIRCLE ( 'NONE', #2034, 0.2500000000000023870 ) ;
#1176 = CARTESIAN_POINT ( 'NONE',  ( 6.982004162897908373, 18.51457752996791228, 39.68927357624415464 ) ) ;
#1177 = ORIENTED_EDGE ( 'NONE', *, *, #2913, .F. ) ;
#1178 = LINE ( 'NONE', #150, #2776 ) ;
#1179 = VECTOR ( 'NONE', #2117, 39.37007874015748143 ) ;
#1180 = ORIENTED_EDGE ( 'NONE', *, *, #3019, .F. ) ;
#1181 = EDGE_LOOP ( 'NONE', ( #1132, #248, #1763, #1102 ) ) ;
#1182 = CARTESIAN_POINT ( 'NONE',  ( 9.016594837168302234, 19.12864031035749335, 39.48310888332446922 ) ) ;
#1183 = VERTEX_POINT ( 'NONE', #2356 ) ;
#1184 = PRODUCT_DEFINITION_SHAPE ( 'NONE', 'NONE',  #2668 ) ;
#1185 = DIRECTION ( 'NONE',  ( 0.000000000000000000, -1.000000000000000000, 0.000000000000000000 ) ) ;
#1186 = EDGE_CURVE ( 'NONE', #1069, #1368, #1558, .T. ) ;
#1187 = DIRECTION ( 'NONE',  ( 1.075433412635312661E-14, -0.9867625124381884660, -0.1621719582624382427 ) ) ;
#1188 = CARTESIAN_POINT ( 'NONE',  ( 6.991273957556558116, 19.61321730242006467, 39.67942882783695779 ) ) ;
#1189 = DIRECTION ( 'NONE',  ( 0.000000000000000000, 0.9867625124381893542, 0.1621719582624329692 ) ) ;
#1190 =( BOUNDED_CURVE ( )  B_SPLINE_CURVE ( 3, ( #832, #1869, #2008, #3030 ),
 .UNSPECIFIED., .F., .T. ) 
 B_SPLINE_CURVE_WITH_KNOTS ( ( 4, 4 ),
 ( 0.04889462375392014670, 1.570796326795229403 ),
 .UNSPECIFIED. ) 
 CURVE ( )  GEOMETRIC_REPRESENTATION_ITEM ( )  RATIONAL_B_SPLINE_CURVE ( ( 1.000000000000000000, 0.8161204141113860278, 0.8161204141113860278, 1.000000000000000000 ) ) 
 REPRESENTATION_ITEM ( '' )  );
#1191 = CARTESIAN_POINT ( 'NONE',  ( 7.231700435963832163, 19.20578031004062325, 39.81535584317341403 ) ) ;
#1192 = FACE_OUTER_BOUND ( 'NONE', #188, .T. ) ;
#1193 = EDGE_LOOP ( 'NONE', ( #1571, #1952, #1390, #900, #279, #2017, #558, #1125, #1424 ) ) ;
#1194 = CARTESIAN_POINT ( 'NONE',  ( 8.827556530392101308, 19.02473036708363807, 38.26547813246288143 ) ) ;
#1195 = ORIENTED_EDGE ( 'NONE', *, *, #1717, .T. ) ;
#1196 = DIRECTION ( 'NONE',  ( -9.943926696937979454E-12, -0.1621719582624499278, 0.9867625124381865787 ) ) ;
#1197 =( NAMED_UNIT ( * ) SI_UNIT ( $, .STERADIAN. ) SOLID_ANGLE_UNIT ( ) );
#1198 = CARTESIAN_POINT ( 'NONE',  ( 9.010570874353597048, 19.10186136031288839, 39.64604990169320331 ) ) ;
#1199 = ORIENTED_EDGE ( 'NONE', *, *, #1972, .F. ) ;
#1200 = CARTESIAN_POINT ( 'NONE',  ( 7.104569014726985543, 19.78361926461866460, 37.38033059913825440 ) ) ;
#1201 = DIRECTION ( 'NONE',  ( -0.000000000000000000, 0.9867625124381881330, 0.1621719582624401579 ) ) ;
#1202 = EDGE_CURVE ( 'NONE', #1270, #30, #3200, .T. ) ;
#1203 = EDGE_CURVE ( 'NONE', #1277, #2907, #2558, .T. ) ;
#1204 = CARTESIAN_POINT ( 'NONE',  ( 8.753549341958880348, 20.09205132237294222, 39.84902990881970908 ) ) ;
#1205 = ORIENTED_EDGE ( 'NONE', *, *, #549, .F. ) ;
#1206 = CARTESIAN_POINT ( 'NONE',  ( 7.503570356965155952, 19.39507760148835303, 39.40349998581249480 ) ) ;
#1207 = PLANE ( 'NONE',  #2414 ) ;
#1208 = EDGE_CURVE ( 'NONE', #2437, #2546, #1392, .T. ) ;
#1209 = EDGE_LOOP ( 'NONE', ( #2441, #3047, #1553, #2599 ) ) ;
#1210 = ORIENTED_EDGE ( 'NONE', *, *, #2113, .T. ) ;
#1211 = CARTESIAN_POINT ( 'NONE',  ( 6.996086802232020396, 19.38214529892803739, 39.54259591823240072 ) ) ;
#1212 =( BOUNDED_SURFACE ( )  B_SPLINE_SURFACE ( 3, 2, ( 
 ( #1347, #3204, #2430 ),
 ( #1465, #2680, #2177 ),
 ( #933, #2712, #2368 ),
 ( #123, #1142, #155 ),
 ( #385, #1159, #3001 ),
 ( #1182, #2698, #136 ),
 ( #1978, #672, #1944 ),
 ( #2211, #888, #2476 ),
 ( #170, #1198, #1925 ),
 ( #2228, #2949, #1126 ) ),
 .UNSPECIFIED., .F., .F., .F. ) 
 B_SPLINE_SURFACE_WITH_KNOTS ( ( 4, 2, 2, 2, 4 ),
 ( 3, 3 ),
 ( 3.092698029835864393, 3.500050303901284465, 3.907402577966704094, 4.314754852032123722, 4.722107126097543350 ),
 ( 0.000000000000000000, 1.000000000000000000 ),
 .UNSPECIFIED. ) 
 GEOMETRIC_REPRESENTATION_ITEM ( )  RATIONAL_B_SPLINE_SURFACE ( (
 ( 1.000000000000000000, 0.6604408934801839770, 1.000000000000000000),
 ( 1.000000000000000000, 0.6601116245907345803, 1.000000000000000000),
 ( 1.000000000000000000, 0.6611569499627988344, 1.000000000000000000),
 ( 1.000000000000000000, 0.6657446882738119465, 1.000000000000000000),
 ( 1.000000000000000000, 0.6692908488348854323, 1.000000000000000000),
 ( 1.000000000000000000, 0.6782160560902952273, 1.000000000000000000),
 ( 1.000000000000000000, 0.6835879359488062912, 1.000000000000000000),
 ( 1.000000000000000000, 0.6951908482543732726, 1.000000000000000000),
 ( 1.000000000000000000, 0.7014154983601602611, 1.000000000000000000),
 ( 1.000000000000000000, 0.7075457039938218839, 1.000000000000000000) ) ) 
 REPRESENTATION_ITEM ( '' )  SURFACE ( )  );
#1213 = FACE_OUTER_BOUND ( 'NONE', #1890, .T. ) ;
#1214 = FACE_OUTER_BOUND ( 'NONE', #1415, .T. ) ;
#1215 = ORIENTED_EDGE ( 'NONE', *, *, #1775, .T. ) ;
#1216 = CIRCLE ( 'NONE', #3101, 0.1104999999999981414 ) ;
#1217 = CARTESIAN_POINT ( 'NONE',  ( 8.901563718824586857, 19.69229618482790301, 36.85506830585880067 ) ) ;
#1218 = FACE_OUTER_BOUND ( 'NONE', #785, .T. ) ;
#1219 = AXIS2_PLACEMENT_3D ( 'NONE', #440, #2240, #1715 ) ;
#1220 = CARTESIAN_POINT ( 'NONE',  ( 7.505565660814533580, 19.40163606572360777, 39.36359390882459763 ) ) ;
#1221 = VECTOR ( 'NONE', #96, 39.37007874015748143 ) ;
#1222 = DIRECTION ( 'NONE',  ( 0.000000000000000000, -0.1621719582624240319, 0.9867625124381906865 ) ) ;
#1223 = VERTEX_POINT ( 'NONE', #2873 ) ;
#1224 = CONICAL_SURFACE ( 'NONE', #2613, 0.1874999999999997502, 0.03332099587824763343 ) ;
#1225 = CARTESIAN_POINT ( 'NONE',  ( 6.992978236439716611, 19.39455488722515142, 39.60848597260432058 ) ) ;
#1226 = EDGE_CURVE ( 'NONE', #2254, #2960, #1861, .T. ) ;
#1227 = CARTESIAN_POINT ( 'NONE',  ( 8.753549341958880348, 20.07413132098493946, 39.95806716644413115 ) ) ;
#1228 = CIRCLE ( 'NONE', #202, 0.1775000000000015177 ) ;
#1229 = ORIENTED_EDGE ( 'NONE', *, *, #1678, .T. ) ;
#1230 = AXIS2_PLACEMENT_3D ( 'NONE', #1680, #1989, #899 ) ;
#1231 = CARTESIAN_POINT ( 'NONE',  ( 7.231700435963832163, 19.20578031004062325, 39.81535584317341403 ) ) ;
#1232 = ORIENTED_EDGE ( 'NONE', *, *, #909, .F. ) ;
#1233 = AXIS2_PLACEMENT_3D ( 'NONE', #930, #1714, #996 ) ;
#1234 = LINE ( 'NONE', #3306, #290 ) ;
#1235 = LINE ( 'NONE', #3296, #564 ) ;
#1236 = CYLINDRICAL_SURFACE ( 'NONE', #2071, 0.1104999999999981414 ) ;
#1237 = ORIENTED_EDGE ( 'NONE', *, *, #1532, .T. ) ;
#1238 = DIRECTION ( 'NONE',  ( -7.542518067175707262E-17, 0.03489949670250108715, 0.9993908270190957621 ) ) ;
#1239 = EDGE_LOOP ( 'NONE', ( #3276, #1246, #2415, #34 ) ) ;
#1240 = ORIENTED_EDGE ( 'NONE', *, *, #2118, .T. ) ;
#1241 = CYLINDRICAL_SURFACE ( 'NONE', #3272, 0.1104999999999981414 ) ;
#1242 = CARTESIAN_POINT ( 'NONE',  ( 7.305707624396662325, 19.59785699109773915, 38.16965473842488876 ) ) ;
#1243 = ADVANCED_FACE ( 'NONE', ( #295 ), #1901, .T. ) ;
#1244 = EDGE_CURVE ( 'NONE', #1459, #2163, #1330, .T. ) ;
#1245 = CARTESIAN_POINT ( 'NONE',  ( 7.379714812829573312, 20.56064719577230093, 36.99777962912957463 ) ) ;
#1246 = ORIENTED_EDGE ( 'NONE', *, *, #287, .F. ) ;
#1247 = DIRECTION ( 'NONE',  ( -0.006297178994489255333, -0.9993710116692215983, -0.03489880473523086779 ) ) ;
#1248 = ORIENTED_EDGE ( 'NONE', *, *, #1307, .F. ) ;
#1249 = CARTESIAN_POINT ( 'NONE',  ( 8.827556530392101308, 19.04753174441534114, 38.12673932321406767 ) ) ;
#1250 = FACE_OUTER_BOUND ( 'NONE', #1338, .T. ) ;
#1251 = CARTESIAN_POINT ( 'NONE',  ( -15743.53573660913389, 19.60187973275300521, 40.13380756291405049 ) ) ;
#1252 = EDGE_CURVE ( 'NONE', #3286, #778, #2027, .T. ) ;
#1253 = DIRECTION ( 'NONE',  ( -1.105215804562197871E-11, -0.9867625124381893542, -0.1621719582624329692 ) ) ;
#1254 = ORIENTED_EDGE ( 'NONE', *, *, #2092, .F. ) ;
#1255 = CARTESIAN_POINT ( 'NONE',  ( 8.584831431299894788, 19.46040273801910558, 37.52577967470772080 ) ) ;
#1256 = CARTESIAN_POINT ( 'NONE',  ( 9.082394269340680282, 19.46966643524068274, 37.40807816037084166 ) ) ;
#1257 = EDGE_CURVE ( 'NONE', #974, #1828, #2945, .T. ) ;
#1258 = CARTESIAN_POINT ( 'NONE',  ( 9.000541962206977331, 19.56986540786488149, 39.94321071001927947 ) ) ;
#1259 = VERTEX_POINT ( 'NONE', #697 ) ;
#1260 = CARTESIAN_POINT ( 'NONE',  ( 9.003245615029408455, 19.57875217985031568, 39.88913765356232233 ) ) ;
#1261 = VERTEX_POINT ( 'NONE', #182 ) ;
#1262 = DIRECTION ( 'NONE',  ( -1.000000000000000000, 2.841174777044308882E-14, -1.067631250409947077E-15 ) ) ;
#1263 = CARTESIAN_POINT ( 'NONE',  ( 7.349010279276020796, 19.75932256544709986, 37.49676124766769192 ) ) ;
#1264 = AXIS2_PLACEMENT_3D ( 'NONE', #2919, #94, #110 ) ;
#1265 = ORIENTED_EDGE ( 'NONE', *, *, #2381, .T. ) ;
#1266 = ADVANCED_FACE ( 'NONE', ( #1460 ), #3237, .F. ) ;
#1267 = VECTOR ( 'NONE', #921, 39.37007874015748854 ) ;
#1268 = CARTESIAN_POINT ( 'NONE',  ( 8.663594153850540991, 19.78957801885536583, 36.61770256534855150 ) ) ;
#1270 = VERTEX_POINT ( 'NONE', #932 ) ;
#1269 = AXIS2_PLACEMENT_3D ( 'NONE', #1606, #2556, #2588 ) ;
#1271 = CARTESIAN_POINT ( 'NONE',  ( 8.827556530392101308, 19.02473036708363807, 38.26547813246288143 ) ) ;
#1272 = VECTOR ( 'NONE', #132, 39.37007874015748143 ) ;
#1273 = AXIS2_PLACEMENT_3D ( 'NONE', #3062, #1772, #482 ) ;
#1274 = CARTESIAN_POINT ( 'NONE',  ( 9.060829455410468469, 19.45164081731844874, 37.51775805952463827 ) ) ;
#1275 = FACE_OUTER_BOUND ( 'NONE', #1812, .T. ) ;
#1276 = DIRECTION ( 'NONE',  ( -3.403010680006646082E-14, -0.9867625124381881330, -0.1621719582624404077 ) ) ;
#1277 = VERTEX_POINT ( 'NONE', #168 ) ;
#1278 = CARTESIAN_POINT ( 'NONE',  ( 8.827556530392104861, 19.32075912081509372, 38.31412971994161865 ) ) ;
#1279 = AXIS2_PLACEMENT_3D ( 'NONE', #3254, #198, #2242 ) ;
#1280 = VERTEX_POINT ( 'NONE', #2474 ) ;
#1281 = DIRECTION ( 'NONE',  ( 0.04927818435184642271, 0.1619749342972592876, -0.9855636870372121994 ) ) ;
#1282 = AXIS2_PLACEMENT_3D ( 'NONE', #2990, #424, #3263 ) ;
#1283 = VECTOR ( 'NONE', #916, 39.37007874015748143 ) ;
#1284 = UNCERTAINTY_MEASURE_WITH_UNIT (LENGTH_MEASURE( 1.000000000000000082E-05 ), #1144, 'distance_accuracy_value', 'NONE');
#1285 = CARTESIAN_POINT ( 'NONE',  ( -15743.67739252913088, 18.19293058084213044, 41.64638844904202841 ) ) ;
#1286 = EDGE_CURVE ( 'NONE', #778, #3312, #2665, .T. ) ;
#1287 = ADVANCED_FACE ( 'NONE', ( #429 ), #559, .F. ) ;
#1288 = ORIENTED_EDGE ( 'NONE', *, *, #474, .T. ) ;
#1289 = DIRECTION ( 'NONE',  ( 0.000000000000000000, 0.1621719582624442935, -0.9867625124381874668 ) ) ;
#1290 = CARTESIAN_POINT ( 'NONE',  ( 8.901563718824602844, 20.11101859519335022, 37.03586665501428854 ) ) ;
#1291 = CARTESIAN_POINT ( 'NONE',  ( 9.130763141061191135, 19.49505166877742823, 37.25361744414510667 ) ) ;
#1292 = DIRECTION ( 'NONE',  ( 0.000000000000000000, -0.1621719582624240319, 0.9867625124381906865 ) ) ;
#1293 = VERTEX_POINT ( 'NONE', #668 ) ;
#1294 = ORIENTED_EDGE ( 'NONE', *, *, #2685, .F. ) ;
#1295 = CARTESIAN_POINT ( 'NONE',  ( 8.753549341958880348, 19.66034272317987330, 39.77807967707966696 ) ) ;
#1296 = VERTEX_POINT ( 'NONE', #2224 ) ;
#1297 = FACE_OUTER_BOUND ( 'NONE', #1605, .T. ) ;
#1298 = CARTESIAN_POINT ( 'NONE',  ( 7.316122931310694355, 19.75958570622340105, 37.49516012669202070 ) ) ;
#1299 = ORIENTED_EDGE ( 'NONE', *, *, #1031, .F. ) ;
#1300 = CARTESIAN_POINT ( 'NONE',  ( 8.506375172688361630, 19.20046947736896570, 39.42662307750747175 ) ) ;
#1301 = ADVANCED_FACE ( 'NONE', ( #2694, #1213 ), #2757, .F. ) ;
#1302 = EDGE_CURVE ( 'NONE', #3184, #16, #278, .T. ) ;
#1303 = LINE ( 'NONE', #1525, #1697 ) ;
#1304 = DIRECTION ( 'NONE',  ( 0.009695013075848333411, 0.9993438579051868720, -0.03489785650490104252 ) ) ;
#1305 = SHAPE_DEFINITION_REPRESENTATION ( #1184, #980 ) ;
#1306 = CARTESIAN_POINT ( 'NONE',  ( 9.191683678506453958, 19.48804924130773131, 37.29622488995264717 ) ) ;
#1307 = EDGE_CURVE ( 'NONE', #2777, #2095, #1178, .T. ) ;
#1308 = CARTESIAN_POINT ( 'NONE',  ( 7.239969503443725252, 19.46330872275610702, 39.37372965621683818 ) ) ;
#1309 = CARTESIAN_POINT ( 'NONE',  ( -15743.38933384584561, 20.02142565720390976, 37.19561654831772302 ) ) ;
#1310 = ORIENTED_EDGE ( 'NONE', *, *, #592, .T. ) ;
#1311 = VERTEX_POINT ( 'NONE', #2210 ) ;
#1312 = CARTESIAN_POINT ( 'NONE',  ( 8.487857854462811602, 20.16948158614385989, 36.68013876927980732 ) ) ;
#1313 = DIRECTION ( 'NONE',  ( 0.000000000000000000, -0.1621719582624442935, 0.9867625124381874668 ) ) ;
#1314 = EDGE_LOOP ( 'NONE', ( #2716, #320, #270, #2413, #1708, #322 ) ) ;
#1315 = CARTESIAN_POINT ( 'NONE',  ( 8.912266554549876929, 18.77645966414028322, 41.62601116443231319 ) ) ;
#1316 = ORIENTED_EDGE ( 'NONE', *, *, #2309, .F. ) ;
#1317 =( BOUNDED_CURVE ( )  B_SPLINE_CURVE ( 3, ( #354, #2167, #373, #1188 ),
 .UNSPECIFIED., .F., .T. ) 
 B_SPLINE_CURVE_WITH_KNOTS ( ( 4, 4 ),
 ( 1.028912317541528676, 1.570796326794658748 ),
 .UNSPECIFIED. ) 
 CURVE ( )  GEOMETRIC_REPRESENTATION_ITEM ( )  RATIONAL_B_SPLINE_CURVE ( ( 1.000000000000000000, 0.9756794710291147865, 0.9756794710291147865, 1.000000000000000000 ) ) 
 REPRESENTATION_ITEM ( '' )  );
#1318 = ORIENTED_EDGE ( 'NONE', *, *, #2596, .F. ) ;
#1319 = AXIS2_PLACEMENT_3D ( 'NONE', #861, #2687, #923 ) ;
#1320 = CARTESIAN_POINT ( 'NONE',  ( 8.901563718824588634, 20.06726593955441018, 36.91669364999853542 ) ) ;
#1321 = VECTOR ( 'NONE', #1749, 39.37007874015748143 ) ;
#1322 = DIRECTION ( 'NONE',  ( -0.000000000000000000, 0.9867625124381881330, 0.1621719582624401579 ) ) ;
#1323 = AXIS2_PLACEMENT_3D ( 'NONE', #2710, #1997, #217 ) ;
#1324 = PRODUCT_CONTEXT ( 'NONE', #1453, 'mechanical' ) ;
#1325 = DIRECTION ( 'NONE',  ( 1.105226225352599679E-11, 0.9867625124381896873, 0.1621719582624308875 ) ) ;
#1326 = AXIS2_PLACEMENT_3D ( 'NONE', #1603, #1070, #3185 ) ;
#1327 = DIRECTION ( 'NONE',  ( 0.000000000000000000, -0.1621719582624354949, 0.9867625124381889101 ) ) ;
#1328 = CARTESIAN_POINT ( 'NONE',  ( 7.231700435963846374, 20.05621131959698289, 40.06710442406856032 ) ) ;
#1329 = ORIENTED_EDGE ( 'NONE', *, *, #418, .T. ) ;
#1330 = CIRCLE ( 'NONE', #1108, 0.1104999999999981414 ) ;
#1331 = DIRECTION ( 'NONE',  ( 0.000000000000000000, -0.9867625124381886881, -0.1621719582624358558 ) ) ;
#1332 = ADVANCED_FACE ( 'NONE', ( #950 ), #197, .F. ) ;
#1333 = DIRECTION ( 'NONE',  ( 0.000000000000000000, -0.1621719582624442935, 0.9867625124381874668 ) ) ;
#1334 = LINE ( 'NONE', #1490, #2032 ) ;
#1335 = VECTOR ( 'NONE', #3299, 39.37007874015748143 ) ;
#1336 = EDGE_LOOP ( 'NONE', ( #2855, #4, #961, #1051 ) ) ;
#1337 = CARTESIAN_POINT ( 'NONE',  ( 7.123259866797619466, 20.00039945906824812, 37.32355397892308702 ) ) ;
#1338 = EDGE_LOOP ( 'NONE', ( #1913, #1774, #1072, #3194 ) ) ;
#1339 = AXIS2_PLACEMENT_3D ( 'NONE', #689, #1476, #1313 ) ;
#1340 = VERTEX_POINT ( 'NONE', #638 ) ;
#1341 = VECTOR ( 'NONE', #3303, 39.37007874015748143 ) ;
#1342 = DIRECTION ( 'NONE',  ( -0.000000000000000000, 0.9867625124381881330, 0.1621719582624402967 ) ) ;
#1343 = CARTESIAN_POINT ( 'NONE',  ( 8.753549341958866137, 19.59867006615777640, 39.76794392968913883 ) ) ;
#1344 = EDGE_LOOP ( 'NONE', ( #931, #1299 ) ) ;
#1345 = AXIS2_PLACEMENT_3D ( 'NONE', #1647, #2661, #1189 ) ;
#1346 = CARTESIAN_POINT ( 'NONE',  ( 8.491439860060747691, 19.15355539754558478, 39.39022778662519642 ) ) ;
#1347 = CARTESIAN_POINT ( 'NONE',  ( 8.760231101075172333, 19.14972803419494340, 39.35479708652312780 ) ) ;
#1348 = EDGE_CURVE ( 'NONE', #164, #1613, #3269, .T. ) ;
#1349 = VECTOR ( 'NONE', #1354, 39.37007874015748143 ) ;
#1350 = DIRECTION ( 'NONE',  ( 0.000000000000000000, -0.1621719582624177314, 0.9867625124381917967 ) ) ;
#1351 = DIRECTION ( 'NONE',  ( -1.000000000000000000, -7.586647260909619761E-15, 1.894604045528018300E-16 ) ) ;
#1352 = CARTESIAN_POINT ( 'NONE',  ( 7.200091595894682506, 19.40163606572653165, 39.36359390883871612 ) ) ;
#1353 = ORIENTED_EDGE ( 'NONE', *, *, #1348, .T. ) ;
#1354 = DIRECTION ( 'NONE',  ( -0.04927818435184642964, -0.1619749342972593154, 0.9855636870372121994 ) ) ;
#1355 = ORIENTED_EDGE ( 'NONE', *, *, #2214, .F. ) ;
#1356 = FACE_OUTER_BOUND ( 'NONE', #3081, .T. ) ;
#1357 = CARTESIAN_POINT ( 'NONE',  ( 8.455149620356239737, 19.03695819385639254, 40.04096411670833788 ) ) ;
#1358 = EDGE_CURVE ( 'NONE', #756, #291, #2079, .T. ) ;
#1359 = LINE ( 'NONE', #2677, #1662 ) ;
#1360 = EDGE_LOOP ( 'NONE', ( #2052, #2702, #451, #2457 ) ) ;
#1361 = EDGE_CURVE ( 'NONE', #2902, #112, #1959, .T. ) ;
#1362 = CARTESIAN_POINT ( 'NONE',  ( 7.112247280653673620, 19.75387371583614993, 37.22034477796595553 ) ) ;
#1363 = ORIENTED_EDGE ( 'NONE', *, *, #1302, .T. ) ;
#1364 = CARTESIAN_POINT ( 'NONE',  ( 8.261735100971284496, 20.26088631963601472, 37.20186844398469361 ) ) ;
#1365 = EDGE_CURVE ( 'NONE', #2531, #2206, #3288, .T. ) ;
#1366 = DIRECTION ( 'NONE',  ( 0.000000000000000000, -0.1621719582624177314, 0.9867625124381917967 ) ) ;
#1367 = PLANE ( 'NONE',  #1552 ) ;
#1368 = VERTEX_POINT ( 'NONE', #650 ) ;
#1369 = CARTESIAN_POINT ( 'NONE',  ( 7.231700435966176954, 19.58075006476984470, 39.87698118731336194 ) ) ;
#1370 = ORIENTED_EDGE ( 'NONE', *, *, #1907, .T. ) ;
#1371 = EDGE_CURVE ( 'NONE', #3257, #2321, #2442, .T. ) ;
#1372 = CARTESIAN_POINT ( 'NONE',  ( 15752.44993685221016, 19.56986540743743674, 39.94321070991409783 ) ) ;
#1373 = DIRECTION ( 'NONE',  ( -0.04927818435184642271, -0.1619749342972592598, 0.9855636870372121994 ) ) ;
#1374 = DIRECTION ( 'NONE',  ( 1.000000000000000000, 1.075087380921094543E-14, 8.875826659450685105E-16 ) ) ;
#1375 = ORIENTED_EDGE ( 'NONE', *, *, #3239, .T. ) ;
#1376 = VERTEX_POINT ( 'NONE', #904 ) ;
#1377 = VERTEX_POINT ( 'NONE', #1940 ) ;
#1378 = LINE ( 'NONE', #531, #507 ) ;
#1379 = CARTESIAN_POINT ( 'NONE',  ( 7.130018539761422858, 20.56264508068808894, 36.98562316288001028 ) ) ;
#1380 = CLOSED_SHELL ( 'NONE', ( #669, #2440, #2641, #3064, #177, #1626, #683, #757, #2586, #1594, #1884, #406, #1478, #1332 ) ) ;
#1381 = LINE ( 'NONE', #547, #2829 ) ;
#1382 = CARTESIAN_POINT ( 'NONE',  ( 7.108222726817684745, 19.76754716667486989, 37.30264120532074656 ) ) ;
#1383 = CIRCLE ( 'NONE', #3261, 0.1244999999999983620 ) ;
#1384 = VERTEX_POINT ( 'NONE', #2966 ) ;
#1385 = DIRECTION ( 'NONE',  ( -0.04862741781208788916, 0.000000000000000000, 0.9988169873590099224 ) ) ;
#1386 = ORIENTED_EDGE ( 'NONE', *, *, #431, .F. ) ;
#1387 = CIRCLE ( 'NONE', #555, 0.1775000000000015177 ) ;
#1388 = DIRECTION ( 'NONE',  ( -1.075433412635312661E-14, 0.9867625124381884660, 0.1621719582624382427 ) ) ;
#1389 = CARTESIAN_POINT ( 'NONE',  ( 7.130018539763609553, 19.00109340475528086, 36.72898603892927127 ) ) ;
#1390 = ORIENTED_EDGE ( 'NONE', *, *, #707, .T. ) ;
#1391 = EDGE_CURVE ( 'NONE', #2546, #2437, #611, .T. ) ;
#1392 = CIRCLE ( 'NONE', #2827, 0.1104999999999984883 ) ;
#1393 = ORIENTED_EDGE ( 'NONE', *, *, #1661, .F. ) ;
#1394 = CARTESIAN_POINT ( 'NONE',  ( 7.379714812830528103, 20.60119018533971769, 36.75108900102031129 ) ) ;
#1395 = ORIENTED_EDGE ( 'NONE', *, *, #1463, .T. ) ;
#1396 = VECTOR ( 'NONE', #2405, 39.37007874015747433 ) ;
#1397 = CARTESIAN_POINT ( 'NONE',  ( 8.901563718824698768, 20.56064719577412347, 36.99777962912985885 ) ) ;
#1398 = AXIS2_PLACEMENT_3D ( 'NONE', #1617, #2635, #2423 ) ;
#1399 = EDGE_CURVE ( 'NONE', #2768, #511, #459, .T. ) ;
#1400 = CARTESIAN_POINT ( 'NONE',  ( 7.469670000939550469, 19.54020707520304612, 40.12367181542304451 ) ) ;
#1401 = EDGE_LOOP ( 'NONE', ( #1479, #2125 ) ) ;
#1402 = ORIENTED_EDGE ( 'NONE', *, *, #2341, .T. ) ;
#1403 = CARTESIAN_POINT ( 'NONE',  ( 8.827556530392101308, 19.00192898975193856, 38.40421694171168809 ) ) ;
#1404 = DIRECTION ( 'NONE',  ( 3.403073829338481831E-14, 0.9867625124381881330, 0.1621719582624404354 ) ) ;
#1405 = VECTOR ( 'NONE', #1681, 39.37007874015748143 ) ;
#1406 = ORIENTED_EDGE ( 'NONE', *, *, #2746, .T. ) ;
#1407 = CYLINDRICAL_SURFACE ( 'NONE', #1010, 0.1105000000000024435 ) ;
#1408 = VERTEX_POINT ( 'NONE', #1564 ) ;
#1409 = DIRECTION ( 'NONE',  ( -1.075433412635312661E-14, 0.9867625124381884660, 0.1621719582624382427 ) ) ;
#1410 = PLANE ( 'NONE',  #2038 ) ;
#1411 = EDGE_CURVE ( 'NONE', #1674, #2452, #3049, .T. ) ;
#1412 = PLANE ( 'NONE',  #454 ) ;
#1413 = PLANE ( 'NONE',  #1916 ) ;
#1414 = CARTESIAN_POINT ( 'NONE',  ( 15752.60126270479304, 20.52010420634244170, 37.24447025726144744 ) ) ;
#1415 = EDGE_LOOP ( 'NONE', ( #2823, #2929, #397, #2963 ) ) ;
#1416 = DIRECTION ( 'NONE',  ( -0.000000000000000000, 0.9867625124381881330, 0.1621719582624401579 ) ) ;
#1417 = ORIENTED_EDGE ( 'NONE', *, *, #2894, .T. ) ;
#1418 = EDGE_CURVE ( 'NONE', #623, #765, #1032, .T. ) ;
#1419 = ADVANCED_FACE ( 'NONE', ( #3091 ), #1458, .F. ) ;
#1420 = CARTESIAN_POINT ( 'NONE',  ( 8.885035434414998434, 19.97542016258746855, 37.48950712249058626 ) ) ;
#1421 = PLANE ( 'NONE',  #1282 ) ;
#1422 = ORIENTED_EDGE ( 'NONE', *, *, #1846, .F. ) ;
#1423 = DIRECTION ( 'NONE',  ( 0.000000000000000000, -0.1621719582624386313, 0.9867625124381884660 ) ) ;
#1424 = ORIENTED_EDGE ( 'NONE', *, *, #2156, .T. ) ;
#1425 = DIRECTION ( 'NONE',  ( -0.006297178994489257067, -0.9993710116692215983, -0.03489880473523086779 ) ) ;
#1426 = FACE_OUTER_BOUND ( 'NONE', #2707, .T. ) ;
#1427 = ORIENTED_EDGE ( 'NONE', *, *, #2957, .T. ) ;
#1428 = CARTESIAN_POINT ( 'NONE',  ( 8.827556530392104861, 19.35116636298930359, 38.12911174885945798 ) ) ;
#1429 = CARTESIAN_POINT ( 'NONE',  ( 8.753549341958866137, 18.53049964644005954, 39.59239278486949587 ) ) ;
#1430 = DIRECTION ( 'NONE',  ( 0.000000000000000000, -0.1621719582624301381, 0.9867625124381897983 ) ) ;
#1431 = DIRECTION ( 'NONE',  ( -0.000000000000000000, 0.9867625124381881330, 0.1621719582624402967 ) ) ;
#1432 = ORIENTED_EDGE ( 'NONE', *, *, #1948, .F. ) ;
#1433 = LINE ( 'NONE', #924, #2416 ) ;
#1434 = ORIENTED_EDGE ( 'NONE', *, *, #93, .T. ) ;
#1435 = DIRECTION ( 'NONE',  ( -0.000000000000000000, 0.9867625124381881330, 0.1621719582624401579 ) ) ;
#1436 = LINE ( 'NONE', #1534, #2681 ) ;
#1437 = CYLINDRICAL_SURFACE ( 'NONE', #1461, 0.06250000000000076328 ) ;
#1438 = VERTEX_POINT ( 'NONE', #1776 ) ;
#1439 = CARTESIAN_POINT ( 'NONE',  ( 7.980290357550932967, 19.72522504628017970, 40.15407905759693818 ) ) ;
#1440 = AXIS2_PLACEMENT_3D ( 'NONE', #449, #3074, #2812 ) ;
#1441 = EDGE_CURVE ( 'NONE', #2161, #1674, #158, .T. ) ;
#1442 = AXIS2_PLACEMENT_3D ( 'NONE', #1823, #1576, #1962 ) ;
#1443 = CARTESIAN_POINT ( 'NONE',  ( 8.866177453292014121, 19.14972803419494340, 39.35479708652312780 ) ) ;
#1444 = DIRECTION ( 'NONE',  ( -2.483089964629589860E-15, 0.1621719582624308875, -0.9867625124381896873 ) ) ;
#1445 = VECTOR ( 'NONE', #2162, 39.37007874015748854 ) ;
#1446 = ORIENTED_EDGE ( 'NONE', *, *, #1907, .F. ) ;
#1447 = CARTESIAN_POINT ( 'NONE',  ( 7.231700435963833051, 19.59867006615781904, 39.76794392968914593 ) ) ;
#1448 = AXIS2_PLACEMENT_3D ( 'NONE', #1271, #2766, #1289 ) ;
#1449 = FILL_AREA_STYLE_COLOUR ( '', #2833 ) ;
#1450 = VECTOR ( 'NONE', #1999, 39.37007874015748854 ) ;
#1451 = VERTEX_POINT ( 'NONE', #2049 ) ;
#1452 = VECTOR ( 'NONE', #441, 39.37007874015748854 ) ;
#1453 = APPLICATION_CONTEXT ( 'automotive_design' ) ;
#1454 = CARTESIAN_POINT ( 'NONE',  ( 7.502507248611732571, 19.46112750420920889, 39.43619158290564286 ) ) ;
#1455 = DIRECTION ( 'NONE',  ( 0.000000000000000000, -0.1621719582624240319, 0.9867625124381906865 ) ) ;
#1456 = ORIENTED_EDGE ( 'NONE', *, *, #1358, .F. ) ;
#1457 = AXIS2_PLACEMENT_3D ( 'NONE', #493, #3107, #2312 ) ;
#1458 =( BOUNDED_SURFACE ( )  B_SPLINE_SURFACE ( 3, 2, ( 
 ( #2301, #1291, #1504 ),
 ( #1306, #753, #772 ),
 ( #997, #499, #227 ),
 ( #1515, #2279, #2534 ),
 ( #2064, #1256, #2805 ),
 ( #2036, #1808, #2564 ),
 ( #3069, #274, #484 ),
 ( #2771, #259, #1546 ),
 ( #2580, #475, #978 ),
 ( #2836, #2082, #2021 ) ),
 .UNSPECIFIED., .F., .F., .T. ) 
 B_SPLINE_SURFACE_WITH_KNOTS ( ( 4, 2, 2, 2, 4 ),
 ( 3, 3 ),
 ( 1.561661565809141505, 1.944560297128438364, 2.327459028447735445, 2.710357759767032526, 3.093256491086329607 ),
 ( 0.000000000000000000, 1.000000000000000000 ),
 .UNSPECIFIED. ) 
 GEOMETRIC_REPRESENTATION_ITEM ( )  RATIONAL_B_SPLINE_SURFACE ( (
 ( 1.000000000000000000, 0.7064711062160898836, 1.000000000000000000),
 ( 1.000000000000000000, 0.7153604313133002934, 1.000000000000000000),
 ( 1.000000000000000000, 0.7240803978489512849, 1.000000000000000000),
 ( 1.000000000000000000, 0.7400468479015070988, 1.000000000000000000),
 ( 1.000000000000000000, 0.7472873682481823154, 1.000000000000000000),
 ( 1.000000000000000000, 0.7594057391533438617, 1.000000000000000000),
 ( 1.000000000000000000, 0.7642827540587073809, 1.000000000000000000),
 ( 1.000000000000000000, 0.7711187770323684187, 1.000000000000000000),
 ( 1.000000000000000000, 0.7730828767044689576, 1.000000000000000000),
 ( 1.000000000000000000, 0.7734696770183473458, 1.000000000000000000) ) ) 
 REPRESENTATION_ITEM ( '' )  SURFACE ( )  );
#1459 = VERTEX_POINT ( 'NONE', #1788 ) ;
#1460 = FACE_OUTER_BOUND ( 'NONE', #1937, .T. ) ;
#1461 = AXIS2_PLACEMENT_3D ( 'NONE', #2239, #3301, #2964 ) ;
#1462 = PLANE ( 'NONE',  #1172 ) ;
#1463 = EDGE_CURVE ( 'NONE', #511, #2076, #518, .T. ) ;
#1464 = ADVANCED_FACE ( 'NONE', ( #13 ), #2329, .T. ) ;
#1465 = CARTESIAN_POINT ( 'NONE',  ( 8.802673358503630752, 19.14972803419563618, 39.35479708651891428 ) ) ;
#1466 = ORIENTED_EDGE ( 'NONE', *, *, #2557, .T. ) ;
#1467 = CARTESIAN_POINT ( 'NONE',  ( 7.379714812832766313, 20.10780892912011097, 36.67000302188875338 ) ) ;
#1468 = CARTESIAN_POINT ( 'NONE',  ( 7.345990587281117534, 19.69985783887103281, 37.54901345186454620 ) ) ;
#1469 = LINE ( 'NONE', #1988, #1335 ) ;
#1470 = FACE_OUTER_BOUND ( 'NONE', #1181, .T. ) ;
#1471 = ORIENTED_EDGE ( 'NONE', *, *, #1949, .F. ) ;
#1472 = CARTESIAN_POINT ( 'NONE',  ( 9.151259991892860768, -11234.38682472648725, -1812.712286480294779 ) ) ;
#1473 = LENGTH_MEASURE_WITH_UNIT ( LENGTH_MEASURE( 0.02539999999999999897 ), #2726 );
#1474 = ORIENTED_EDGE ( 'NONE', *, *, #216, .F. ) ;
#1475 = DIRECTION ( 'NONE',  ( 0.000000000000000000, 0.1621719582626633405, -0.9867625124381514956 ) ) ;
#1476 = DIRECTION ( 'NONE',  ( -1.075433412635312661E-14, 0.9867625124381884660, 0.1621719582624382427 ) ) ;
#1477 = FACE_OUTER_BOUND ( 'NONE', #679, .T. ) ;
#1478 = ADVANCED_FACE ( 'NONE', ( #2522 ), #1241, .F. ) ;
#1479 = ORIENTED_EDGE ( 'NONE', *, *, #453, .F. ) ;
#1480 = CARTESIAN_POINT ( 'NONE',  ( 9.003245615027346105, -11234.87334060127432, -1809.751998942983391 ) ) ;
#1481 = CYLINDRICAL_SURFACE ( 'NONE', #256, 0.2500000000000020539 ) ;
#1482 = ORIENTED_EDGE ( 'NONE', *, *, #2317, .T. ) ;
#1483 = CARTESIAN_POINT ( 'NONE',  ( 8.760231101075174109, 19.14972803419494696, 39.35479708652312780 ) ) ;
#1484 = DIRECTION ( 'NONE',  ( 0.000000000000000000, -0.1621719582624369937, 0.9867625124381886881 ) ) ;
#1485 = CYLINDRICAL_SURFACE ( 'NONE', #152, 0.2500000000000020539 ) ;
#1486 = ORIENTED_EDGE ( 'NONE', *, *, #3183, .F. ) ;
#1487 = AXIS2_PLACEMENT_3D ( 'NONE', #2311, #6, #1078 ) ;
#1488 = CARTESIAN_POINT ( 'NONE',  ( 7.596276317682574941, 19.69979747080613564, 37.54938077146324105 ) ) ;
#1489 = CIRCLE ( 'NONE', #35, 0.1244999999999983620 ) ;
#1490 = CARTESIAN_POINT ( 'NONE',  ( 8.637313477533558270, 20.02142565677119279, 37.19561654823245789 ) ) ;
#1491 = CYLINDRICAL_SURFACE ( 'NONE', #2451, 0.2500000000000737743 ) ;
#1492 = AXIS2_PLACEMENT_3D ( 'NONE', #2910, #72, #831 ) ;
#1493 = DIMENSIONAL_EXPONENTS ( 1.000000000000000000, 0.000000000000000000, 0.000000000000000000, 0.000000000000000000, 0.000000000000000000, 0.000000000000000000, 0.000000000000000000 ) ;
#1494 = VERTEX_POINT ( 'NONE', #2795 ) ;
#1495 = DIRECTION ( 'NONE',  ( 0.000000000000000000, -0.1621719582624464862, 0.9867625124381870227 ) ) ;
#1496 = EDGE_CURVE ( 'NONE', #2105, #469, #563, .T. ) ;
#1497 = AXIS2_PLACEMENT_3D ( 'NONE', #2060, #975, #1495 ) ;
#1498 = ADVANCED_FACE ( 'NONE', ( #567 ), #2921, .F. ) ;
#1499 = CARTESIAN_POINT ( 'NONE',  ( 8.753549341954443008, 19.60187973222626567, 40.13380756281362949 ) ) ;
#1500 = ORIENTED_EDGE ( 'NONE', *, *, #1894, .T. ) ;
#1501 = AXIS2_PLACEMENT_3D ( 'NONE', #2714, #910, #3243 ) ;
#1502 = CARTESIAN_POINT ( 'NONE',  ( 9.100342080046909032, 19.99338372297802024, 37.36624240328049495 ) ) ;
#1503 = VERTEX_POINT ( 'NONE', #3127 ) ;
#1504 = CARTESIAN_POINT ( 'NONE',  ( 9.130875573560535585, 19.55683442498435198, 37.26377588514674954 ) ) ;
#1505 = VECTOR ( 'NONE', #2121, 39.37007874015748854 ) ;
#1506 = ORIENTED_EDGE ( 'NONE', *, *, #708, .F. ) ;
#1507 = CIRCLE ( 'NONE', #2899, 0.1105000000000027904 ) ;
#1508 = DIRECTION ( 'NONE',  ( 4.079890020853871236E-18, 0.9916174987123095308, 0.1292081121584195968 ) ) ;
#1509 = CARTESIAN_POINT ( 'NONE',  ( 7.305707624396662325, 19.24861961786037412, 38.44475993127712599 ) ) ;
#1510 = CARTESIAN_POINT ( 'NONE',  ( 7.314273030132434350, 19.70842565118902812, 37.49688115906550934 ) ) ;
#1511 = CARTESIAN_POINT ( 'NONE',  ( 8.753549341958866137, 19.22370031142858338, 39.70631858554897775 ) ) ;
#1512 = ORIENTED_EDGE ( 'NONE', *, *, #2257, .T. ) ;
#1513 = EDGE_CURVE ( 'NONE', #2054, #2809, #781, .T. ) ;
#1514 = EDGE_CURVE ( 'NONE', #367, #2900, #2868, .T. ) ;
#1515 = CARTESIAN_POINT ( 'NONE',  ( 9.149498954177634147, 19.46947512404412706, 37.40924222546322397 ) ) ;
#1516 = DIRECTION ( 'NONE',  ( 0.000000000000000000, 0.1621719582624442935, -0.9867625124381874668 ) ) ;
#1517 = EDGE_CURVE ( 'NONE', #2546, #2163, #1616, .T. ) ;
#1518 = DIRECTION ( 'NONE',  ( 0.000000000000000000, -0.1621719582624354949, 0.9867625124381889101 ) ) ;
#1519 = DIRECTION ( 'NONE',  ( 1.000000000000000000, -2.251765345858822094E-14, 8.618049415830411187E-16 ) ) ;
#1520 = ORIENTED_EDGE ( 'NONE', *, *, #2632, .F. ) ;
#1521 = DIRECTION ( 'NONE',  ( 0.000000000000000000, 0.1621719582624384648, -0.9867625124381884660 ) ) ;
#1522 = ORIENTED_EDGE ( 'NONE', *, *, #2536, .F. ) ;
#1523 = DIRECTION ( 'NONE',  ( -0.04927818435184642964, -0.1619749342972592876, 0.9855636870372121994 ) ) ;
#1524 = CARTESIAN_POINT ( 'NONE',  ( 8.901563718824696991, 20.56064719577160460, 36.99777962912946094 ) ) ;
#1525 = CARTESIAN_POINT ( 'NONE',  ( 8.753549341667703487, -5.825810543658056062, 35.44812253946774661 ) ) ;
#1526 = VERTEX_POINT ( 'NONE', #823 ) ;
#1527 = CARTESIAN_POINT ( 'NONE',  ( 7.305707624396662325, 19.56744974892352928, 38.35467270950704943 ) ) ;
#1528 = DIRECTION ( 'NONE',  ( 1.000000000000000000, 0.000000000000000000, 0.000000000000000000 ) ) ;
#1529 = CARTESIAN_POINT ( 'NONE',  ( 7.505565660814533580, 19.40163606572360777, 39.36359390882459763 ) ) ;
#1530 = ORIENTED_EDGE ( 'NONE', *, *, #487, .T. ) ;
#1531 = DIRECTION ( 'NONE',  ( -0.04927818435184642271, -0.1619749342972592598, 0.9855636870372121994 ) ) ;
#1532 = EDGE_CURVE ( 'NONE', #874, #2907, #2852, .T. ) ;
#1533 = ORIENTED_EDGE ( 'NONE', *, *, #1835, .F. ) ;
#1534 = CARTESIAN_POINT ( 'NONE',  ( 5.229128039568817115E-13, 19.81376874950777989, 37.49515211422475858 ) ) ;
#1535 = CARTESIAN_POINT ( 'NONE',  ( 7.111475597595973142, 20.00831409836056096, 37.27539602709955346 ) ) ;
#1536 = ORIENTED_EDGE ( 'NONE', *, *, #453, .T. ) ;
#1537 = VECTOR ( 'NONE', #2070, 39.37007874015748854 ) ;
#1538 = PLANE ( 'NONE',  #1487 ) ;
#1540 = EDGE_LOOP ( 'NONE', ( #456, #1963, #1446, #2320 ) ) ;
#1539 = CIRCLE ( 'NONE', #1742, 0.2500000000000023870 ) ;
#1541 = FACE_OUTER_BOUND ( 'NONE', #864, .T. ) ;
#1542 = DIRECTION ( 'NONE',  ( -0.000000000000000000, 0.9867625124381881330, 0.1621719582624401301 ) ) ;
#1543 = AXIS2_PLACEMENT_3D ( 'NONE', #2623, #1388, #1921 ) ;
#1544 = EDGE_CURVE ( 'NONE', #3266, #469, #1381, .T. ) ;
#1545 = VECTOR ( 'NONE', #2905, 39.37007874015748854 ) ;
#1546 = CARTESIAN_POINT ( 'NONE',  ( 8.944291213516159189, 19.50595938768380222, 37.49971492996638744 ) ) ;
#1547 = DIRECTION ( 'NONE',  ( -0.000000000000000000, 0.9867625124381881330, 0.1621719582624401301 ) ) ;
#1548 = CARTESIAN_POINT ( 'NONE',  ( 7.208066873639132233, 19.46107731215492009, 39.43618983016025936 ) ) ;
#1549 = ORIENTED_EDGE ( 'NONE', *, *, #2101, .T. ) ;
#1550 = ORIENTED_EDGE ( 'NONE', *, *, #29, .T. ) ;
#1551 = CARTESIAN_POINT ( 'NONE',  ( 7.901652096879135279, 18.96349612404647189, 41.64413657241575351 ) ) ;
#1552 = AXIS2_PLACEMENT_3D ( 'NONE', #811, #1404, #2387 ) ;
#1553 = ORIENTED_EDGE ( 'NONE', *, *, #93, .F. ) ;
#1554 = CARTESIAN_POINT ( 'NONE',  ( 7.305707624396662325, 19.27142099519207363, 38.30602112202831933 ) ) ;
#1555 = CONICAL_SURFACE ( 'NONE', #2517, 0.1399999999999979872, 0.04076687465383490444 ) ;
#1556 = EDGE_CURVE ( 'NONE', #710, #2105, #1825, .T. ) ;
#1557 = ADVANCED_FACE ( 'NONE', ( #862 ), #47, .F. ) ;
#1558 =( BOUNDED_CURVE ( )  B_SPLINE_CURVE ( 3, ( #1624, #328, #2126, #364 ),
 .UNSPECIFIED., .F., .T. ) 
 B_SPLINE_CURVE_WITH_KNOTS ( ( 4, 4 ),
 ( 1.570796326792880615, 2.210469583555575657 ),
 .UNSPECIFIED. ) 
 CURVE ( )  GEOMETRIC_REPRESENTATION_ITEM ( )  RATIONAL_B_SPLINE_CURVE ( ( 1.000000000000000000, 0.9661911977751410641, 0.9661911977751410641, 1.000000000000000000 ) ) 
 REPRESENTATION_ITEM ( '' )  );
#1559 = AXIS2_PLACEMENT_3D ( 'NONE', #2652, #2171, #82 ) ;
#1560 = LINE ( 'NONE', #2417, #551 ) ;
#1561 = ORIENTED_EDGE ( 'NONE', *, *, #1365, .T. ) ;
#1562 = EDGE_CURVE ( 'NONE', #2256, #1613, #79, .T. ) ;
#1563 = DIRECTION ( 'NONE',  ( 0.04927818435184642271, 0.1619749342972592876, -0.9855636870372121994 ) ) ;
#1564 = CARTESIAN_POINT ( 'NONE',  ( 7.379714812832766313, 19.03963850940609248, 36.49445187706993465 ) ) ;
#1565 = CARTESIAN_POINT ( 'NONE',  ( 7.305707624396662325, 19.27142099519207363, 38.30602112202831933 ) ) ;
#1566 = ORIENTED_EDGE ( 'NONE', *, *, #1886, .T. ) ;
#1567 = EDGE_LOOP ( 'NONE', ( #378, #850, #991, #1833 ) ) ;
#1568 = DIRECTION ( 'NONE',  ( 2.207981570599219759E-14, 0.9867625124381881330, 0.1621719582624398248 ) ) ;
#1569 = EDGE_LOOP ( 'NONE', ( #3236, #758, #2854, #2033 ) ) ;
#1570 = CARTESIAN_POINT ( 'NONE',  ( 6.989916507831941850, 19.41376357180604018, 39.67474574225138895 ) ) ;
#1571 = ORIENTED_EDGE ( 'NONE', *, *, #2847, .T. ) ;
#1572 = FACE_BOUND ( 'NONE', #1736, .T. ) ;
#1573 = DIRECTION ( 'NONE',  ( -0.000000000000000000, 0.9867625124381881330, 0.1621719582624401579 ) ) ;
#1574 =( BOUNDED_CURVE ( )  B_SPLINE_CURVE ( 3, ( #2874, #73, #557, #2412 ),
 .UNSPECIFIED., .F., .T. ) 
 B_SPLINE_CURVE_WITH_KNOTS ( ( 4, 4 ),
 ( 6.234849144676120503, 6.283185307179582679 ),
 .UNSPECIFIED. ) 
 CURVE ( )  GEOMETRIC_REPRESENTATION_ITEM ( )  RATIONAL_B_SPLINE_CURVE ( ( 1.000000000000000000, 0.9998053107595830102, 0.9998053107595830102, 1.000000000000000000 ) ) 
 REPRESENTATION_ITEM ( '' )  );
#1575 = CARTESIAN_POINT ( 'NONE',  ( 8.753549341958917651, 20.11467431055097066, 39.71137653833464043 ) ) ;
#1576 = DIRECTION ( 'NONE',  ( -0.000000000000000000, 0.9867625124381883550, 0.1621719582624384370 ) ) ;
#1577 = CARTESIAN_POINT ( 'NONE',  ( 8.753549341958880348, 20.07413132098493946, 39.95806716644413115 ) ) ;
#1578 = CYLINDRICAL_SURFACE ( 'NONE', #514, 0.1104999999999981414 ) ;
#1579 = DIRECTION ( 'NONE',  ( 0.000000000000000000, -0.1621719582624401024, 0.9867625124381881330 ) ) ;
#1580 = ORIENTED_EDGE ( 'NONE', *, *, #1517, .F. ) ;
#1581 = EDGE_LOOP ( 'NONE', ( #2606, #2813, #2477, #942 ) ) ;
#1582 = CARTESIAN_POINT ( 'NONE',  ( 8.901563718826448479, 20.06726593955642457, 36.91669364999833647 ) ) ;
#1583 = CARTESIAN_POINT ( 'NONE',  ( 8.760231101075174109, 19.20921947267843066, 39.42739476060322801 ) ) ;
#1584 = ORIENTED_EDGE ( 'NONE', *, *, #845, .F. ) ;
#1585 = LINE ( 'NONE', #491, #1158 ) ;
#1586 = ORIENTED_EDGE ( 'NONE', *, *, #1846, .T. ) ;
#1587 = EDGE_CURVE ( 'NONE', #2452, #1640, #835, .T. ) ;
#1588 = CARTESIAN_POINT ( 'NONE',  ( 7.131174738741852259, 19.73214318275224954, 37.35256785557277937 ) ) ;
#1589 = DIRECTION ( 'NONE',  ( 0.000000000000000000, -0.1621719582624464862, 0.9867625124381870227 ) ) ;
#1590 = VERTEX_POINT ( 'NONE', #2614 ) ;
#1591 = CIRCLE ( 'NONE', #2878, 0.1105000000000027904 ) ;
#1592 = CARTESIAN_POINT ( 'NONE',  ( 8.753549341961155861, 18.47203665548622453, 39.94812067060350103 ) ) ;
#1593 = AXIS2_PLACEMENT_3D ( 'NONE', #2298, #471, #3331 ) ;
#1594 = ADVANCED_FACE ( 'NONE', ( #66 ), #1896, .T. ) ;
#1595 = ADVANCED_FACE ( 'NONE', ( #1881 ), #113, .F. ) ;
#1596 = CARTESIAN_POINT ( 'NONE',  ( 8.753549341958880348, 20.05621131959693670, 40.06710442406855321 ) ) ;
#1597 = VECTOR ( 'NONE', #3079, 39.37007874015748143 ) ;
#1598 = DIRECTION ( 'NONE',  ( 0.000000000000000000, -1.000000000000000000, 0.000000000000000000 ) ) ;
#1599 = ORIENTED_EDGE ( 'NONE', *, *, #3019, .T. ) ;
#1600 = VECTOR ( 'NONE', #2802, 39.37007874015748143 ) ;
#1601 = FILL_AREA_STYLE_COLOUR ( '', #1120 ) ;
#1602 = ORIENTED_EDGE ( 'NONE', *, *, #1135, .T. ) ;
#1603 = CARTESIAN_POINT ( 'NONE',  ( 7.231700435960732420, 20.07413132098524500, 39.95806716644482037 ) ) ;
#1604 = CARTESIAN_POINT ( 'NONE',  ( 9.100342080046909032, 19.99338372297802024, 37.36624240328049495 ) ) ;
#1605 = EDGE_LOOP ( 'NONE', ( #2428, #464, #3027, #2181 ) ) ;
#1606 = CARTESIAN_POINT ( 'NONE',  ( 8.753549341958862584, 19.20578031004058417, 39.81535584317338561 ) ) ;
#1607 = DIRECTION ( 'NONE',  ( 0.000000000000000000, 0.1621719582624384925, -0.9867625124381884660 ) ) ;
#1608 = VECTOR ( 'NONE', #591, 39.37007874015748854 ) ;
#1609 = VERTEX_POINT ( 'NONE', #1403 ) ;
#1610 = AXIS2_PLACEMENT_3D ( 'NONE', #915, #646, #2205 ) ;
#1611 = CARTESIAN_POINT ( 'NONE',  ( 7.189938227853355457, 19.70771541948715111, 37.50120268313782645 ) ) ;
#1612 = EDGE_CURVE ( 'NONE', #2384, #16, #793, .T. ) ;
#1613 = VERTEX_POINT ( 'NONE', #1596 ) ;
#1614 = AXIS2_PLACEMENT_3D ( 'NONE', #1955, #1935, #1455 ) ;
#1615 = DIRECTION ( 'NONE',  ( 0.000000000000000000, -0.1621719582624240319, 0.9867625124381906865 ) ) ;
#1616 = LINE ( 'NONE', #1648, #2669 ) ;
#1617 = CARTESIAN_POINT ( 'NONE',  ( 7.231700435963832163, 19.58075006476713398, 39.87698118731314167 ) ) ;
#1618 = CARTESIAN_POINT ( 'NONE',  ( 7.209252002771298073, 19.39012171564203868, 39.43365490544671559 ) ) ;
#1619 = VERTEX_POINT ( 'NONE', #1065 ) ;
#1620 = APPLICATION_CONTEXT ( 'automotive_design' ) ;
#1621 = ADVANCED_FACE ( 'NONE', ( #2595 ), #2349, .F. ) ;
#1622 = CARTESIAN_POINT ( 'NONE',  ( 7.920119965380663096, 20.50484984841467551, 34.63953426149129200 ) ) ;
#1623 = ORIENTED_EDGE ( 'NONE', *, *, #1837, .F. ) ;
#1624 = CARTESIAN_POINT ( 'NONE',  ( 9.012515409690690760, 19.60922153258640321, 39.70374176033661229 ) ) ;
#1625 = DIRECTION ( 'NONE',  ( 0.000000000000000000, -0.1621719582624177314, 0.9867625124381917967 ) ) ;
#1626 = ADVANCED_FACE ( 'NONE', ( #2120, #898, #1934 ), #2753, .F. ) ;
#1627 = DIRECTION ( 'NONE',  ( 0.000000000000000000, -0.1621719582624433220, 0.9867625124381875779 ) ) ;
#1628 = ORIENTED_EDGE ( 'NONE', *, *, #528, .F. ) ;
#1629 = ORIENTED_EDGE ( 'NONE', *, *, #837, .T. ) ;
#1630 = DIRECTION ( 'NONE',  ( -1.000000000000000000, 2.808064214074153229E-14, 9.428620535466530823E-16 ) ) ;
#1631 = CARTESIAN_POINT ( 'NONE',  ( 8.502946153847982913, 19.18786348578820977, 39.42299556970987595 ) ) ;
#1632 = DIRECTION ( 'NONE',  ( -3.402814269370608065E-14, -0.9867625124381881330, -0.1621719582624404077 ) ) ;
#1633 = EDGE_CURVE ( 'NONE', #2488, #2798, #715, .T. ) ;
#1634 = CARTESIAN_POINT ( 'NONE',  ( 7.102576876146228457, 19.72250619152701745, 37.41120574695404599 ) ) ;
#1635 = ORIENTED_EDGE ( 'NONE', *, *, #2305, .T. ) ;
#1636 = DIRECTION ( 'NONE',  ( -1.000000000000000000, 2.735230050908024406E-14, 5.374579016650501367E-15 ) ) ;
#1637 = VERTEX_POINT ( 'NONE', #2233 ) ;
#1638 = DIRECTION ( 'NONE',  ( 1.493676868909583818E-16, 0.9867625124381895763, 0.1621719582624315259 ) ) ;
#1639 = CYLINDRICAL_SURFACE ( 'NONE', #2731, 0.1105000000000027904 ) ;
#1640 = VERTEX_POINT ( 'NONE', #2989 ) ;
#1641 = ORIENTED_EDGE ( 'NONE', *, *, #2235, .F. ) ;
#1642 = EDGE_CURVE ( 'NONE', #1085, #734, #2704, .T. ) ;
#1643 = EDGE_CURVE ( 'NONE', #2960, #1724, #2182, .T. ) ;
#1644 = DIRECTION ( 'NONE',  ( 1.577070998295149807E-14, 0.7313537016191681284, -0.6819983600625011411 ) ) ;
#1645 = CARTESIAN_POINT ( 'NONE',  ( 7.793420677180297851, 20.08839560701577298, 37.17352002549930035 ) ) ;
#1646 = LINE ( 'NONE', #1910, #984 ) ;
#1647 = CARTESIAN_POINT ( 'NONE',  ( 1.259080658249561176E-14, -5.825810543562591093, 35.44812253948343539 ) ) ;
#1648 = CARTESIAN_POINT ( 'NONE',  ( 7.379714812829559989, 20.04934593816913591, 37.02573090762341934 ) ) ;
#1649 = FACE_BOUND ( 'NONE', #1933, .T. ) ;
#1650 = CIRCLE ( 'NONE', #2338, 0.2499999999999977518 ) ;
#1651 = ORIENTED_EDGE ( 'NONE', *, *, #631, .T. ) ;
#1652 = LINE ( 'NONE', #116, #2735 ) ;
#1653 = VERTEX_POINT ( 'NONE', #2961 ) ;
#1654 = CARTESIAN_POINT ( 'NONE',  ( 8.901563718819863524, 20.12893859658134943, 36.92682939738986647 ) ) ;
#1655 = CARTESIAN_POINT ( 'NONE',  ( 7.379714812830528103, 20.52010420620848663, 37.24447025723943483 ) ) ;
#1656 = CYLINDRICAL_SURFACE ( 'NONE', #3115, 0.2500000000000009437 ) ;
#1657 = ORIENTED_EDGE ( 'NONE', *, *, #2592, .T. ) ;
#1658 = AXIS2_PLACEMENT_3D ( 'NONE', #178, #127, #143 ) ;
#1659 = DIRECTION ( 'NONE',  ( 0.000000000000000000, 0.9867625124381895763, 0.1621719582624308598 ) ) ;
#1660 = CARTESIAN_POINT ( 'NONE',  ( 9.018990165212406040, 19.12725484972591872, 39.49153895118114832 ) ) ;
#1661 = EDGE_CURVE ( 'NONE', #734, #974, #1968, .T. ) ;
#1662 = VECTOR ( 'NONE', #2379, 39.37007874015748143 ) ;
#1663 =( BOUNDED_SURFACE ( )  B_SPLINE_SURFACE ( 3, 2, ( 
 ( #951, #905, #3289 ),
 ( #1995, #3017, #151 ),
 ( #1975, #1960, #2981 ),
 ( #651, #2037, #2022 ) ),
 .UNSPECIFIED., .F., .F., .T. ) 
 B_SPLINE_SURFACE_WITH_KNOTS ( ( 4, 4 ),
 ( 3, 3 ),
 ( 6.234849144676109844, 6.283185307179586232 ),
 ( 0.000000000000000000, 1.000000000000000000 ),
 .UNSPECIFIED. ) 
 GEOMETRIC_REPRESENTATION_ITEM ( )  RATIONAL_B_SPLINE_SURFACE ( (
 ( 1.000000000000000000, 0.7734696770183491221, 1.000000000000000000),
 ( 1.000000000000000000, 0.7735191822639407855, 1.000000000000000000),
 ( 1.000000000000000000, 0.7735439453857314573, 1.000000000000000000),
 ( 1.000000000000000000, 0.7735439446114935613, 1.000000000000000000) ) ) 
 REPRESENTATION_ITEM ( '' )  SURFACE ( )  );
#1664 = CARTESIAN_POINT ( 'NONE',  ( 7.130018539756373563, 20.13093648149039083, 36.91467293113920078 ) ) ;
#1665 = CARTESIAN_POINT ( 'NONE',  ( 7.102576876146228457, 19.72250619152701745, 37.41120574695404599 ) ) ;
#1666 = AXIS2_PLACEMENT_3D ( 'NONE', #2035, #2835, #1759 ) ;
#1667 = ORIENTED_EDGE ( 'NONE', *, *, #448, .T. ) ;
#1668 = CARTESIAN_POINT ( 'NONE',  ( 7.645406300315638504, 19.60187973222534552, 40.13380756281412687 ) ) ;
#1669 = EDGE_LOOP ( 'NONE', ( #2041, #1310 ) ) ;
#1670 = DIRECTION ( 'NONE',  ( 0.000000000000000000, -0.1621719582624401301, 0.9867625124381881330 ) ) ;
#1671 = DIRECTION ( 'NONE',  ( 0.000000000000000000, -0.1621719582624398526, 0.9867625124381882440 ) ) ;
#1672 = CARTESIAN_POINT ( 'NONE',  ( 7.231700435963832163, 19.55804599061039184, 40.01512793905448717 ) ) ;
#1673 = LINE ( 'NONE', #2699, #1740 ) ;
#1674 = VERTEX_POINT ( 'NONE', #2220 ) ;
#1675 = CARTESIAN_POINT ( 'NONE',  ( 7.642353440614303217, 19.78957801885760404, 36.61770256534883572 ) ) ;
#1676 = ORIENTED_EDGE ( 'NONE', *, *, #737, .T. ) ;
#1677 = CARTESIAN_POINT ( 'NONE',  ( 15752.72796199348522, 20.16948158562461302, 36.68013876915485127 ) ) ;
#1678 = EDGE_CURVE ( 'NONE', #2858, #1170, #2560, .T. ) ;
#1679 = EDGE_CURVE ( 'NONE', #2907, #1377, #392, .T. ) ;
#1680 = CARTESIAN_POINT ( 'NONE',  ( 7.231700435966176954, 18.76815999907085697, 39.74343403634448890 ) ) ;
#1681 = DIRECTION ( 'NONE',  ( 1.000000000000000000, -3.352085627852173385E-14, -5.864258799252703169E-15 ) ) ;
#1682 =( BOUNDED_CURVE ( )  B_SPLINE_CURVE ( 3, ( #3149, #2393, #1107, #2148 ),
 .UNSPECIFIED., .F., .T. ) 
 B_SPLINE_CURVE_WITH_KNOTS ( ( 4, 4 ),
 ( 0.000000000000000000, 1.000000000000000000 ),
 .UNSPECIFIED. ) 
 CURVE ( )  GEOMETRIC_REPRESENTATION_ITEM ( )  RATIONAL_B_SPLINE_CURVE ( ( 1.000000000000000000, 0.9882235526797265024, 0.9882235526797265024, 1.000000000000000000 ) ) 
 REPRESENTATION_ITEM ( '' )  );
#1683 = EDGE_LOOP ( 'NONE', ( #673, #2879, #3094, #2741 ) ) ;
#1684 = CARTESIAN_POINT ( 'NONE',  ( 7.379714812829559989, 18.99909551983936140, 36.74114250517934721 ) ) ;
#1685 = ORIENTED_EDGE ( 'NONE', *, *, #2195, .T. ) ;
#1686 = DIRECTION ( 'NONE',  ( -0.000000000000000000, 0.9867625124381881330, 0.1621719582624402967 ) ) ;
#1687 = DIRECTION ( 'NONE',  ( 0.000000000000000000, -0.1621719582624240319, 0.9867625124381906865 ) ) ;
#1688 = CARTESIAN_POINT ( 'NONE',  ( 15752.60126270528417, 20.08839560648707590, 37.17352002541241518 ) ) ;
#1689 = CARTESIAN_POINT ( 'NONE',  ( 7.231700435959838025, 20.11467431055095645, 39.71137653833464043 ) ) ;
#1690 = CARTESIAN_POINT ( 'NONE',  ( 7.305707624396662325, 19.53704250674932297, 38.53969068058921010 ) ) ;
#1691 = DIRECTION ( 'NONE',  ( 0.009695013075860264840, 0.9993438579051868720, -0.03489785650490104252 ) ) ;
#1692 = LINE ( 'NONE', #3285, #2250 ) ;
#1693 = EDGE_LOOP ( 'NONE', ( #3014, #1549, #255, #20, #530, #380 ) ) ;
#1694 = ORIENTED_EDGE ( 'NONE', *, *, #332, .F. ) ;
#1695 = DIRECTION ( 'NONE',  ( -0.000000000000000000, 0.9867625124381881330, 0.1621719582624401301 ) ) ;
#1696 = VECTOR ( 'NONE', #1729, 39.37007874015748143 ) ;
#1697 = VECTOR ( 'NONE', #1253, 39.37007874015748143 ) ;
#1698 = ORIENTED_EDGE ( 'NONE', *, *, #2942, .F. ) ;
#1699 = CARTESIAN_POINT ( 'NONE',  ( 15752.61359723617534, 19.03963850957876502, 36.49445187706308502 ) ) ;
#1700 = AXIS2_PLACEMENT_3D ( 'NONE', #1439, #3253, #2489 ) ;
#1701 = EDGE_LOOP ( 'NONE', ( #1676, #1210, #917, #478, #2159, #1095, #1712, #1745, #617 ) ) ;
#1702 = CARTESIAN_POINT ( 'NONE',  ( 8.759783624698657789, 19.14972803419494696, 39.35479708652312780 ) ) ;
#1703 = VECTOR ( 'NONE', #336, 39.37007874015748143 ) ;
#1704 = DIRECTION ( 'NONE',  ( 0.000000000000000000, 0.9808120361962940903, 0.1949557633220405650 ) ) ;
#1705 = EDGE_CURVE ( 'NONE', #2448, #367, #1722, .T. ) ;
#1706 = CIRCLE ( 'NONE', #1339, 0.1406000000000001138 ) ;
#1707 = DIRECTION ( 'NONE',  ( 1.000000000000000000, -2.841174777044308882E-14, 1.067631250409947472E-15 ) ) ;
#1708 = ORIENTED_EDGE ( 'NONE', *, *, #986, .T. ) ;
#1709 = CIRCLE ( 'NONE', #1059, 0.06249999999999858447 ) ;
#1710 = FACE_OUTER_BOUND ( 'NONE', #526, .T. ) ;
#1711 = DIRECTION ( 'NONE',  ( -1.105197914965433407E-11, -0.9867625124381887991, -0.1621719582624365497 ) ) ;
#1712 = ORIENTED_EDGE ( 'NONE', *, *, #528, .T. ) ;
#1713 = CONICAL_SURFACE ( 'NONE', #365, 0.1399999999999979872, 0.04076687465383490444 ) ;
#1714 = DIRECTION ( 'NONE',  ( 2.207851959711105622E-14, 0.9867625124381881330, 0.1621719582624398248 ) ) ;
#1715 = DIRECTION ( 'NONE',  ( 0.000000000000000000, 0.1621719582624384925, -0.9867625124381884660 ) ) ;
#1716 = DIRECTION ( 'NONE',  ( -0.000000000000000000, 0.9867625124381881330, 0.1621719582624401301 ) ) ;
#1717 = EDGE_CURVE ( 'NONE', #1873, #2308, #2509, .T. ) ;
#1718 = ORIENTED_EDGE ( 'NONE', *, *, #540, .F. ) ;
#1719 = CARTESIAN_POINT ( 'NONE',  ( 8.901563718824588634, 20.06726593955441018, 36.91669364999853542 ) ) ;
#1720 = FACE_OUTER_BOUND ( 'NONE', #3130, .T. ) ;
#1721 = CARTESIAN_POINT ( 'NONE',  ( 8.637313477532959638, 19.70319474650481695, 37.14331609169246207 ) ) ;
#1722 = LINE ( 'NONE', #1677, #2142 ) ;
#1723 = CARTESIAN_POINT ( 'NONE',  ( 7.379714812829559101, 20.06726593955445637, 36.91669364999854963 ) ) ;
#1724 = VERTEX_POINT ( 'NONE', #2483 ) ;
#1725 = DIRECTION ( 'NONE',  ( 0.000000000000000000, -0.9867625124381883550, -0.1621719582624384370 ) ) ;
#1726 = ORIENTED_EDGE ( 'NONE', *, *, #252, .T. ) ;
#1727 = DIRECTION ( 'NONE',  ( -1.075433412635312661E-14, 0.9867625124381884660, 0.1621719582624382427 ) ) ;
#1728 = ORIENTED_EDGE ( 'NONE', *, *, #3123, .T. ) ;
#1729 = DIRECTION ( 'NONE',  ( -1.000000000000000000, 3.317756925640111812E-14, 7.969051562262456336E-15 ) ) ;
#1730 = ORIENTED_EDGE ( 'NONE', *, *, #3245, .F. ) ;
#1731 = ADVANCED_FACE ( 'NONE', ( #645, #2204, #3213 ), #2938, .T. ) ;
#1732 = CARTESIAN_POINT ( 'NONE',  ( 8.753549341958880348, 19.64242272179187410, 39.88711693470408903 ) ) ;
#1733 = PLANE ( 'NONE',  #2769 ) ;
#1734 = DIRECTION ( 'NONE',  ( -0.000000000000000000, 0.9867625124381881330, 0.1621719582624402967 ) ) ;
#1735 = FACE_OUTER_BOUND ( 'NONE', #1193, .T. ) ;
#1736 = EDGE_LOOP ( 'NONE', ( #1240, #1602 ) ) ;
#1737 = FACE_OUTER_BOUND ( 'NONE', #1151, .T. ) ;
#1738 = FACE_OUTER_BOUND ( 'NONE', #1701, .T. ) ;
#1739 = EDGE_CURVE ( 'NONE', #460, #2384, #618, .T. ) ;
#1740 = VECTOR ( 'NONE', #371, 39.37007874015748143 ) ;
#1741 = VERTEX_POINT ( 'NONE', #1664 ) ;
#1742 = AXIS2_PLACEMENT_3D ( 'NONE', #560, #2626, #2573 ) ;
#1743 = DIRECTION ( 'NONE',  ( -0.000000000000000000, 0.9867625124381881330, 0.1621719582624401301 ) ) ;
#1744 = VERTEX_POINT ( 'NONE', #2689 ) ;
#1745 = ORIENTED_EDGE ( 'NONE', *, *, #806, .T. ) ;
#1746 = CONICAL_SURFACE ( 'NONE', #2609, 0.1874999999999997502, 0.03332099587824763343 ) ;
#1747 = FACE_OUTER_BOUND ( 'NONE', #2743, .T. ) ;
#1748 = EDGE_CURVE ( 'NONE', #2452, #896, #375, .T. ) ;
#1749 = DIRECTION ( 'NONE',  ( -1.000000000000000000, -6.646219136279673898E-15, -2.698266642799397933E-16 ) ) ;
#1750 = AXIS2_PLACEMENT_3D ( 'NONE', #2577, #1734, #2044 ) ;
#1751 = ORIENTED_EDGE ( 'NONE', *, *, #968, .F. ) ;
#1752 = CARTESIAN_POINT ( 'NONE',  ( 8.286404163782707499, 20.34197229876692603, 36.70848718776506558 ) ) ;
#1753 = AXIS2_PLACEMENT_3D ( 'NONE', #2157, #1632, #323 ) ;
#1754 = CARTESIAN_POINT ( 'NONE',  ( 7.502059772241501001, 19.40163606572872368, 39.36359390882543607 ) ) ;
#1755 = ADVANCED_FACE ( 'NONE', ( #2717, #2435 ), #408, .F. ) ;
#1756 = ADVANCED_FACE ( 'NONE', ( #1710 ), #3216, .F. ) ;
#1757 = EDGE_LOOP ( 'NONE', ( #3290, #2352, #2230, #620, #264 ) ) ;
#1758 = VECTOR ( 'NONE', #1856, 39.37007874015748143 ) ;
#1759 = DIRECTION ( 'NONE',  ( 1.000000000000000000, -2.841174777044308882E-14, 1.067631250409947275E-15 ) ) ;
#1760 = DIRECTION ( 'NONE',  ( 0.000000000000000000, -0.1621719582624240319, 0.9867625124381906865 ) ) ;
#1761 = CARTESIAN_POINT ( 'NONE',  ( -2.878511633650612411E-15, 1.331897469412588686, 38.14055328097311559 ) ) ;
#1762 = VECTOR ( 'NONE', #2280, 39.37007874015748143 ) ;
#1763 = ORIENTED_EDGE ( 'NONE', *, *, #2738, .T. ) ;
#1764 = AXIS2_PLACEMENT_3D ( 'NONE', #2499, #192, #1222 ) ;
#1765 = CARTESIAN_POINT ( 'NONE',  ( 9.009674127720257886, 19.15830615613942101, 39.68799544841549931 ) ) ;
#1766 = DIMENSIONAL_EXPONENTS ( 1.000000000000000000, 0.000000000000000000, 0.000000000000000000, 0.000000000000000000, 0.000000000000000000, 0.000000000000000000, 0.000000000000000000 ) ;
#1767 = CARTESIAN_POINT ( 'NONE',  ( 7.598998222146323478, 19.72820026214887434, 37.49814023164761068 ) ) ;
#1768 = ORIENTED_EDGE ( 'NONE', *, *, #2156, .F. ) ;
#1769 = DIRECTION ( 'NONE',  ( 0.000000000000000000, -0.1621719582624433220, 0.9867625124381875779 ) ) ;
#1770 = CARTESIAN_POINT ( 'NONE',  ( 8.663594153849206947, 19.72604818850285113, 36.60726159615206399 ) ) ;
#1771 = ORIENTED_EDGE ( 'NONE', *, *, #1739, .T. ) ;
#1772 = DIRECTION ( 'NONE',  ( -3.402814269370608065E-14, -0.9867625124381881330, -0.1621719582624404077 ) ) ;
#1773 = CARTESIAN_POINT ( 'NONE',  ( 8.827556530392104861, 19.02473036708363807, 38.26547813246288854 ) ) ;
#1774 = ORIENTED_EDGE ( 'NONE', *, *, #2118, .F. ) ;
#1775 = EDGE_CURVE ( 'NONE', #1280, #2452, #1469, .T. ) ;
#1776 = CARTESIAN_POINT ( 'NONE',  ( 7.345990587281119311, 19.69985783887103281, 37.54901345186454620 ) ) ;
#1777 = FACE_OUTER_BOUND ( 'NONE', #2399, .T. ) ;
#1778 = EDGE_LOOP ( 'NONE', ( #2973, #2541, #630, #3175, #2185, #1076, #2925, #2313, #786, #1329, #83, #1363 ) ) ;
#1779 = CARTESIAN_POINT ( 'NONE',  ( 7.379714812829573312, 20.11101859519338220, 37.03586665501430275 ) ) ;
#1780 = ORIENTED_EDGE ( 'NONE', *, *, #190, .F. ) ;
#1781 =( BOUNDED_CURVE ( )  B_SPLINE_CURVE ( 3, ( #452, #3088, #1752, #208 ),
 .UNSPECIFIED., .F., .T. ) 
 B_SPLINE_CURVE_WITH_KNOTS ( ( 4, 4 ),
 ( 0.8555046196246053336, 2.286088033968299182 ),
 .UNSPECIFIED. ) 
 CURVE ( )  GEOMETRIC_REPRESENTATION_ITEM ( )  RATIONAL_B_SPLINE_CURVE ( ( 1.000000000000000000, 0.8366013071901496900, 0.8366013071901496900, 1.000000000000000000 ) ) 
 REPRESENTATION_ITEM ( '' )  );
#1782 = FACE_OUTER_BOUND ( 'NONE', #1035, .T. ) ;
#1783 = ADVANCED_FACE ( 'NONE', ( #1541 ), #735, .F. ) ;
#1784 = VERTEX_POINT ( 'NONE', #750 ) ;
#1785 = CARTESIAN_POINT ( 'NONE',  ( 7.616072764299025799, 20.02142565677198860, 37.19561654823267816 ) ) ;
#1786 = DIRECTION ( 'NONE',  ( 0.000000000000000000, -0.1621719582624329414, 0.9867625124381893542 ) ) ;
#1787 = APPLICATION_PROTOCOL_DEFINITION ( 'draft international standard', 'automotive_design', 1998, #1620 ) ;
#1788 = CARTESIAN_POINT ( 'NONE',  ( 7.379714812829559989, 19.71021618621594129, 36.74603104823441413 ) ) ;
#1789 = FACE_OUTER_BOUND ( 'NONE', #3032, .T. ) ;
#1790 = DIRECTION ( 'NONE',  ( -0.000000000000000000, 0.9867625124381881330, 0.1621719582624402967 ) ) ;
#1791 = ORIENTED_EDGE ( 'NONE', *, *, #3058, .F. ) ;
#1792 = ADVANCED_FACE ( 'NONE', ( #3330 ), #2018, .T. ) ;
#1793 = ADVANCED_FACE ( 'NONE', ( #2831 ), #144, .F. ) ;
#1794 = CYLINDRICAL_SURFACE ( 'NONE', #245, 0.5099999999999880185 ) ;
#1795 = VERTEX_POINT ( 'NONE', #1027 ) ;
#1796 = CARTESIAN_POINT ( 'NONE',  ( 8.901563718824586857, 18.99909551983937916, 36.74114250517932589 ) ) ;
#1797 = CARTESIAN_POINT ( 'NONE',  ( 8.589888079852205038, 20.50484984841146385, 34.63953426149135595 ) ) ;
#1798 = AXIS2_PLACEMENT_3D ( 'NONE', #1285, #1799, #1834 ) ;
#1799 = DIRECTION ( 'NONE',  ( -1.075433412635312661E-14, 0.9867625124381884660, 0.1621719582624382427 ) ) ;
#1800 = EDGE_LOOP ( 'NONE', ( #1791, #2643, #2151, #1831 ) ) ;
#1801 = LINE ( 'NONE', #2544, #3157 ) ;
#1802 = EDGE_CURVE ( 'NONE', #598, #801, #2788, .T. ) ;
#1803 = LINE ( 'NONE', #2832, #2881 ) ;
#1804 = DIRECTION ( 'NONE',  ( -0.000000000000000000, 0.9867625124381881330, 0.1621719582624401579 ) ) ;
#1805 = AXIS2_PLACEMENT_3D ( 'NONE', #317, #1638, #603 ) ;
#1806 = DIRECTION ( 'NONE',  ( -0.000000000000000000, 0.9867625124381883550, 0.1621719582624384648 ) ) ;
#1807 = AXIS2_PLACEMENT_3D ( 'NONE', #2138, #1325, #359 ) ;
#1808 = CARTESIAN_POINT ( 'NONE',  ( 9.036139222770216861, 19.46186369166680663, 37.45555526388861978 ) ) ;
#1809 = CARTESIAN_POINT ( 'NONE',  ( 8.901563718824602844, 20.56064719577225475, 36.99777962912955331 ) ) ;
#1810 = CARTESIAN_POINT ( 'NONE',  ( 6.971175580280991824, 19.37743809230370573, 39.51083054152449137 ) ) ;
#1811 = ORIENTED_EDGE ( 'NONE', *, *, #2438, .T. ) ;
#1812 = EDGE_LOOP ( 'NONE', ( #293, #2410, #1530, #1147, #3054, #1112 ) ) ;
#1813 = FACE_OUTER_BOUND ( 'NONE', #1669, .T. ) ;
#1814 = CIRCLE ( 'NONE', #2089, 0.1104999999999981414 ) ;
#1815 = ORIENTED_EDGE ( 'NONE', *, *, #448, .F. ) ;
#1816 = CARTESIAN_POINT ( 'NONE',  ( 7.148311418292968789, 19.99338372297580335, 37.36624240328050206 ) ) ;
#1817 = CIRCLE ( 'NONE', #1457, 0.1105000000000024435 ) ;
#1818 = ORIENTED_EDGE ( 'NONE', *, *, #2460, .F. ) ;
#1819 =( GEOMETRIC_REPRESENTATION_CONTEXT ( 3 ) GLOBAL_UNCERTAINTY_ASSIGNED_CONTEXT ( ( #763 ) ) GLOBAL_UNIT_ASSIGNED_CONTEXT ( ( #240, #2300, #2328 ) ) REPRESENTATION_CONTEXT ( 'NONE', 'WORKASPACE' ) );
#1820 = CARTESIAN_POINT ( 'NONE',  ( 7.240385664784295017, 19.52717288426368114, 39.43849793839830653 ) ) ;
#1821 = ORIENTED_EDGE ( 'NONE', *, *, #1135, .F. ) ;
#1822 = CARTESIAN_POINT ( 'NONE',  ( 8.489207939905037748, 19.14874860991821492, 39.36379384964172345 ) ) ;
#1823 = CARTESIAN_POINT ( 'NONE',  ( 8.827556530392104861, 19.32075912081509372, 38.31412971994161865 ) ) ;
#1824 = CARTESIAN_POINT ( 'NONE',  ( 8.580527416554756925, 19.44864105320720427, 37.54404707991716350 ) ) ;
#1825 = LINE ( 'NONE', #2421, #1396 ) ;
#1826 = DIRECTION ( 'NONE',  ( -0.000000000000000000, 0.9867625124381881330, 0.1621719582624402967 ) ) ;
#1827 = CARTESIAN_POINT ( 'NONE',  ( 8.254190810448619686, 20.12227329328301906, 34.59336230092720399 ) ) ;
#1828 = VERTEX_POINT ( 'NONE', #516 ) ;
#1829 = CARTESIAN_POINT ( 'NONE',  ( 7.392889716911975384, 19.03127585764068641, 41.61711278687639748 ) ) ;
#1830 = CARTESIAN_POINT ( 'NONE',  ( 4.138460710326182301E-13, 19.81376874950972322, 37.49515211422469463 ) ) ;
#1831 = ORIENTED_EDGE ( 'NONE', *, *, #1717, .F. ) ;
#1832 = DIRECTION ( 'NONE',  ( -1.199283790058168220E-14, 0.9867625124381895763, 0.1621719582624309153 ) ) ;
#1833 = ORIENTED_EDGE ( 'NONE', *, *, #1244, .F. ) ;
#1834 = DIRECTION ( 'NONE',  ( 0.000000000000000000, -0.1621719582624382427, 0.9867625124381884660 ) ) ;
#1835 = EDGE_CURVE ( 'NONE', #869, #30, #3075, .T. ) ;
#1836 = FACE_OUTER_BOUND ( 'NONE', #2568, .T. ) ;
#1837 = EDGE_CURVE ( 'NONE', #220, #262, #271, .T. ) ;
#1838 = LINE ( 'NONE', #3142, #1758 ) ;
#1839 = DIRECTION ( 'NONE',  ( 0.000000000000000000, 0.1621719582624442935, -0.9867625124381874668 ) ) ;
#1840 = CARTESIAN_POINT ( 'NONE',  ( 8.762234570778886678, 19.52717288426168096, 39.43849793839823548 ) ) ;
#1841 = CARTESIAN_POINT ( 'NONE',  ( 8.621069067670633856, 19.81376874950919742, 37.49515211422468752 ) ) ;
#1842 = ORIENTED_EDGE ( 'NONE', *, *, #807, .F. ) ;
#1843 = ORIENTED_EDGE ( 'NONE', *, *, #887, .T. ) ;
#1844 = CARTESIAN_POINT ( 'NONE',  ( 8.753549341958866137, 19.58075006476977720, 39.87698118731356089 ) ) ;
#1845 = CARTESIAN_POINT ( 'NONE',  ( 8.753549341958880348, 19.62450272040387489, 39.99615419232851110 ) ) ;
#1846 = EDGE_CURVE ( 'NONE', #2448, #982, #1781, .T. ) ;
#1847 = CARTESIAN_POINT ( 'NONE',  ( 7.392271699822974718, 18.96757180926614694, 41.61933738126541016 ) ) ;
#1848 = DIRECTION ( 'NONE',  ( -1.106038195256881837E-11, -0.9867625124381931290, -0.1621719582624097933 ) ) ;
#1849 = FACE_OUTER_BOUND ( 'NONE', #2589, .T. ) ;
#1850 = ORIENTED_EDGE ( 'NONE', *, *, #792, .F. ) ;
#1851 = ORIENTED_EDGE ( 'NONE', *, *, #1903, .F. ) ;
#1852 = CIRCLE ( 'NONE', #1264, 0.1105000000000027904 ) ;
#1853 = CARTESIAN_POINT ( 'NONE',  ( 7.114745910986155941, 19.80142597869752308, 37.29712974006552173 ) ) ;
#1854 = EDGE_LOOP ( 'NONE', ( #2283, #803, #1771, #1163, #2830, #2472 ) ) ;
#1855 = AXIS2_PLACEMENT_3D ( 'NONE', #3281, #2232, #2530 ) ;
#1856 = DIRECTION ( 'NONE',  ( 1.213873192033564334E-14, -0.9867625124381891322, -0.1621719582624338851 ) ) ;
#1857 = EDGE_CURVE ( 'NONE', #1026, #410, #495, .T. ) ;
#1858 = VECTOR ( 'NONE', #2062, 39.37007874015748854 ) ;
#1859 = DIRECTION ( 'NONE',  ( -0.000000000000000000, 0.9867625124381884660, 0.1621719582624384925 ) ) ;
#1860 = EDGE_CURVE ( 'NONE', #1609, #2212, #1924, .T. ) ;
#1861 = CIRCLE ( 'NONE', #1543, 0.1105000000000027904 ) ;
#1862 = EDGE_CURVE ( 'NONE', #579, #346, #2264, .T. ) ;
#1863 = CARTESIAN_POINT ( 'NONE',  ( -274.2987162656370401, -6568.525162158178318, 4765.947634545040273 ) ) ;
#1864 = ORIENTED_EDGE ( 'NONE', *, *, #1257, .F. ) ;
#1865 = AXIS2_PLACEMENT_3D ( 'NONE', #2102, #810, #1350 ) ;
#1866 = DIRECTION ( 'NONE',  ( 1.000000000000000000, -2.713566642011719562E-14, -6.696900008966990998E-15 ) ) ;
#1867 = ORIENTED_EDGE ( 'NONE', *, *, #3034, .F. ) ;
#1868 = FACE_BOUND ( 'NONE', #1401, .T. ) ;
#1869 = CARTESIAN_POINT ( 'NONE',  ( 7.099134310660398128, 19.46090592976122480, 39.43618384535519539 ) ) ;
#1870 = CIRCLE ( 'NONE', #3220, 0.1105000000000024435 ) ;
#1871 = ORIENTED_EDGE ( 'NONE', *, *, #2557, .F. ) ;
#1872 = CARTESIAN_POINT ( 'NONE',  ( 8.499933769581726750, -11308.72116020425528, -1821.833170367607408 ) ) ;
#1873 = VERTEX_POINT ( 'NONE', #1511 ) ;
#1874 = VECTOR ( 'NONE', #3144, 39.37007874015748854 ) ;
#1875 = ORIENTED_EDGE ( 'NONE', *, *, #2010, .F. ) ;
#1876 = AXIS2_PLACEMENT_3D ( 'NONE', #1554, #2572, #1607 ) ;
#1877 = FACE_OUTER_BOUND ( 'NONE', #2988, .T. ) ;
#1878 = VECTOR ( 'NONE', #948, 39.37007874015748143 ) ;
#1879 = CARTESIAN_POINT ( 'NONE',  ( 8.753549341958862584, 19.20578031004058417, 39.81535584317338561 ) ) ;
#1880 = CARTESIAN_POINT ( 'NONE',  ( 5.855206169383994012E-13, 19.52717288426388365, 39.43849793839830653 ) ) ;
#1881 = FACE_OUTER_BOUND ( 'NONE', #2602, .T. ) ;
#1882 = CARTESIAN_POINT ( 'NONE',  ( 7.345990587281119311, 19.69985783887103281, 37.54901345186454620 ) ) ;
#1883 = EDGE_LOOP ( 'NONE', ( #2679, #1584, #647, #760 ) ) ;
#1884 = ADVANCED_FACE ( 'NONE', ( #2295 ), #2275, .T. ) ;
#1885 = DIRECTION ( 'NONE',  ( -1.418803459260999362E-16, -0.9867625124381895763, -0.1621719582624312483 ) ) ;
#1886 = EDGE_CURVE ( 'NONE', #1384, #1280, #1075, .T. ) ;
#1887 = ORIENTED_EDGE ( 'NONE', *, *, #58, .F. ) ;
#1888 = FACE_OUTER_BOUND ( 'NONE', #2941, .T. ) ;
#1889 = DIRECTION ( 'NONE',  ( -0.000000000000000000, 0.9867625124381881330, 0.1621719582624402967 ) ) ;
#1890 = EDGE_LOOP ( 'NONE', ( #1657, #1482, #1157, #2801, #1500, #570, #315 ) ) ;
#1891 = ORIENTED_EDGE ( 'NONE', *, *, #2113, .F. ) ;
#1892 = DIRECTION ( 'NONE',  ( 0.000000000000000000, -0.1621719582624442935, 0.9867625124381874668 ) ) ;
#1893 = LINE ( 'NONE', #1042, #840 ) ;
#1894 = EDGE_CURVE ( 'NONE', #579, #2676, #297, .T. ) ;
#1895 =( BOUNDED_CURVE ( )  B_SPLINE_CURVE ( 3, ( #1604, #853, #382, #2911 ),
 .UNSPECIFIED., .F., .T. ) 
 B_SPLINE_CURVE_WITH_KNOTS ( ( 4, 4 ),
 ( 4.225831944817089791, 4.712388980384182524 ),
 .UNSPECIFIED. ) 
 CURVE ( )  GEOMETRIC_REPRESENTATION_ITEM ( )  RATIONAL_B_SPLINE_CURVE ( ( 1.000000000000000000, 0.9803689624432581073, 0.9803689624432581073, 1.000000000000000000 ) ) 
 REPRESENTATION_ITEM ( '' )  );
#1896 = CYLINDRICAL_SURFACE ( 'NONE', #1807, 0.2500000000000020539 ) ;
#1897 = LINE ( 'NONE', #1863, #1874 ) ;
#1898 = ORIENTED_EDGE ( 'NONE', *, *, #2975, .F. ) ;
#1899 = CARTESIAN_POINT ( 'NONE',  ( 9.003245615021681303, 19.64042483687652663, 39.89927340095331232 ) ) ;
#1900 = ORIENTED_EDGE ( 'NONE', *, *, #191, .T. ) ;
#1901 = CYLINDRICAL_SURFACE ( 'NONE', #1805, 0.2500000000000020539 ) ;
#1902 = CARTESIAN_POINT ( 'NONE',  ( 7.033452155487029067, 19.63398840579138849, 39.55304356142958255 ) ) ;
#1903 = EDGE_CURVE ( 'NONE', #1020, #2777, #2724, .T. ) ;
#1904 = EDGE_CURVE ( 'NONE', #1069, #1085, #1801, .T. ) ;
#1905 = ORIENTED_EDGE ( 'NONE', *, *, #612, .F. ) ;
#1906 = DIRECTION ( 'NONE',  ( 0.9987850922731003056, -0.007991539655956170218, 0.04862586499942023188 ) ) ;
#1907 = EDGE_CURVE ( 'NONE', #330, #1034, #2485, .T. ) ;
#1908 = CARTESIAN_POINT ( 'NONE',  ( -15743.67739252908541, 19.76147012773284217, 37.55951651885798270 ) ) ;
#1909 = CYLINDRICAL_SURFACE ( 'NONE', #721, 0.06250000000000076328 ) ;
#1910 = CARTESIAN_POINT ( 'NONE',  ( -101.5293368449611933, -11229.01695557005769, 430.3129768898795078 ) ) ;
#1911 = CARTESIAN_POINT ( 'NONE',  ( -15743.40903732142215, 20.11467431041605280, 39.71137653831807057 ) ) ;
#1912 = ORIENTED_EDGE ( 'NONE', *, *, #2640, .T. ) ;
#1913 = ORIENTED_EDGE ( 'NONE', *, *, #1544, .F. ) ;
#1914 = DIRECTION ( 'NONE',  ( -8.622426922099261945E-15, 0.9867625124381884660, 0.1621719582624383815 ) ) ;
#1915 = LINE ( 'NONE', #2889, #2150 ) ;
#1916 = AXIS2_PLACEMENT_3D ( 'NONE', #2446, #1644, #2396 ) ;
#1917 = ORIENTED_EDGE ( 'NONE', *, *, #1286, .T. ) ;
#1918 = FACE_OUTER_BOUND ( 'NONE', #865, .T. ) ;
#1919 =( BOUNDED_CURVE ( )  B_SPLINE_CURVE ( 3, ( #2908, #2186, #3217, #879 ),
 .UNSPECIFIED., .F., .T. ) 
 B_SPLINE_CURVE_WITH_KNOTS ( ( 4, 4 ),
 ( 1.570796326794521525, 3.190487277343712957 ),
 .UNSPECIFIED. ) 
 CURVE ( )  GEOMETRIC_REPRESENTATION_ITEM ( )  RATIONAL_B_SPLINE_CURVE ( ( 1.000000000000000000, 0.7930735633307671728, 0.7930735633307671728, 1.000000000000000000 ) ) 
 REPRESENTATION_ITEM ( '' )  );
#1920 = PRESENTATION_LAYER_ASSIGNMENT (  '', '', ( #3208 ) ) ;
#1921 = DIRECTION ( 'NONE',  ( 0.000000000000000000, -0.1621719582624369937, 0.9867625124381886881 ) ) ;
#1922 = CARTESIAN_POINT ( 'NONE',  ( 8.901563718824586857, 20.06726593955709603, 36.91669364999896885 ) ) ;
#1923 = VERTEX_POINT ( 'NONE', #2401 ) ;
#1924 = CIRCLE ( 'NONE', #1448, 0.1406000000000001138 ) ;
#1925 = CARTESIAN_POINT ( 'NONE',  ( 9.011564472931194558, 19.16446631439699289, 39.65672261180596081 ) ) ;
#1926 = DIRECTION ( 'NONE',  ( -0.000000000000000000, 0.9867625124381881330, 0.1621719582624401579 ) ) ;
#1927 = AXIS2_PLACEMENT_3D ( 'NONE', #704, #221, #3310 ) ;
#1928 = EDGE_CURVE ( 'NONE', #2429, #3197, #247, .T. ) ;
#1929 = DIRECTION ( 'NONE',  ( -6.646219136279433295E-15, 1.000000000000000000, 0.000000000000000000 ) ) ;
#1930 = CARTESIAN_POINT ( 'NONE',  ( 8.922706480185173206, 19.56580896333397135, 39.47993006067341071 ) ) ;
#1931 = EDGE_LOOP ( 'NONE', ( #1432, #999, #957, #3326 ) ) ;
#1932 = ORIENTED_EDGE ( 'NONE', *, *, #2015, .T. ) ;
#1933 = EDGE_LOOP ( 'NONE', ( #2848, #53 ) ) ;
#1934 = FACE_OUTER_BOUND ( 'NONE', #2172, .T. ) ;
#1935 = DIRECTION ( 'NONE',  ( -0.000000000000000000, 0.9867625124381881330, 0.1621719582624401579 ) ) ;
#1936 = AXIS2_PLACEMENT_3D ( 'NONE', #1527, #1806, #3316 ) ;
#1937 = EDGE_LOOP ( 'NONE', ( #88, #3178, #1237, #2747, #716, #946 ) ) ;
#1938 = DIRECTION ( 'NONE',  ( -0.9987850922731003056, 0.007991539655944193687, -0.04862586499942219559 ) ) ;
#1939 = ORIENTED_EDGE ( 'NONE', *, *, #3048, .T. ) ;
#1940 = CARTESIAN_POINT ( 'NONE',  ( 7.231700435955362494, 19.60187973222634739, 40.13380756281365080 ) ) ;
#1941 = EDGE_CURVE ( 'NONE', #1503, #1609, #1378, .T. ) ;
#1942 = ORIENTED_EDGE ( 'NONE', *, *, #3161, .T. ) ;
#1943 = CARTESIAN_POINT ( 'NONE',  ( 8.901563718827370408, 20.10780892912199036, 36.67000302188908734 ) ) ;
#1944 = CARTESIAN_POINT ( 'NONE',  ( 8.983454586081553117, 19.18361262953648350, 39.55925043815486220 ) ) ;
#1945 = VERTEX_POINT ( 'NONE', #1575 ) ;
#1946 = CYLINDRICAL_SURFACE ( 'NONE', #2241, 0.2500000000000020539 ) ;
#1947 = CARTESIAN_POINT ( 'NONE',  ( 7.496109676352859630, 19.68130525961498023, 39.60378467492683541 ) ) ;
#1948 = EDGE_CURVE ( 'NONE', #180, #623, #944, .T. ) ;
#1949 = EDGE_CURVE ( 'NONE', #1744, #2902, #2761, .T. ) ;
#1950 = DIRECTION ( 'NONE',  ( 0.009695013075860266574, 0.9993438579051868720, -0.03489785650490104252 ) ) ;
#1951 = DIRECTION ( 'NONE',  ( -0.000000000000000000, 0.9867625124381881330, 0.1621719582624401301 ) ) ;
#1952 = ORIENTED_EDGE ( 'NONE', *, *, #263, .T. ) ;
#1953 = EDGE_LOOP ( 'NONE', ( #1520, #22, #1137, #700 ) ) ;
#1954 = DIRECTION ( 'NONE',  ( -0.000000000000000000, 0.9867625124381883550, 0.1621719582624384370 ) ) ;
#1955 = CARTESIAN_POINT ( 'NONE',  ( 7.379714812829559989, 20.06726593955713511, 36.91669364999900438 ) ) ;
#1956 = EDGE_CURVE ( 'NONE', #51, #1590, #2591, .T. ) ;
#1957 = CARTESIAN_POINT ( 'NONE',  ( 8.901563718820655779, 20.16948158614695430, 36.68013876928031891 ) ) ;
#1958 = EDGE_LOOP ( 'NONE', ( #1728, #2336, #594, #1912, #207, #1395, #1942, #2141, #1726, #508 ) ) ;
#1959 = LINE ( 'NONE', #1152, #299 ) ;
#1960 = CARTESIAN_POINT ( 'NONE',  ( 7.352702319090526295, 19.70811816837082020, 37.49875208991336706 ) ) ;
#1961 = EDGE_CURVE ( 'NONE', #2429, #522, #808, .T. ) ;
#1962 = DIRECTION ( 'NONE',  ( 0.000000000000000000, -0.1621719582624433220, 0.9867625124381875779 ) ) ;
#1963 = ORIENTED_EDGE ( 'NONE', *, *, #3102, .F. ) ;
#1964 = LINE ( 'NONE', #2493, #1696 ) ;
#1965 =( NAMED_UNIT ( * ) SI_UNIT ( $, .STERADIAN. ) SOLID_ANGLE_UNIT ( ) );
#1966 = CARTESIAN_POINT ( 'NONE',  ( 8.628782184779897335, 19.99338372297921396, 37.36624240328068680 ) ) ;
#1967 = CARTESIAN_POINT ( 'NONE',  ( 8.753549341958866137, 19.20578031004058417, 39.81535584317339982 ) ) ;
#1968 = LINE ( 'NONE', #634, #199 ) ;
#1969 = DIRECTION ( 'NONE',  ( -0.000000000000000000, 0.9867625124381881330, 0.1621719582624401301 ) ) ;
#1970 = ORIENTED_EDGE ( 'NONE', *, *, #376, .F. ) ;
#1971 = CARTESIAN_POINT ( 'NONE',  ( 7.379714812829573312, 20.14685859796937706, 36.81779213976546572 ) ) ;
#1972 = EDGE_CURVE ( 'NONE', #2924, #1784, #1838, .T. ) ;
#1973 = CARTESIAN_POINT ( 'NONE',  ( 7.642353440614303217, 19.78957801885760404, 36.61770256534883572 ) ) ;
#1974 = CIRCLE ( 'NONE', #2400, 0.2499999999999977518 ) ;
#1975 = CARTESIAN_POINT ( 'NONE',  ( 7.351019487997483282, 19.69981760132665016, 37.54925828396013543 ) ) ;
#1976 = CIRCLE ( 'NONE', #1323, 0.2500000000000020539 ) ;
#1977 = FILL_AREA_STYLE_COLOUR ( '', #2184 ) ;
#1978 = CARTESIAN_POINT ( 'NONE',  ( 9.039291287460422097, 19.12261226406524628, 39.51978754323683773 ) ) ;
#1979 = AXIS2_PLACEMENT_3D ( 'NONE', #2391, #556, #1333 ) ;
#1980 = ORIENTED_EDGE ( 'NONE', *, *, #1996, .T. ) ;
#1981 = CARTESIAN_POINT ( 'NONE',  ( 7.349010279276020796, 19.75932256544709986, 37.49676124766769192 ) ) ;
#1982 = VECTOR ( 'NONE', #2498, 39.37007874015747433 ) ;
#1983 = DIRECTION ( 'NONE',  ( 0.000000000000000000, -0.1621719582624369937, 0.9867625124381886881 ) ) ;
#1984 = CIRCLE ( 'NONE', #897, 0.2499999999999981126 ) ;
#1985 = CARTESIAN_POINT ( 'NONE',  ( 7.231700308992427217, -11308.71027571904597, -1821.899399918554991 ) ) ;
#1986 = EDGE_CURVE ( 'NONE', #218, #3138, #2864, .T. ) ;
#1987 = ORIENTED_EDGE ( 'NONE', *, *, #2003, .F. ) ;
#1988 = CARTESIAN_POINT ( 'NONE',  ( -1.408676614819531391E-13, 19.50447271579007946, 37.50595296972292658 ) ) ;
#1989 = DIRECTION ( 'NONE',  ( -1.285235739764414760E-16, -0.9867625124381895763, -0.1621719582624315259 ) ) ;
#1990 = ORIENTED_EDGE ( 'NONE', *, *, #2135, .T. ) ;
#1991 = VECTOR ( 'NONE', #561, 39.37007874015748854 ) ;
#1992 = DIRECTION ( 'NONE',  ( -0.000000000000000000, 0.9867625124381881330, 0.1621719582624401301 ) ) ;
#1993 = DIRECTION ( 'NONE',  ( -0.000000000000000000, 0.9867625124381881330, 0.1621719582624402967 ) ) ;
#1994 =( GEOMETRIC_REPRESENTATION_CONTEXT ( 3 ) GLOBAL_UNCERTAINTY_ASSIGNED_CONTEXT ( ( #2261 ) ) GLOBAL_UNIT_ASSIGNED_CONTEXT ( ( #2208, #3013, #977 ) ) REPRESENTATION_CONTEXT ( 'NONE', 'WORKASPACE' ) );
#1995 = CARTESIAN_POINT ( 'NONE',  ( 7.356054502860020605, 19.69979747081081456, 37.54938077146415054 ) ) ;
#1996 = EDGE_CURVE ( 'NONE', #1261, #859, #1893, .T. ) ;
#1997 = DIRECTION ( 'NONE',  ( -8.622426922099261945E-15, 0.9867625124381883550, 0.1621719582624383538 ) ) ;
#1998 = ORIENTED_EDGE ( 'NONE', *, *, #2866, .T. ) ;
#1999 = DIRECTION ( 'NONE',  ( 1.406856291409834978E-16, 0.9867625124381895763, 0.1621719582624312206 ) ) ;
#2000 = DIRECTION ( 'NONE',  ( 0.000000000000000000, -0.1621719582624240319, 0.9867625124381906865 ) ) ;
#2001 = ORIENTED_EDGE ( 'NONE', *, *, #394, .T. ) ;
#2002 = CARTESIAN_POINT ( 'NONE',  ( 7.145397353570008825, 19.40163606572871302, 39.36359390882543607 ) ) ;
#2003 = EDGE_CURVE ( 'NONE', #2508, #1088, #175, .T. ) ;
#2004 = CARTESIAN_POINT ( 'NONE',  ( 8.827556530392104861, 18.99594484449205467, 38.44062847842066333 ) ) ;
#2005 = VERTEX_POINT ( 'NONE', #1592 ) ;
#2006 = DIRECTION ( 'NONE',  ( -3.402814269370608065E-14, -0.9867625124381881330, -0.1621719582624404077 ) ) ;
#2007 = CARTESIAN_POINT ( 'NONE',  ( 8.630331187550950744, -1.406076377741720229, 38.70749276620661306 ) ) ;
#2008 = CARTESIAN_POINT ( 'NONE',  ( 6.997045813599737762, 19.44174309304430537, 39.53269237980957485 ) ) ;
#2009 = SURFACE_SIDE_STYLE ('',( #2999 ) ) ;
#2010 = EDGE_CURVE ( 'NONE', #2321, #1408, #1984, .T. ) ;
#2011 =( BOUNDED_CURVE ( )  B_SPLINE_CURVE ( 3, ( #1502, #2473, #148, #636 ),
 .UNSPECIFIED., .F., .T. ) 
 B_SPLINE_CURVE_WITH_KNOTS ( ( 4, 4 ),
 ( 2.099231905924720198, 3.135135034645544216 ),
 .UNSPECIFIED. ) 
 CURVE ( )  GEOMETRIC_REPRESENTATION_ITEM ( )  RATIONAL_B_SPLINE_CURVE ( ( 1.000000000000000000, 0.9125567901509091806, 0.9125567901509091806, 1.000000000000000000 ) ) 
 REPRESENTATION_ITEM ( '' )  );
#2012 = EDGE_LOOP ( 'NONE', ( #827, #1 ) ) ;
#2013 = CYLINDRICAL_SURFACE ( 'NONE', #2133, 0.2500000000000009437 ) ;
#2014 = EDGE_CURVE ( 'NONE', #266, #262, #2674, .T. ) ;
#2015 = EDGE_CURVE ( 'NONE', #2272, #1376, #2466, .T. ) ;
#2016 = DIRECTION ( 'NONE',  ( -1.285235739764415006E-16, -0.9867625124381895763, -0.1621719582624315259 ) ) ;
#2017 = ORIENTED_EDGE ( 'NONE', *, *, #319, .F. ) ;
#2018 = PLANE ( 'NONE',  #2291 ) ;
#2019 = CARTESIAN_POINT ( 'NONE',  ( 7.379714812829559989, 19.69229618482794564, 36.85506830585883620 ) ) ;
#2020 = ORIENTED_EDGE ( 'NONE', *, *, #2703, .T. ) ;
#2021 = CARTESIAN_POINT ( 'NONE',  ( 8.880466594952370230, 19.50447271578958208, 37.50595296972289816 ) ) ;
#2022 = CARTESIAN_POINT ( 'NONE',  ( 7.349010279276019020, 19.75932256544693644, 37.49676124766769902 ) ) ;
#2023 = CIRCLE ( 'NONE', #1153, 0.1399999999999979872 ) ;
#2024 = FACE_OUTER_BOUND ( 'NONE', #1778, .T. ) ;
#2025 = ORIENTED_EDGE ( 'NONE', *, *, #548, .F. ) ;
#2026 =( BOUNDED_CURVE ( )  B_SPLINE_CURVE ( 3, ( #1268, #1770, #235, #3037 ),
 .UNSPECIFIED., .F., .T. ) 
 B_SPLINE_CURVE_WITH_KNOTS ( ( 4, 4 ),
 ( 0.000000000000000000, 1.000000000000000000 ),
 .UNSPECIFIED. ) 
 CURVE ( )  GEOMETRIC_REPRESENTATION_ITEM ( )  RATIONAL_B_SPLINE_CURVE ( ( 1.000000000000000000, 0.9882235526797329417, 0.9882235526797329417, 1.000000000000000000 ) ) 
 REPRESENTATION_ITEM ( '' )  );
#2027 = CIRCLE ( 'NONE', #2289, 0.2499999999999984457 ) ;
#2028 = FACE_OUTER_BOUND ( 'NONE', #1953, .T. ) ;
#2029 = VECTOR ( 'NONE', #2314, 39.37007874015748854 ) ;
#2030 = ORIENTED_EDGE ( 'NONE', *, *, #2214, .T. ) ;
#2031 = CARTESIAN_POINT ( 'NONE',  ( 7.239969503443725252, 19.40163606572872013, 39.36359390882543607 ) ) ;
#2032 = VECTOR ( 'NONE', #814, 39.37007874015748143 ) ;
#2033 = ORIENTED_EDGE ( 'NONE', *, *, #2381, .F. ) ;
#2034 = AXIS2_PLACEMENT_3D ( 'NONE', #145, #3215, #2718 ) ;
#2035 = CARTESIAN_POINT ( 'NONE',  ( 15752.44993685221016, 19.99338372252992357, 37.36624240329755509 ) ) ;
#2036 = CARTESIAN_POINT ( 'NONE',  ( 9.068438240213440693, 19.45483822229810045, 37.49830291200834864 ) ) ;
#2037 = CARTESIAN_POINT ( 'NONE',  ( 7.348513851158632981, 19.70815168139283458, 37.49854817431430831 ) ) ;
#2038 = AXIS2_PLACEMENT_3D ( 'NONE', #1872, #86, #1141 ) ;
#2039 = DIRECTION ( 'NONE',  ( -1.242930163267112714E-14, -0.5830735725600368902, -0.8124193553713965343 ) ) ;
#2040 = ORIENTED_EDGE ( 'NONE', *, *, #949, .T. ) ;
#2041 = ORIENTED_EDGE ( 'NONE', *, *, #1928, .T. ) ;
#2042 = CARTESIAN_POINT ( 'NONE',  ( 7.305707624396662325, 19.56744974892352928, 38.35467270950704943 ) ) ;
#2043 = MANIFOLD_SOLID_BREP ( '#10 Clearance Hole1[2]', #1380 ) ;
#2044 = DIRECTION ( 'NONE',  ( 0.000000000000000000, -0.1621719582624177314, 0.9867625124381917967 ) ) ;
#2045 = EDGE_CURVE ( 'NONE', #2736, #1170, #2480, .T. ) ;
#2046 = ADVANCED_FACE ( 'NONE', ( #892 ), #675, .F. ) ;
#2047 = CARTESIAN_POINT ( 'NONE',  ( 8.901563718824586857, 19.71021618621589866, 36.74603104823438571 ) ) ;
#2048 = APPLICATION_PROTOCOL_DEFINITION ( 'draft international standard', 'automotive_design', 1998, #1453 ) ;
#2049 = CARTESIAN_POINT ( 'NONE',  ( 7.599299824882931986, 19.75928890929464998, 37.49705459216708192 ) ) ;
#2050 = DIRECTION ( 'NONE',  ( 0.000000000000000000, -0.1621719582624464862, 0.9867625124381870227 ) ) ;
#2051 = CARTESIAN_POINT ( 'NONE',  ( 7.379714812829573312, 20.56064719577230093, 36.99777962912957463 ) ) ;
#2052 = ORIENTED_EDGE ( 'NONE', *, *, #231, .F. ) ;
#2053 = CARTESIAN_POINT ( 'NONE',  ( 8.517842774601946942, 19.24790644298184361, 39.42874573937551475 ) ) ;
#2054 = VERTEX_POINT ( 'NONE', #3209 ) ;
#2055 = CARTESIAN_POINT ( 'NONE',  ( 7.379714812829469395, 20.56064719577410926, 36.99777962912985885 ) ) ;
#2056 = EDGE_CURVE ( 'NONE', #3138, #869, #3005, .T. ) ;
#2057 = LINE ( 'NONE', #3086, #345 ) ;
#2058 = CYLINDRICAL_SURFACE ( 'NONE', #2950, 0.1105000000000027904 ) ;
#2059 = ORIENTED_EDGE ( 'NONE', *, *, #159, .T. ) ;
#2060 = CARTESIAN_POINT ( 'NONE',  ( 7.231700435963832163, 19.58075006476713398, 39.87698118731314167 ) ) ;
#2061 = DIRECTION ( 'NONE',  ( -8.621526009556628837E-15, 0.9867625124381885771, 0.1621719582624383815 ) ) ;
#2062 = DIRECTION ( 'NONE',  ( 0.000000000000000000, 0.9793332441004246602, 0.2022532991071786246 ) ) ;
#2063 = DIRECTION ( 'NONE',  ( -0.009695013075860264840, -0.9993438579051868720, 0.03489785650490105640 ) ) ;
#2064 = CARTESIAN_POINT ( 'NONE',  ( 9.126049387098408516, 19.46398300852706953, 37.44265992457889070 ) ) ;
#2065 = PLANE ( 'NONE',  #463 ) ;
#2066 = ORIENTED_EDGE ( 'NONE', *, *, #583, .F. ) ;
#2067 = ADVANCED_FACE ( 'NONE', ( #1720 ), #388, .F. ) ;
#2068 = CARTESIAN_POINT ( 'NONE',  ( 8.339843477597497667, 19.68296571135750384, 39.64042630659454147 ) ) ;
#2069 = ORIENTED_EDGE ( 'NONE', *, *, #1748, .T. ) ;
#2070 = DIRECTION ( 'NONE',  ( 0.000000000000000000, 0.9793332441004246602, 0.2022532991071786246 ) ) ;
#2071 = AXIS2_PLACEMENT_3D ( 'NONE', #186, #174, #2000 ) ;
#2072 = AXIS2_PLACEMENT_3D ( 'NONE', #958, #701, #1475 ) ;
#2073 = PRODUCT_RELATED_PRODUCT_CATEGORY ( 'part', '', ( #2984 ) ) ;
#2074 = CARTESIAN_POINT ( 'NONE',  ( 7.049738540131763820, 19.75446781143267927, 37.21672990354660016 ) ) ;
#2076 = VERTEX_POINT ( 'NONE', #2971 ) ;
#2075 = VECTOR ( 'NONE', #2825, 39.37007874015747433 ) ;
#2077 = CARTESIAN_POINT ( 'NONE',  ( 9.017343095892055516, 19.12416686324745996, 39.52486258494508320 ) ) ;
#2078 = PLANE ( 'NONE',  #3318 ) ;
#2079 = CIRCLE ( 'NONE', #3104, 0.1105000000000027904 ) ;
#2080 = DIRECTION ( 'NONE',  ( -1.000000000000000000, 2.808064214074153229E-14, 9.428620535466524907E-16 ) ) ;
#2081 = VECTOR ( 'NONE', #1691, 39.37007874015748143 ) ;
#2082 = CARTESIAN_POINT ( 'NONE',  ( 8.880466594952366677, 19.45328719343978463, 37.50774040755005956 ) ) ;
#2083 = CARTESIAN_POINT ( 'NONE',  ( 9.003245615026527204, 20.07213343606949962, 39.97022363269334022 ) ) ;
#2084 = CARTESIAN_POINT ( 'NONE',  ( 6.998689459199013641, 19.42619899783594661, 39.61165558343041226 ) ) ;
#2085 = ORIENTED_EDGE ( 'NONE', *, *, #2217, .T. ) ;
#2086 = AXIS2_PLACEMENT_3D ( 'NONE', #1217, #2857, #539 ) ;
#2087 = VERTEX_POINT ( 'NONE', #109 ) ;
#2088 = CARTESIAN_POINT ( 'NONE',  ( 8.508536759691899931, 19.20921947267843066, 39.42739476060321380 ) ) ;
#2089 = AXIS2_PLACEMENT_3D ( 'NONE', #2796, #228, #1292 ) ;
#2090 = DIRECTION ( 'NONE',  ( -3.403010680006646082E-14, -0.9867625124381881330, -0.1621719582624404077 ) ) ;
#2091 = ADVANCED_FACE ( 'NONE', ( #2954 ), #1909, .F. ) ;
#2092 = EDGE_CURVE ( 'NONE', #653, #2944, #2462, .T. ) ;
#2093 = ORIENTED_EDGE ( 'NONE', *, *, #3245, .T. ) ;
#2094 = VECTOR ( 'NONE', #1374, 39.37007874015748143 ) ;
#2095 = VERTEX_POINT ( 'NONE', #1689 ) ;
#2096 = ORIENTED_EDGE ( 'NONE', *, *, #65, .T. ) ;
#2097 = CARTESIAN_POINT ( 'NONE',  ( 7.379714812829559101, 20.08997001371119495, 36.77854689825721124 ) ) ;
#2098 = CARTESIAN_POINT ( 'NONE',  ( 9.015740900680855319, 19.12624159804066437, 39.55811297580708441 ) ) ;
#2099 = DIRECTION ( 'NONE',  ( -0.000000000000000000, 0.9867625124381883550, 0.1621719582624384370 ) ) ;
#2100 = CARTESIAN_POINT ( 'NONE',  ( 7.231700435963833051, 18.49465964366404336, 39.81046730011834001 ) ) ;
#2101 = EDGE_CURVE ( 'NONE', #874, #2464, #3000, .T. ) ;
#2102 = CARTESIAN_POINT ( 'NONE',  ( 8.753549341958880348, 20.07413132098493946, 39.95806716644413115 ) ) ;
#2103 = DIRECTION ( 'NONE',  ( 1.105331651361216332E-11, 0.9867625124381931290, 0.1621719582624097655 ) ) ;
#2104 = CARTESIAN_POINT ( 'NONE',  ( 7.043645068701417600, 19.44284817073673111, 39.52745451180854985 ) ) ;
#2105 = VERTEX_POINT ( 'NONE', #1509 ) ;
#2106 = CARTESIAN_POINT ( 'NONE',  ( 8.827556530392104861, 19.02473036708363807, 38.26547813246288854 ) ) ;
#2107 = ORIENTED_EDGE ( 'NONE', *, *, #2866, .F. ) ;
#2108 = PLANE ( 'NONE',  #141 ) ;
#2109 = DIRECTION ( 'NONE',  ( -8.622426922099261945E-15, 0.9867625124381883550, 0.1621719582624383538 ) ) ;
#2110 = ORIENTED_EDGE ( 'NONE', *, *, #3244, .F. ) ;
#2111 = DIRECTION ( 'NONE',  ( -0.04927818435184642964, -0.1619749342972592876, 0.9855636870372121994 ) ) ;
#2112 = ORIENTED_EDGE ( 'NONE', *, *, #2045, .T. ) ;
#2113 = EDGE_CURVE ( 'NONE', #1408, #505, #281, .T. ) ;
#2114 = ADVANCED_FACE ( 'NONE', ( #1747 ), #1224, .F. ) ;
#2115 = EDGE_LOOP ( 'NONE', ( #2110, #438, #1898, #2209, #521, #2355 ) ) ;
#2116 = CARTESIAN_POINT ( 'NONE',  ( 7.218982614347901894, 19.71490349505343787, 37.45746563030898102 ) ) ;
#2117 = DIRECTION ( 'NONE',  ( -0.000000000000000000, 0.9867625124381881330, 0.1621719582624401579 ) ) ;
#2118 = EDGE_CURVE ( 'NONE', #710, #3266, #1706, .T. ) ;
#2119 = DIRECTION ( 'NONE',  ( 0.04927818435184642964, 0.1619749342972592598, -0.9855636870372121994 ) ) ;
#2120 = FACE_BOUND ( 'NONE', #1344, .T. ) ;
#2121 = DIRECTION ( 'NONE',  ( -0.03486611143713425065, -0.8119253981476539650, 0.5827190593382259864 ) ) ;
#2122 = CARTESIAN_POINT ( 'NONE',  ( 8.753549341953414498, 19.64242272179276938, 39.88711693470373376 ) ) ;
#2123 = ORIENTED_EDGE ( 'NONE', *, *, #134, .T. ) ;
#2124 = FACE_OUTER_BOUND ( 'NONE', #2237, .T. ) ;
#2125 = ORIENTED_EDGE ( 'NONE', *, *, #2166, .F. ) ;
#2126 = CARTESIAN_POINT ( 'NONE',  ( 9.000736633182361501, 19.62662345433286504, 39.59785684531095740 ) ) ;
#2127 = FACE_OUTER_BOUND ( 'NONE', #1314, .T. ) ;
#2128 = DIRECTION ( 'NONE',  ( 4.991119498920738980E-18, 0.9925520697018206384, 0.1218211349915612751 ) ) ;
#2129 = CARTESIAN_POINT ( 'NONE',  ( 7.033452155487029067, 19.63398840579138849, 39.55304356142958255 ) ) ;
#2130 = ORIENTED_EDGE ( 'NONE', *, *, #1941, .T. ) ;
#2131 = CARTESIAN_POINT ( 'NONE',  ( 7.136386140250666088, 19.78809099472137945, 37.35976583053007261 ) ) ;
#2132 = ORIENTED_EDGE ( 'NONE', *, *, #1643, .F. ) ;
#2133 = AXIS2_PLACEMENT_3D ( 'NONE', #2799, #1247, #726 ) ;
#2134 = CARTESIAN_POINT ( 'NONE',  ( 8.499479329847261511, 19.17634330994835423, 39.41685940632214624 ) ) ;
#2135 = EDGE_CURVE ( 'NONE', #896, #633, #2247, .T. ) ;
#2136 = ADVANCED_FACE ( 'NONE', ( #2750, #2510 ), #987, .F. ) ;
#2137 = CIRCLE ( 'NONE', #500, 0.1244999999999983620 ) ;
#2138 = CARTESIAN_POINT ( 'NONE',  ( 8.901563718534152514, -5.379837658437917725, 32.73452563026251738 ) ) ;
#2139 = VECTOR ( 'NONE', #214, 39.37007874015748854 ) ;
#2140 = DIRECTION ( 'NONE',  ( 0.000000000000000000, -0.9867625124381881330, -0.1621719582624401301 ) ) ;
#2141 = ORIENTED_EDGE ( 'NONE', *, *, #1371, .F. ) ;
#2142 = VECTOR ( 'NONE', #189, 39.37007874015748143 ) ;
#2143 = CARTESIAN_POINT ( 'NONE',  ( 7.130018539761977969, -11234.36385891469581, -1812.733481733703002 ) ) ;
#2144 = VERTEX_POINT ( 'NONE', #2260 ) ;
#2145 = DIRECTION ( 'NONE',  ( 0.000000000000000000, 0.1621719582624404077, -0.9867625124381881330 ) ) ;
#2146 = CARTESIAN_POINT ( 'NONE',  ( 7.155267879954662291, 19.52717288426368825, 39.43849793839829942 ) ) ;
#2147 = PRESENTATION_LAYER_ASSIGNMENT (  '', '', ( #2727 ) ) ;
#2148 = CARTESIAN_POINT ( 'NONE',  ( 8.490910714173482532, 19.22197616493587446, 40.07137135888282131 ) ) ;
#2149 = FACE_OUTER_BOUND ( 'NONE', #1569, .T. ) ;
#2150 = VECTOR ( 'NONE', #619, 39.37007874015748143 ) ;
#2151 = ORIENTED_EDGE ( 'NONE', *, *, #802, .T. ) ;
#2152 = CIRCLE ( 'NONE', #2628, 0.1104999999999984883 ) ;
#2153 = DIRECTION ( 'NONE',  ( 1.105904806227812931E-11, 0.9867625124381887991, 0.1621719582624365774 ) ) ;
#2154 = VECTOR ( 'NONE', #588, 39.37007874015748854 ) ;
#2155 = CARTESIAN_POINT ( 'NONE',  ( 8.499933769442975517, 19.56986540786657969, 39.94321071001986923 ) ) ;
#2156 = EDGE_CURVE ( 'NONE', #3255, #2526, #2783, .T. ) ;
#2157 = CARTESIAN_POINT ( 'NONE',  ( 7.231700435963846374, 19.64242272179195581, 39.88711693470411035 ) ) ;
#2158 = LINE ( 'NONE', #568, #46 ) ;
#2159 = ORIENTED_EDGE ( 'NONE', *, *, #1302, .F. ) ;
#2160 = SURFACE_STYLE_FILL_AREA ( #2620 ) ;
#2161 = VERTEX_POINT ( 'NONE', #33 ) ;
#2162 = DIRECTION ( 'NONE',  ( -3.360772955046563540E-15, 0.9867625124381891322, 0.1621719582624338851 ) ) ;
#2163 = VERTEX_POINT ( 'NONE', #1053 ) ;
#2164 = CARTESIAN_POINT ( 'NONE',  ( 8.753549341961155861, 19.54020707520224676, 40.12367181542280292 ) ) ;
#2165 = CARTESIAN_POINT ( 'NONE',  ( 8.186769316381980133, 18.36788901010348241, 39.93100426479406906 ) ) ;
#2166 = EDGE_CURVE ( 'NONE', #966, #2256, #1001, .T. ) ;
#2167 = CARTESIAN_POINT ( 'NONE',  ( 7.007955356673225111, 19.62778004252999153, 39.59081939022010488 ) ) ;
#2168 = CARTESIAN_POINT ( 'NONE',  ( 7.379714812829467618, 20.60119018533711710, 36.75108900101988496 ) ) ;
#2169 = DIRECTION ( 'NONE',  ( -0.009695013075860244023, -0.9993438579051868720, 0.03489785650490104252 ) ) ;
#2170 = ORIENTED_EDGE ( 'NONE', *, *, #866, .F. ) ;
#2171 = DIRECTION ( 'NONE',  ( -3.771259033587318685E-17, -0.03489949670249622299, 0.9993908270190959842 ) ) ;
#2172 = EDGE_LOOP ( 'NONE', ( #836, #2651, #1932, #537, #694, #1887 ) ) ;
#2173 = DIRECTION ( 'NONE',  ( -3.403010680006646082E-14, -0.9867625124381881330, -0.1621719582624404077 ) ) ;
#2174 = CARTESIAN_POINT ( 'NONE',  ( 8.753549341958880348, 20.07413132098493946, 39.95806716644413115 ) ) ;
#2175 = ORIENTED_EDGE ( 'NONE', *, *, #1513, .F. ) ;
#2176 = DIRECTION ( 'NONE',  ( 0.000000000000000000, -0.03489949670249580665, 0.9993908270190958731 ) ) ;
#2177 = CARTESIAN_POINT ( 'NONE',  ( 8.794185259618490846, 19.20927289237661384, 39.42739662606019380 ) ) ;
#2178 = DIRECTION ( 'NONE',  ( -1.000000000000000000, 3.357928841797576959E-14, 5.518672315941987264E-15 ) ) ;
#2180 = ORIENTED_EDGE ( 'NONE', *, *, #3183, .T. ) ;
#2179 = VECTOR ( 'NONE', #1342, 39.37007874015748143 ) ;
#2181 = ORIENTED_EDGE ( 'NONE', *, *, #1894, .F. ) ;
#2182 = LINE ( 'NONE', #436, #614 ) ;
#2183 = DIRECTION ( 'NONE',  ( -4.370956789862854282E-15, -0.1621719582624414069, 0.9867625124381879109 ) ) ;
#2184 = COLOUR_RGB ( '',0.7921568627450980005, 0.8196078431372548767, 0.9333333333333333481 ) ;
#2185 = ORIENTED_EDGE ( 'NONE', *, *, #968, .T. ) ;
#2186 = CARTESIAN_POINT ( 'NONE',  ( 9.017266570276692761, 19.18805975969879185, 39.53693507475254165 ) ) ;
#2187 = ORIENTED_EDGE ( 'NONE', *, *, #742, .F. ) ;
#2188 = AXIS2_PLACEMENT_3D ( 'NONE', #1582, #1568, #2334 ) ;
#2189 = CARTESIAN_POINT ( 'NONE',  ( 8.627833060032850554, 19.60456004777482519, 36.58729532317433808 ) ) ;
#2190 = CARTESIAN_POINT ( 'NONE',  ( 282.2946057962308828, -6173.390091902419954, -6601.652200590428038 ) ) ;
#2191 = CARTESIAN_POINT ( 'NONE',  ( -63.17377192056316915, -11359.03439277570033, -357.9096276436191033 ) ) ;
#2192 = ORIENTED_EDGE ( 'NONE', *, *, #661, .T. ) ;
#2193 = EDGE_CURVE ( 'NONE', #1377, #1020, #2248, .T. ) ;
#2194 = VECTOR ( 'NONE', #613, 39.37007874015748854 ) ;
#2195 = EDGE_CURVE ( 'NONE', #3132, #859, #2886, .T. ) ;
#2196 = PLANE ( 'NONE',  #3152 ) ;
#2197 = DIRECTION ( 'NONE',  ( 0.000000000000000000, -0.1621719582626633405, 0.9867625124381514956 ) ) ;
#2198 = VECTOR ( 'NONE', #3176, 39.37007874015748854 ) ;
#2199 = CIRCLE ( 'NONE', #1279, 0.1104999999999981414 ) ;
#2200 = FACE_OUTER_BOUND ( 'NONE', #2617, .T. ) ;
#2201 = ORIENTED_EDGE ( 'NONE', *, *, #1642, .T. ) ;
#2202 = VECTOR ( 'NONE', #1304, 39.37007874015748854 ) ;
#2203 = ORIENTED_EDGE ( 'NONE', *, *, #3225, .T. ) ;
#2204 = FACE_BOUND ( 'NONE', #580, .T. ) ;
#2205 = DIRECTION ( 'NONE',  ( 0.000000000000000000, -0.1621719582624442935, 0.9867625124381874668 ) ) ;
#2206 = VERTEX_POINT ( 'NONE', #1583 ) ;
#2207 = ADVANCED_FACE ( 'NONE', ( #2273, #2358 ), #2762, .F. ) ;
#2208 =( CONVERSION_BASED_UNIT ( 'INCH', #439 ) LENGTH_UNIT ( ) NAMED_UNIT ( #2539 ) );
#2209 = ORIENTED_EDGE ( 'NONE', *, *, #807, .T. ) ;
#2210 = CARTESIAN_POINT ( 'NONE',  ( 8.901563718824588634, 19.67210577602422816, 36.97792023865736155 ) ) ;
#2211 = CARTESIAN_POINT ( 'NONE',  ( 9.068226760923890239, 19.10957133027289956, 39.59913729476818389 ) ) ;
#2212 = VERTEX_POINT ( 'NONE', #1249 ) ;
#2213 = FACE_OUTER_BOUND ( 'NONE', #3022, .T. ) ;
#2214 = EDGE_CURVE ( 'NONE', #1296, #2924, #1334, .T. ) ;
#2215 =( LENGTH_UNIT ( ) NAMED_UNIT ( * ) SI_UNIT ( $, .METRE. ) );
#2216 = LINE ( 'NONE', #1130, #2502 ) ;
#2217 = EDGE_CURVE ( 'NONE', #3312, #1376, #3279, .T. ) ;
#2218 = FACE_OUTER_BOUND ( 'NONE', #75, .T. ) ;
#2219 = EDGE_CURVE ( 'NONE', #818, #3097, #1235, .T. ) ;
#2220 = CARTESIAN_POINT ( 'NONE',  ( 8.880466594952359571, 19.44498127730667747, 37.55827914902015863 ) ) ;
#2221 = DIRECTION ( 'NONE',  ( -2.452417828393996853E-15, 0.1621719582624315259, -0.9867625124381895763 ) ) ;
#2222 = ORIENTED_EDGE ( 'NONE', *, *, #1118, .F. ) ;
#2223 = DIRECTION ( 'NONE',  ( 0.000000000000000000, 0.1621719582624369937, -0.9867625124381886881 ) ) ;
#2224 = CARTESIAN_POINT ( 'NONE',  ( 8.519442126873739696, 19.63398840578939542, 39.55304356142952571 ) ) ;
#2225 = DIRECTION ( 'NONE',  ( -1.632644655314772107E-16, -0.9867625124381896873, -0.1621719582624312761 ) ) ;
#2226 = ORIENTED_EDGE ( 'NONE', *, *, #985, .F. ) ;
#2227 = DIRECTION ( 'NONE',  ( 8.741913579725695942E-15, -0.1621719582624499278, 0.9867625124381865787 ) ) ;
#2228 = CARTESIAN_POINT ( 'NONE',  ( 9.071932568771822858, 19.09563818237227650, 39.68391587286453870 ) ) ;
#2229 = EDGE_CURVE ( 'NONE', #1340, #2983, #3325, .T. ) ;
#2230 = ORIENTED_EDGE ( 'NONE', *, *, #2957, .F. ) ;
#2231 = CARTESIAN_POINT ( 'NONE',  ( 7.379714812829573312, 20.54272719438430173, 37.10681688675398959 ) ) ;
#2232 = DIRECTION ( 'NONE',  ( -3.402814269370608065E-14, -0.9867625124381881330, -0.1621719582624404077 ) ) ;
#2233 = CARTESIAN_POINT ( 'NONE',  ( 8.753549341958862584, 19.60345413892383704, 39.73883443557176776 ) ) ;
#2234 = ADVANCED_FACE ( 'NONE', ( #575 ), #2897, .F. ) ;
#2235 = EDGE_CURVE ( 'NONE', #1613, #164, #1870, .T. ) ;
#2236 = DIRECTION ( 'NONE',  ( 1.075433412635312661E-14, -0.9867625124381884660, -0.1621719582624382427 ) ) ;
#2237 = EDGE_LOOP ( 'NONE', ( #81, #1900, #796, #71 ) ) ;
#2238 = EDGE_LOOP ( 'NONE', ( #2388, #2967, #2550, #3120, #100 ) ) ;
#2239 = CARTESIAN_POINT ( 'NONE',  ( -1.560090943943114370E-13, 19.21140069122226990, 39.36493283391452280 ) ) ;
#2240 = DIRECTION ( 'NONE',  ( 6.601998211667796236E-15, -0.9867625124381884660, -0.1621719582624384925 ) ) ;
#2241 = AXIS2_PLACEMENT_3D ( 'NONE', #3242, #2153, #2431 ) ;
#2242 = DIRECTION ( 'NONE',  ( 0.000000000000000000, 0.1621719582624240319, -0.9867625124381906865 ) ) ;
#2243 = VECTOR ( 'NONE', #1804, 39.37007874015748143 ) ;
#2244 = FILL_AREA_STYLE ('',( #1977 ) ) ;
#2245 =( BOUNDED_CURVE ( )  B_SPLINE_CURVE ( 3, ( #1882, #2371, #114, #1665 ),
 .UNSPECIFIED., .F., .T. ) 
 B_SPLINE_CURVE_WITH_KNOTS ( ( 4, 4 ),
 ( -3.552713678800500929E-15, 0.9272952180000016975 ),
 .UNSPECIFIED. ) 
 CURVE ( )  GEOMETRIC_REPRESENTATION_ITEM ( )  RATIONAL_B_SPLINE_CURVE ( ( 1.000000000000000000, 0.9296181273335167861, 0.9296181273335167861, 1.000000000000000000 ) ) 
 REPRESENTATION_ITEM ( '' )  );
#2246 = AXIS2_PLACEMENT_3D ( 'NONE', #3118, #2039, #1519 ) ;
#2247 = LINE ( 'NONE', #1830, #95 ) ;
#2248 = CIRCLE ( 'NONE', #147, 0.2500000000000023870 ) ;
#2249 = FACE_OUTER_BOUND ( 'NONE', #2238, .T. ) ;
#2250 = VECTOR ( 'NONE', #2454, 39.37007874015748143 ) ;
#2251 = CARTESIAN_POINT ( 'NONE',  ( 8.753549341954443008, 19.68296571135748252, 39.64042630659454147 ) ) ;
#2252 = ORIENTED_EDGE ( 'NONE', *, *, #3226, .T. ) ;
#2253 = AXIS2_PLACEMENT_3D ( 'NONE', #678, #2962, #3248 ) ;
#2254 = VERTEX_POINT ( 'NONE', #3186 ) ;
#2255 = DIRECTION ( 'NONE',  ( 0.04927818435184642271, 0.1619749342972592876, -0.9855636870372121994 ) ) ;
#2256 = VERTEX_POINT ( 'NONE', #1845 ) ;
#2257 = EDGE_CURVE ( 'NONE', #2144, #1311, #2297, .T. ) ;
#2258 = ORIENTED_EDGE ( 'NONE', *, *, #2575, .T. ) ;
#2259 = DIRECTION ( 'NONE',  ( 3.403073829338481831E-14, 0.9867625124381881330, 0.1621719582624404354 ) ) ;
#2260 = CARTESIAN_POINT ( 'NONE',  ( 8.901563718824588634, 19.71248659363157429, 36.73221637306025400 ) ) ;
#2261 = UNCERTAINTY_MEASURE_WITH_UNIT (LENGTH_MEASURE( 1.000000000000000082E-05 ), #2208, 'distance_accuracy_value', 'NONE');
#2262 = CARTESIAN_POINT ( 'NONE',  ( 8.579283868740434471, 19.44498127730666326, 37.55827914902021547 ) ) ;
#2263 = VERTEX_POINT ( 'NONE', #85 ) ;
#2264 = LINE ( 'NONE', #8, #663 ) ;
#2265 = LINE ( 'NONE', #3313, #294 ) ;
#2266 = VERTEX_POINT ( 'NONE', #882 ) ;
#2267 = CARTESIAN_POINT ( 'NONE',  ( 8.901563718824602844, 20.56064719577225475, 36.99777962912955331 ) ) ;
#2268 = CARTESIAN_POINT ( 'NONE',  ( 8.522653203881661810, 19.28738790176693740, 39.43012446229694490 ) ) ;
#2269 = ADVANCED_FACE ( 'NONE', ( #626, #2127 ), #1106, .T. ) ;
#2270 = VERTEX_POINT ( 'NONE', #1357 ) ;
#2271 = DIRECTION ( 'NONE',  ( -3.402975690169335379E-14, -0.9867625124381881330, -0.1621719582624404354 ) ) ;
#2272 = VERTEX_POINT ( 'NONE', #1655 ) ;
#2273 = FACE_BOUND ( 'NONE', #762, .T. ) ;
#2274 = DIRECTION ( 'NONE',  ( 7.455493947337953438E-15, -0.9867625124381884660, -0.1621719582624384648 ) ) ;
#2275 = CYLINDRICAL_SURFACE ( 'NONE', #838, 0.2500000000000020539 ) ;
#2276 = ORIENTED_EDGE ( 'NONE', *, *, #937, .T. ) ;
#2277 = CARTESIAN_POINT ( 'NONE',  ( 8.597193011509487448, 19.49733682000574220, 37.50620216069472690 ) ) ;
#2278 = EDGE_CURVE ( 'NONE', #3060, #218, #3282, .T. ) ;
#2279 = CARTESIAN_POINT ( 'NONE',  ( 9.100648736115573456, 19.47433969702751355, 37.37964291428258434 ) ) ;
#2280 = DIRECTION ( 'NONE',  ( 0.04927818435184642964, 0.1619749342972592598, -0.9855636870372121994 ) ) ;
#2281 = ORIENTED_EDGE ( 'NONE', *, *, #2432, .F. ) ;
#2282 = CARTESIAN_POINT ( 'NONE',  ( 8.463188791651839793, 20.08839560701256133, 37.17352002549937140 ) ) ;
#2283 = ORIENTED_EDGE ( 'NONE', *, *, #571, .T. ) ;
#2284 = CIRCLE ( 'NONE', #1269, 0.1244999999999983620 ) ;
#2285 = DIRECTION ( 'NONE',  ( -1.075433412635312661E-14, 0.9867625124381884660, 0.1621719582624382427 ) ) ;
#2286 = CARTESIAN_POINT ( 'NONE',  ( 7.353033790850910023, 19.75929037228306839, 37.49695713238019579 ) ) ;
#2287 = EDGE_CURVE ( 'NONE', #2937, #606, #1895, .T. ) ;
#2288 = EDGE_CURVE ( 'NONE', #1034, #1069, #3170, .T. ) ;
#2289 = AXIS2_PLACEMENT_3D ( 'NONE', #1654, #2672, #2426 ) ;
#2290 = DIRECTION ( 'NONE',  ( -0.04927818435184642964, -0.1619749342972592876, 0.9855636870372121994 ) ) ;
#2291 = AXIS2_PLACEMENT_3D ( 'NONE', #2515, #1238, #2814 ) ;
#2292 = DIRECTION ( 'NONE',  ( 0.000000000000000000, 0.1621719582624369937, -0.9867625124381886881 ) ) ;
#2293 = ORIENTED_EDGE ( 'NONE', *, *, #2500, .T. ) ;
#2294 = ADVANCED_FACE ( 'NONE', ( #1426 ), #1639, .F. ) ;
#2295 = FACE_OUTER_BOUND ( 'NONE', #2492, .T. ) ;
#2296 = DIRECTION ( 'NONE',  ( 0.000000000000000000, -0.1621719582624354949, 0.9867625124381889101 ) ) ;
#2297 = CIRCLE ( 'NONE', #2834, 0.1244999999999983620 ) ;
#2298 = CARTESIAN_POINT ( 'NONE',  ( 7.231700435963832163, 19.58075006476713398, 39.87698118731314167 ) ) ;
#2299 = AXIS2_PLACEMENT_3D ( 'NONE', #550, #2169, #1081 ) ;
#2300 =( NAMED_UNIT ( * ) PLANE_ANGLE_UNIT ( ) SI_UNIT ( $, .RADIAN. ) );
#2301 = CARTESIAN_POINT ( 'NONE',  ( 9.193324621174166822, 19.49464214893067648, 37.25610923642046401 ) ) ;
#2302 = DIRECTION ( 'NONE',  ( -0.000000000000000000, 0.9867625124381881330, 0.1621719582624401301 ) ) ;
#2303 = CARTESIAN_POINT ( 'NONE',  ( 7.086237851035838808, 19.39550380731943946, 39.40090666486347004 ) ) ;
#2304 = AXIS2_PLACEMENT_3D ( 'NONE', #2342, #41, #2366 ) ;
#2305 = EDGE_CURVE ( 'NONE', #1296, #2965, #2427, .T. ) ;
#2306 = ORIENTED_EDGE ( 'NONE', *, *, #2166, .T. ) ;
#2307 = CARTESIAN_POINT ( 'NONE',  ( 8.901563718824602844, 20.12893859658134588, 36.92682939738986647 ) ) ;
#2308 = VERTEX_POINT ( 'NONE', #1087 ) ;
#2309 = EDGE_CURVE ( 'NONE', #277, #1653, #1228, .T. ) ;
#2310 = ORIENTED_EDGE ( 'NONE', *, *, #3058, .T. ) ;
#2311 = CARTESIAN_POINT ( 'NONE',  ( 8.901563718824588634, 19.69229618482790301, 36.85506830585880778 ) ) ;
#2312 = DIRECTION ( 'NONE',  ( 0.000000000000000000, -0.1621719582624177314, 0.9867625124381917967 ) ) ;
#2313 = ORIENTED_EDGE ( 'NONE', *, *, #3292, .T. ) ;
#2314 = DIRECTION ( 'NONE',  ( 4.991119498920766713E-18, 0.9925520697018206384, 0.1218211349915610531 ) ) ;
#2315 = DIRECTION ( 'NONE',  ( -7.956355079726148390E-15, -0.1621719582624097933, 0.9867625124381931290 ) ) ;
#2316 = CARTESIAN_POINT ( 'NONE',  ( 8.883467192862179118, 19.81376874950952072, 37.49515211422470173 ) ) ;
#2317 = EDGE_CURVE ( 'NONE', #1340, #1438, #1574, .T. ) ;
#2318 = LINE ( 'NONE', #3046, #621 ) ;
#2319 = FACE_BOUND ( 'NONE', #3164, .T. ) ;
#2320 = ORIENTED_EDGE ( 'NONE', *, *, #937, .F. ) ;
#2321 = VERTEX_POINT ( 'NONE', #1389 ) ;
#2322 = FACE_BOUND ( 'NONE', #589, .T. ) ;
#2323 = ORIENTED_EDGE ( 'NONE', *, *, #1643, .T. ) ;
#2324 = CARTESIAN_POINT ( 'NONE',  ( 7.197330379978320813, 19.77146786733547046, 37.43822882177132527 ) ) ;
#2325 = ORIENTED_EDGE ( 'NONE', *, *, #1642, .F. ) ;
#2326 = CARTESIAN_POINT ( 'NONE',  ( 8.463188791651839793, 20.08839560701256133, 37.17352002549937140 ) ) ;
#2327 = DIRECTION ( 'NONE',  ( 0.000000000000000000, 0.1621719582624240319, -0.9867625124381906865 ) ) ;
#2328 =( NAMED_UNIT ( * ) SI_UNIT ( $, .STERADIAN. ) SOLID_ANGLE_UNIT ( ) );
#2329 = CYLINDRICAL_SURFACE ( 'NONE', #1165, 0.2500000000000020539 ) ;
#2330 = LINE ( 'NONE', #1258, #1762 ) ;
#2331 = CARTESIAN_POINT ( 'NONE',  ( 7.024908247976640929, 19.43762433131500345, 39.55383614966120120 ) ) ;
#2332 = ORIENTED_EDGE ( 'NONE', *, *, #232, .F. ) ;
#2333 = EDGE_LOOP ( 'NONE', ( #1566, #1215, #2069, #1990, #649 ) ) ;
#2334 = DIRECTION ( 'NONE',  ( 0.000000000000000000, -0.1621719582624329414, 0.9867625124381893542 ) ) ;
#2335 = DIRECTION ( 'NONE',  ( 0.000000000000000000, -0.9867625124381881330, -0.1621719582624401301 ) ) ;
#2336 = ORIENTED_EDGE ( 'NONE', *, *, #3249, .T. ) ;
#2337 = CARTESIAN_POINT ( 'NONE',  ( 6.999336021444794831, 19.38315865108884495, 39.47602284098333314 ) ) ;
#2338 = AXIS2_PLACEMENT_3D ( 'NONE', #1397, #2682, #596 ) ;
#2339 = ORIENTED_EDGE ( 'NONE', *, *, #1118, .T. ) ;
#2340 = FACE_OUTER_BOUND ( 'NONE', #3146, .T. ) ;
#2341 = EDGE_CURVE ( 'NONE', #2266, #963, #1190, .T. ) ;
#2342 = CARTESIAN_POINT ( 'NONE',  ( 7.231700435963833051, 18.51257964505204257, 39.70143004249391794 ) ) ;
#2344 = EDGE_LOOP ( 'NONE', ( #2693, #2675 ) ) ;
#2343 = VECTOR ( 'NONE', #627, 39.37007874015748854 ) ;
#2345 = CARTESIAN_POINT ( 'NONE',  ( 7.379714812831863036, 18.99909551983944667, 36.74114250517882851 ) ) ;
#2346 = CIRCLE ( 'NONE', #994, 0.1399999999999983480 ) ;
#2347 = CARTESIAN_POINT ( 'NONE',  ( 8.595056994205025447, 19.49041067885619682, 37.50765303667285622 ) ) ;
#2348 = AXIS2_PLACEMENT_3D ( 'NONE', #309, #3160, #846 ) ;
#2349 = CYLINDRICAL_SURFACE ( 'NONE', #1865, 0.1105000000000024435 ) ;
#2350 = CARTESIAN_POINT ( 'NONE',  ( 7.111251375221069537, 19.80537084952084115, 37.24664838311267800 ) ) ;
#2351 = CARTESIAN_POINT ( 'NONE',  ( 7.670075363127176971, 19.68296571135711659, 39.64042630659443489 ) ) ;
#2352 = ORIENTED_EDGE ( 'NONE', *, *, #1587, .T. ) ;
#2353 = EDGE_CURVE ( 'NONE', #1653, #925, #2376, .T. ) ;
#2354 = ADVANCED_FACE ( 'NONE', ( #1738 ), #1462, .F. ) ;
#2355 = ORIENTED_EDGE ( 'NONE', *, *, #985, .T. ) ;
#2356 = CARTESIAN_POINT ( 'NONE',  ( 8.901563718824586857, 18.98117551845137996, 36.85017976280374086 ) ) ;
#2357 = CIRCLE ( 'NONE', #2514, 0.1399999999999983480 ) ;
#2358 = FACE_OUTER_BOUND ( 'NONE', #2344, .T. ) ;
#2359 = ORIENTED_EDGE ( 'NONE', *, *, #1514, .T. ) ;
#2360 = ADVANCED_FACE ( 'NONE', ( #3238 ), #1485, .T. ) ;
#2361 = LINE ( 'NONE', #60, #830 ) ;
#2362 = CIRCLE ( 'NONE', #2253, 0.1406000000000001138 ) ;
#2363 = EDGE_LOOP ( 'NONE', ( #1536, #2818, #1353, #746 ) ) ;
#2364 = AXIS2_PLACEMENT_3D ( 'NONE', #379, #2994, #2721 ) ;
#2365 = LINE ( 'NONE', #3139, #3206 ) ;
#2366 = DIRECTION ( 'NONE',  ( 0.000000000000000000, -0.1621719582624369937, 0.9867625124381886881 ) ) ;
#2367 = ORIENTED_EDGE ( 'NONE', *, *, #3205, .F. ) ;
#2368 = CARTESIAN_POINT ( 'NONE',  ( 8.828102611004345235, 19.20795506349550408, 39.43436290100231645 ) ) ;
#2369 =( BOUNDED_SURFACE ( )  B_SPLINE_SURFACE ( 3, 2, ( 
 ( #19, #2846, #1570 ),
 ( #3293, #2616, #2582 ),
 ( #50, #3093, #2084 ),
 ( #1810, #775, #2331 ),
 ( #2838, #311, #2104 ),
 ( #276, #825, #27 ),
 ( #2303, #3129, #1067 ),
 ( #1082, #15, #502 ),
 ( #1352, #1618, #1548 ),
 ( #795, #535, #755 ) ),
 .UNSPECIFIED., .F., .F., .F. ) 
 B_SPLINE_SURFACE_WITH_KNOTS ( ( 4, 2, 2, 2, 4 ),
 ( 3, 3 ),
 ( 4.703257570157744816, 5.086015848474724876, 5.468774126791704049, 5.851532405108684110, 6.234290683425664170 ),
 ( 0.000000000000000000, 1.000000000000000000 ),
 .UNSPECIFIED. ) 
 GEOMETRIC_REPRESENTATION_ITEM ( )  RATIONAL_B_SPLINE_SURFACE ( (
 ( 1.000000000000000000, 0.7075192124028483187, 1.000000000000000000),
 ( 1.000000000000000000, 0.7017588658845854699, 1.000000000000000000),
 ( 1.000000000000000000, 0.6959157886938194260, 1.000000000000000000),
 ( 1.000000000000000000, 0.6849230505727149643, 1.000000000000000000),
 ( 1.000000000000000000, 0.6797779239127391682, 1.000000000000000000),
 ( 1.000000000000000000, 0.6709990761995502373, 1.000000000000000000),
 ( 1.000000000000000000, 0.6673706885992569671, 1.000000000000000000),
 ( 1.000000000000000000, 0.6622405001821936033, 1.000000000000000000),
 ( 1.000000000000000000, 0.6607363028435819796, 1.000000000000000000),
 ( 1.000000000000000000, 0.6604408934801718756, 1.000000000000000000) ) ) 
 REPRESENTATION_ITEM ( '' )  SURFACE ( )  );
#2370 = CARTESIAN_POINT ( 'NONE',  ( 7.642353440695928590, -11308.18321668291901, -1825.106378055724917 ) ) ;
#2371 = CARTESIAN_POINT ( 'NONE',  ( 7.245888939107648419, 19.70065877822944955, 37.54414000184215183 ) ) ;
#2372 = ORIENTED_EDGE ( 'NONE', *, *, #1441, .F. ) ;
#2373 = CARTESIAN_POINT ( 'NONE',  ( 7.231700435963846374, 20.07413132098498210, 39.95806716644413825 ) ) ;
#2374 = ORIENTED_EDGE ( 'NONE', *, *, #707, .F. ) ;
#2375 = DIRECTION ( 'NONE',  ( 0.000000000000000000, -0.1621719582624433220, 0.9867625124381875779 ) ) ;
#2376 = LINE ( 'NONE', #1242, #1452 ) ;
#2377 = FACE_OUTER_BOUND ( 'NONE', #3002, .T. ) ;
#2378 = CARTESIAN_POINT ( 'NONE',  ( 8.663594153988219304, -11308.18321668299905, -1825.106378055738105 ) ) ;
#2379 = DIRECTION ( 'NONE',  ( 1.000000000000000000, 6.716709122762271005E-15, -1.590814953584779842E-16 ) ) ;
#2380 = ORIENTED_EDGE ( 'NONE', *, *, #1077, .F. ) ;
#2381 = EDGE_CURVE ( 'NONE', #859, #3132, #2199, .T. ) ;
#2382 = ADVANCED_FACE ( 'NONE', ( #639 ), #1663, .F. ) ;
#2383 = CARTESIAN_POINT ( 'NONE',  ( 7.112131376460261833, 19.81566182836110102, 37.23049261641080676 ) ) ;
#2384 = VERTEX_POINT ( 'NONE', #719 ) ;
#2385 = CARTESIAN_POINT ( 'NONE',  ( 8.508536759691899931, 19.20921947267843066, 39.42739476060321380 ) ) ;
#2386 = CARTESIAN_POINT ( 'NONE',  ( -103.8627141216147010, -11605.85812125409393, 447.5671957905097997 ) ) ;
#2387 = DIRECTION ( 'NONE',  ( 0.000000000000000000, -0.1621719582624404354, 0.9867625124381881330 ) ) ;
#2388 = ORIENTED_EDGE ( 'NONE', *, *, #2193, .T. ) ;
#2389 = PLANE ( 'NONE',  #1559 ) ;
#2390 = EDGE_LOOP ( 'NONE', ( #2175, #1730 ) ) ;
#2391 = CARTESIAN_POINT ( 'NONE',  ( 7.305707624396662325, 18.75583758244570376, 38.22128627383661836 ) ) ;
#2392 = DIRECTION ( 'NONE',  ( -0.000000000000000000, 0.9867625124381881330, 0.1621719582624401301 ) ) ;
#2393 = CARTESIAN_POINT ( 'NONE',  ( 8.478848297148498858, 19.09603873778088357, 40.05067385677513414 ) ) ;
#2394 = CARTESIAN_POINT ( 'NONE',  ( 7.231700435959838025, 20.03358833141974671, 40.20475779455370713 ) ) ;
#2395 = ORIENTED_EDGE ( 'NONE', *, *, #2657, .T. ) ;
#2396 = DIRECTION ( 'NONE',  ( -1.000000000000000000, 2.225319200216541948E-14, 7.393630105328107545E-16 ) ) ;
#2397 = ADVANCED_FACE ( 'NONE', ( #754 ), #2065, .T. ) ;
#2398 = EDGE_CURVE ( 'NONE', #410, #1494, #1814, .T. ) ;
#2399 = EDGE_LOOP ( 'NONE', ( #576, #3320, #829, #3117 ) ) ;
#2400 = AXIS2_PLACEMENT_3D ( 'NONE', #2055, #542, #510 ) ;
#2401 = CARTESIAN_POINT ( 'NONE',  ( 7.645406300315638504, 19.60187973222534552, 40.13380756281412687 ) ) ;
#2402 = CIRCLE ( 'NONE', #885, 0.2499999999999984457 ) ;
#2403 = DIRECTION ( 'NONE',  ( 1.105197914965433568E-11, 0.9867625124381887991, 0.1621719582624365774 ) ) ;
#2404 = ADVANCED_FACE ( 'NONE', ( #1789 ), #566, .F. ) ;
#2405 = DIRECTION ( 'NONE',  ( -0.000000000000000000, 0.9867625124381884660, 0.1621719582624384925 ) ) ;
#2406 = AXIS2_PLACEMENT_3D ( 'NONE', #1372, #3168, #1670 ) ;
#2407 = CARTESIAN_POINT ( 'NONE',  ( 7.111628080659634144, 19.81028929090610902, 37.23971911086566422 ) ) ;
#2408 = ORIENTED_EDGE ( 'NONE', *, *, #2912, .F. ) ;
#2409 = LINE ( 'NONE', #553, #1063 ) ;
#2410 = ORIENTED_EDGE ( 'NONE', *, *, #496, .T. ) ;
#2411 = CYLINDRICAL_SURFACE ( 'NONE', #2883, 0.1105000000000027904 ) ;
#2412 = CARTESIAN_POINT ( 'NONE',  ( 7.345990587281119311, 19.69985783887103281, 37.54901345186454620 ) ) ;
#2413 = ORIENTED_EDGE ( 'NONE', *, *, #2495, .T. ) ;
#2414 = AXIS2_PLACEMENT_3D ( 'NONE', #2767, #2221, #1173 ) ;
#2415 = ORIENTED_EDGE ( 'NONE', *, *, #2056, .F. ) ;
#2416 = VECTOR ( 'NONE', #2403, 39.37007874015747433 ) ;
#2417 = CARTESIAN_POINT ( 'NONE',  ( 8.753549341960759733, 18.72761700950524855, 39.99012466445403646 ) ) ;
#2418 = CIRCLE ( 'NONE', #2523, 0.1406000000000001138 ) ;
#2419 = DIRECTION ( 'NONE',  ( -0.000000000000000000, 0.9867625124381881330, 0.1621719582624401579 ) ) ;
#2420 = ORIENTED_EDGE ( 'NONE', *, *, #2219, .T. ) ;
#2421 = CARTESIAN_POINT ( 'NONE',  ( 7.305707624396662325, 19.54464837159182977, 38.49341151875585609 ) ) ;
#2422 = EDGE_CURVE ( 'NONE', #1674, #112, #2318, .T. ) ;
#2423 = DIRECTION ( 'NONE',  ( 0.000000000000000000, -0.1621719582624464862, 0.9867625124381870227 ) ) ;
#2424 = ORIENTED_EDGE ( 'NONE', *, *, #350, .F. ) ;
#2425 = CARTESIAN_POINT ( 'NONE',  ( 8.637313477672311279, -11308.26959995496691, -1824.580764529366206 ) ) ;
#2426 = DIRECTION ( 'NONE',  ( 0.000000000000000000, -0.1621719582624499278, 0.9867625124381865787 ) ) ;
#2427 = LINE ( 'NONE', #2190, #2892 ) ;
#2428 = ORIENTED_EDGE ( 'NONE', *, *, #3249, .F. ) ;
#2429 = VERTEX_POINT ( 'NONE', #2535 ) ;
#2430 = CARTESIAN_POINT ( 'NONE',  ( 8.760231101075172333, 19.20921947267842356, 39.42739476060322801 ) ) ;
#2431 = DIRECTION ( 'NONE',  ( 0.000000000000000000, -0.1621719582624301381, 0.9867625124381897983 ) ) ;
#2432 = EDGE_CURVE ( 'NONE', #1640, #2161, #1115, .T. ) ;
#2433 = CARTESIAN_POINT ( 'NONE',  ( 7.361618286867573246, 19.81376874950756672, 37.49515211422476568 ) ) ;
#2434 = ORIENTED_EDGE ( 'NONE', *, *, #3020, .T. ) ;
#2435 = FACE_OUTER_BOUND ( 'NONE', #2752, .T. ) ;
#2436 = DIRECTION ( 'NONE',  ( -1.075433412635312661E-14, 0.9867625124381884660, 0.1621719582624382427 ) ) ;
#2437 = VERTEX_POINT ( 'NONE', #14 ) ;
#2438 = EDGE_CURVE ( 'NONE', #522, #1637, #2357, .T. ) ;
#2439 = DIRECTION ( 'NONE',  ( 0.000000000000000000, -0.1621719582624177314, 0.9867625124381917967 ) ) ;
#2440 = ADVANCED_FACE ( 'NONE', ( #1777 ), #1578, .F. ) ;
#2441 = ORIENTED_EDGE ( 'NONE', *, *, #2305, .F. ) ;
#2442 = LINE ( 'NONE', #2722, #1272 ) ;
#2443 = DIRECTION ( 'NONE',  ( -0.000000000000000000, 0.9867625124381881330, 0.1621719582624401579 ) ) ;
#2444 = CARTESIAN_POINT ( 'NONE',  ( 8.901563718824586857, 20.04934593816909683, 37.02573090762339092 ) ) ;
#2445 = FACE_OUTER_BOUND ( 'NONE', #1540, .T. ) ;
#2446 = CARTESIAN_POINT ( 'NONE',  ( 4.637012940195838090E-13, 19.52717288426186926, 39.43849793839823548 ) ) ;
#2447 = PRESENTATION_STYLE_ASSIGNMENT (( #1128 ) ) ;
#2448 = VERTEX_POINT ( 'NONE', #476 ) ;
#2449 = EDGE_CURVE ( 'NONE', #1438, #1526, #2678, .T. ) ;
#2450 = FACE_OUTER_BOUND ( 'NONE', #1757, .T. ) ;
#2451 = AXIS2_PLACEMENT_3D ( 'NONE', #1985, #2481, #2512 ) ;
#2452 = VERTEX_POINT ( 'NONE', #485 ) ;
#2453 = CARTESIAN_POINT ( 'NONE',  ( -15743.40903732142215, 20.45004257268252701, 37.67077203053649725 ) ) ;
#2454 = DIRECTION ( 'NONE',  ( -0.000000000000000000, 0.9867625124381881330, 0.1621719582624402967 ) ) ;
#2455 = AXIS2_PLACEMENT_3D ( 'NONE', #2019, #993, #2327 ) ;
#2456 = ORIENTED_EDGE ( 'NONE', *, *, #1928, .F. ) ;
#2457 = ORIENTED_EDGE ( 'NONE', *, *, #1145, .T. ) ;
#2458 = AXIS2_PLACEMENT_3D ( 'NONE', #741, #1528, #2547 ) ;
#2459 = DIRECTION ( 'NONE',  ( 0.000000000000000000, -0.1621719582624433220, 0.9867625124381875779 ) ) ;
#2460 = EDGE_CURVE ( 'NONE', #1653, #277, #3004, .T. ) ;
#2461 = EDGE_CURVE ( 'NONE', #469, #2105, #3057, .T. ) ;
#2462 = CIRCLE ( 'NONE', #358, 0.1105000000000024435 ) ;
#2463 = DIRECTION ( 'NONE',  ( 4.991119498920766713E-18, 0.9925520697018206384, 0.1218211349915610531 ) ) ;
#2464 = VERTEX_POINT ( 'NONE', #2083 ) ;
#2465 = CARTESIAN_POINT ( 'NONE',  ( 7.379714812829452519, 20.56064719577160460, 36.99777962912946094 ) ) ;
#2466 = LINE ( 'NONE', #1414, #3110 ) ;
#2467 = VECTOR ( 'NONE', #111, 39.37007874015748143 ) ;
#2468 = ORIENTED_EDGE ( 'NONE', *, *, #1441, .T. ) ;
#2469 = CIRCLE ( 'NONE', #2569, 0.2500000000000023870 ) ;
#2470 = DIRECTION ( 'NONE',  ( -1.491862189340054101E-16, -0.9867625124381895763, -0.1621719582624315537 ) ) ;
#2471 = DIRECTION ( 'NONE',  ( -0.000000000000000000, 0.9867625124381881330, 0.1621719582624401301 ) ) ;
#2472 = ORIENTED_EDGE ( 'NONE', *, *, #1463, .F. ) ;
#2473 = CARTESIAN_POINT ( 'NONE',  ( 9.053114072013837443, 19.87937744199821566, 37.44806473937677538 ) ) ;
#2474 = CARTESIAN_POINT ( 'NONE',  ( 8.599221381018075760, 19.50447271579014696, 37.50595296972292658 ) ) ;
#2475 = CARTESIAN_POINT ( 'NONE',  ( 8.959711959073358045, 19.14160457691799522, 39.40422562643944815 ) ) ;
#2476 = CARTESIAN_POINT ( 'NONE',  ( 9.006590268092526941, 19.17116488913761430, 39.62265987425949021 ) ) ;
#2477 = ORIENTED_EDGE ( 'NONE', *, *, #2217, .F. ) ;
#2478 = DIRECTION ( 'NONE',  ( 0.000000000000000000, -0.1621719582624312761, 0.9867625124381895763 ) ) ;
#2479 = EDGE_CURVE ( 'NONE', #1377, #1923, #1019, .T. ) ;
#2480 = LINE ( 'NONE', #2684, #44 ) ;
#2481 = DIRECTION ( 'NONE',  ( -1.105922522141220546E-11, -0.9867625124381894652, -0.1621719582624329692 ) ) ;
#2482 = ORIENTED_EDGE ( 'NONE', *, *, #2257, .F. ) ;
#2483 = CARTESIAN_POINT ( 'NONE',  ( 7.231700435963833051, 19.18786030865262404, 39.92439310079782899 ) ) ;
#2484 = DIRECTION ( 'NONE',  ( 0.000000000000000000, 0.1621719582624301381, -0.9867625124381897983 ) ) ;
#2485 = B_SPLINE_CURVE_WITH_KNOTS ( 'NONE', 3,
 ( #1014, #582, #2077, #2098, #305, #841, #43, #3108, #2610, #3156 ),
 .UNSPECIFIED., .F., .F.,
 ( 4, 2, 2, 2, 4 ),
 ( 4.891679057444874018E-15, 0.001269327983532407859, 0.002538655967059923798, 0.003807983950587439954, 0.005077311934114956543 ),
 .UNSPECIFIED. ) ;
#2486 = EDGE_LOOP ( 'NONE', ( #1821, #573, #2663, #2584 ) ) ;
#2487 = LINE ( 'NONE', #412, #1405 ) ;
#2488 = VERTEX_POINT ( 'NONE', #1529 ) ;
#2489 = DIRECTION ( 'NONE',  ( 0.000000000000000000, 0.9867625124381887991, 0.1621719582624365497 ) ) ;
#2490 = EDGE_LOOP ( 'NONE', ( #934, #637, #1917, #1375, #210 ) ) ;
#2491 =( NAMED_UNIT ( * ) PLANE_ANGLE_UNIT ( ) SI_UNIT ( $, .RADIAN. ) );
#2492 = EDGE_LOOP ( 'NONE', ( #425, #3155, #2408, #2025 ) ) ;
#2493 = CARTESIAN_POINT ( 'NONE',  ( 15752.72796199348522, 20.16948158562461302, 36.68013876915485127 ) ) ;
#2494 = DIRECTION ( 'NONE',  ( 0.000000000000000000, 0.1621719582624401301, -0.9867625124381881330 ) ) ;
#2495 = EDGE_CURVE ( 'NONE', #606, #1828, #2330, .T. ) ;
#2496 = LINE ( 'NONE', #3059, #766 ) ;
#2497 = ORIENTED_EDGE ( 'NONE', *, *, #216, .T. ) ;
#2498 = DIRECTION ( 'NONE',  ( -1.105904806227813092E-11, -0.9867625124381887991, -0.1621719582624365774 ) ) ;
#2499 = CARTESIAN_POINT ( 'NONE',  ( 7.379714812829573312, 20.12893859658138140, 36.92682939738988779 ) ) ;
#2500 = EDGE_CURVE ( 'NONE', #220, #1259, #2948, .T. ) ;
#2501 = ORIENTED_EDGE ( 'NONE', *, *, #513, .F. ) ;
#2502 = VECTOR ( 'NONE', #1416, 39.37007874015748143 ) ;
#2503 = LINE ( 'NONE', #195, #1283 ) ;
#2504 = DIRECTION ( 'NONE',  ( 0.000000000000000000, -0.1621719582624177314, 0.9867625124381917967 ) ) ;
#2505 = CIRCLE ( 'NONE', #450, 0.1399999999999979872 ) ;
#2506 = VECTOR ( 'NONE', #3240, 39.37007874015748143 ) ;
#2507 = CONICAL_SURFACE ( 'NONE', #504, 0.1874999999999997502, 0.03332099587824763343 ) ;
#2508 = VERTEX_POINT ( 'NONE', #261 ) ;
#2509 = CIRCLE ( 'NONE', #2998, 0.1105000000000027904 ) ;
#2510 = FACE_OUTER_BOUND ( 'NONE', #2782, .T. ) ;
#2511 = AXIS2_PLACEMENT_3D ( 'NONE', #2732, #1201, #1983 ) ;
#2512 = DIRECTION ( 'NONE',  ( 0.000000000000000000, 0.1621719582626633405, -0.9867625124381514956 ) ) ;
#2513 = ORIENTED_EDGE ( 'NONE', *, *, #908, .T. ) ;
#2514 = AXIS2_PLACEMENT_3D ( 'NONE', #26, #774, #1033 ) ;
#2515 = CARTESIAN_POINT ( 'NONE',  ( -2.878511633650612411E-15, 1.331897469412588686, 38.14055328097311559 ) ) ;
#2516 = EDGE_LOOP ( 'NONE', ( #2826, #77 ) ) ;
#2517 = AXIS2_PLACEMENT_3D ( 'NONE', #911, #2972, #355 ) ;
#2518 = CARTESIAN_POINT ( 'NONE',  ( 7.379714812823814363, 20.08839560701579074, 37.17352002549930745 ) ) ;
#2519 = EDGE_LOOP ( 'NONE', ( #2566, #2306, #1009, #536 ) ) ;
#2520 = EDGE_CURVE ( 'NONE', #2266, #2676, #1709, .T. ) ;
#2521 = ADVANCED_FACE ( 'NONE', ( #1275 ), #3334, .T. ) ;
#2522 = FACE_OUTER_BOUND ( 'NONE', #703, .T. ) ;
#2523 = AXIS2_PLACEMENT_3D ( 'NONE', #1194, #1725, #166 ) ;
#2524 = DIRECTION ( 'NONE',  ( 0.000000000000000000, 0.1621719582624301381, -0.9867625124381897983 ) ) ;
#2525 = PRESENTATION_STYLE_ASSIGNMENT (( #654 ) ) ;
#2526 = VERTEX_POINT ( 'NONE', #586 ) ;
#2527 = CARTESIAN_POINT ( 'NONE',  ( 7.305707624396662325, 19.29422237252377315, 38.16728231277950556 ) ) ;
#2528 = ORIENTED_EDGE ( 'NONE', *, *, #593, .T. ) ;
#2529 = CARTESIAN_POINT ( 'NONE',  ( 7.379714812829559101, 19.69229618482794564, 36.85506830585882909 ) ) ;
#2530 = DIRECTION ( 'NONE',  ( 0.000000000000000000, 0.1621719582624404077, -0.9867625124381881330 ) ) ;
#2531 = VERTEX_POINT ( 'NONE', #1840 ) ;
#2532 = DIRECTION ( 'NONE',  ( 0.000000000000000000, 0.1621719582624301381, -0.9867625124381897983 ) ) ;
#2533 = ORIENTED_EDGE ( 'NONE', *, *, #2229, .F. ) ;
#2534 = CARTESIAN_POINT ( 'NONE',  ( 9.095755087136467409, 19.53052097965275991, 37.38649808064266011 ) ) ;
#2535 = CARTESIAN_POINT ( 'NONE',  ( 8.753549341958862584, 19.18558990123690933, 39.93820777597193938 ) ) ;
#2536 = EDGE_CURVE ( 'NONE', #460, #3073, #1066, .T. ) ;
#2537 = CARTESIAN_POINT ( 'NONE',  ( 7.670075363127176971, 19.68296571135711659, 39.64042630659443489 ) ) ;
#2538 = ORIENTED_EDGE ( 'NONE', *, *, #490, .T. ) ;
#2539 = DIMENSIONAL_EXPONENTS ( 1.000000000000000000, 0.000000000000000000, 0.000000000000000000, 0.000000000000000000, 0.000000000000000000, 0.000000000000000000, 0.000000000000000000 ) ;
#2540 = LINE ( 'NONE', #1702, #2715 ) ;
#2541 = ORIENTED_EDGE ( 'NONE', *, *, #319, .T. ) ;
#2542 = CARTESIAN_POINT ( 'NONE',  ( 7.231700435963832163, 19.22597071884429809, 39.69250391037486025 ) ) ;
#2543 = EDGE_LOOP ( 'NONE', ( #2226, #2920, #443, #2066 ) ) ;
#2544 = CARTESIAN_POINT ( 'NONE',  ( 9.137921670295865439, 20.02142565676751218, 37.19561654823240104 ) ) ;
#2545 = DIRECTION ( 'NONE',  ( 1.000000000000000000, 6.646219136279673898E-15, 2.698266642799399412E-16 ) ) ;
#2546 = VERTEX_POINT ( 'NONE', #876 ) ;
#2547 = DIRECTION ( 'NONE',  ( 0.000000000000000000, 0.000000000000000000, -1.000000000000000000 ) ) ;
#2548 = CARTESIAN_POINT ( 'NONE',  ( 9.123010099541357221, 19.47150017799060606, 37.41152434339992539 ) ) ;
#2549 = B_SPLINE_CURVE_WITH_KNOTS ( 'NONE', 3,
 ( #3028, #181, #1225, #395, #1211, #212, #3251, #2770 ),
 .UNSPECIFIED., .F., .F.,
 ( 4, 2, 2, 4 ),
 ( -1.610188823124362290E-05, 0.002533980298931345302, 0.003809021392512964947, 0.005084062486094585026 ),
 .UNSPECIFIED. ) ;
#2550 = ORIENTED_EDGE ( 'NONE', *, *, #3244, .T. ) ;
#2551 = VECTOR ( 'NONE', #2810, 39.37007874015748143 ) ;
#2552 = FACE_OUTER_BOUND ( 'NONE', #486, .T. ) ;
#2553 = ORIENTED_EDGE ( 'NONE', *, *, #724, .T. ) ;
#2554 = CIRCLE ( 'NONE', #2991, 0.1104999999999981414 ) ;
#2555 = PLANE ( 'NONE',  #1876 ) ;
#2556 = DIRECTION ( 'NONE',  ( -0.000000000000000000, 0.9867625124381881330, 0.1621719582624401301 ) ) ;
#2557 = EDGE_CURVE ( 'NONE', #2054, #653, #97, .T. ) ;
#2558 = CIRCLE ( 'NONE', #1326, 0.2500000000000020539 ) ;
#2559 = CARTESIAN_POINT ( 'NONE',  ( 7.080134140395638376, 19.72795628621100761, 37.37804373065085173 ) ) ;
#2560 = CIRCLE ( 'NONE', #92, 0.1874999999999997502 ) ;
#2561 = CARTESIAN_POINT ( 'NONE',  ( 7.379714812829559101, 20.08997001371119495, 36.77854689825721124 ) ) ;
#2562 = DIRECTION ( 'NONE',  ( 0.000000000000000000, -0.1621719582624454037, 0.9867625124381872448 ) ) ;
#2563 = AXIS2_PLACEMENT_3D ( 'NONE', #2940, #824, #1119 ) ;
#2564 = CARTESIAN_POINT ( 'NONE',  ( 9.030870603291210941, 19.51510964687145133, 37.45787589997780742 ) ) ;
#2565 = DIRECTION ( 'NONE',  ( 0.000000000000000000, -0.1621719582624454037, 0.9867625124381872448 ) ) ;
#2566 = ORIENTED_EDGE ( 'NONE', *, *, #3181, .F. ) ;
#2567 = EDGE_CURVE ( 'NONE', #1368, #1296, #2158, .T. ) ;
#2568 = EDGE_LOOP ( 'NONE', ( #149, #1998, #2252, #903 ) ) ;
#2569 = AXIS2_PLACEMENT_3D ( 'NONE', #1369, #3198, #1423 ) ;
#2570 = CARTESIAN_POINT ( 'NONE',  ( 8.827556530392104861, 19.32075912081509372, 38.31412971994161865 ) ) ;
#2571 = ORIENTED_EDGE ( 'NONE', *, *, #2912, .T. ) ;
#2572 = DIRECTION ( 'NONE',  ( 0.000000000000000000, -0.9867625124381884660, -0.1621719582624384925 ) ) ;
#2573 = DIRECTION ( 'NONE',  ( 0.000000000000000000, -0.1621719582624386313, 0.9867625124381884660 ) ) ;
#2574 = CARTESIAN_POINT ( 'NONE',  ( 7.283595200244566747, 19.76126687477599120, 37.48692827680340400 ) ) ;
#2575 = EDGE_CURVE ( 'NONE', #2645, #1724, #3221, .T. ) ;
#2576 = ORIENTED_EDGE ( 'NONE', *, *, #1496, .T. ) ;
#2577 = CARTESIAN_POINT ( 'NONE',  ( 7.231700435963846374, 20.07413132098498210, 39.95806716644413825 ) ) ;
#2578 =( BOUNDED_CURVE ( )  B_SPLINE_CURVE ( 3, ( #907, #609, #2165, #386 ),
 .UNSPECIFIED., .F., .T. ) 
 B_SPLINE_CURVE_WITH_KNOTS ( ( 4, 4 ),
 ( 0.000000000000000000, 1.000000000000000000 ),
 .UNSPECIFIED. ) 
 CURVE ( )  GEOMETRIC_REPRESENTATION_ITEM ( )  RATIONAL_B_SPLINE_CURVE ( ( 1.000000000000000000, 0.4580860689700936850, 0.4580860689700936850, 1.000000000000000000 ) ) 
 REPRESENTATION_ITEM ( '' )  );
#2579 = LINE ( 'NONE', #584, #312 ) ;
#2580 = CARTESIAN_POINT ( 'NONE',  ( 8.920360190202540451, 19.44498127730594561, 37.55827914902019415 ) ) ;
#2581 = DIRECTION ( 'NONE',  ( -7.542518067175707262E-17, 0.03489949670250108715, 0.9993908270190957621 ) ) ;
#2582 = CARTESIAN_POINT ( 'NONE',  ( 6.991217016212140756, 19.42000257665961982, 39.64306769035565026 ) ) ;
#2583 = ORIENTED_EDGE ( 'NONE', *, *, #2015, .F. ) ;
#2584 = ORIENTED_EDGE ( 'NONE', *, *, #1556, .F. ) ;
#2585 = DIRECTION ( 'NONE',  ( 0.000000000000000000, -0.1621719582624240319, 0.9867625124381906865 ) ) ;
#2586 = ADVANCED_FACE ( 'NONE', ( #3196 ), #1100, .T. ) ;
#2587 = ORIENTED_EDGE ( 'NONE', *, *, #1679, .F. ) ;
#2588 = DIRECTION ( 'NONE',  ( 0.000000000000000000, -0.1621719582624454037, 0.9867625124381872448 ) ) ;
#2589 = EDGE_LOOP ( 'NONE', ( #1970, #1402, #822, #3066, #389 ) ) ;
#2590 = ORIENTED_EDGE ( 'NONE', *, *, #2995, .F. ) ;
#2591 = LINE ( 'NONE', #2155, #947 ) ;
#2592 = EDGE_CURVE ( 'NONE', #1223, #1340, #1915, .T. ) ;
#2593 = EDGE_CURVE ( 'NONE', #633, #51, #1897, .T. ) ;
#2594 = PLANE ( 'NONE',  #415 ) ;
#2595 = FACE_OUTER_BOUND ( 'NONE', #2519, .T. ) ;
#2596 = EDGE_CURVE ( 'NONE', #3202, #2206, #308, .T. ) ;
#2597 = DIRECTION ( 'NONE',  ( 0.000000000000000000, 0.000000000000000000, -1.000000000000000000 ) ) ;
#2598 = ORIENTED_EDGE ( 'NONE', *, *, #2422, .T. ) ;
#2599 = ORIENTED_EDGE ( 'NONE', *, *, #304, .F. ) ;
#2600 = DIRECTION ( 'NONE',  ( 0.000000000000000000, 0.9867625124381870227, 0.1621719582624462364 ) ) ;
#2601 = DIRECTION ( 'NONE',  ( 0.000000000000000000, 0.1621719582624386313, -0.9867625124381884660 ) ) ;
#2602 = EDGE_LOOP ( 'NONE', ( #98, #3173, #1550, #142, #2380, #699, #1698, #236, #995, #156, #3268, #2671 ) ) ;
#2603 = DIRECTION ( 'NONE',  ( 0.000000000000000000, -0.1621719582624433220, 0.9867625124381875779 ) ) ;
#2604 = DIRECTION ( 'NONE',  ( -0.04927818435184642271, -0.1619749342972592598, 0.9855636870372121994 ) ) ;
#2605 = VECTOR ( 'NONE', #3053, 39.37007874015748143 ) ;
#2606 = ORIENTED_EDGE ( 'NONE', *, *, #684, .F. ) ;
#2607 = EDGE_LOOP ( 'NONE', ( #2845, #3275, #2622, #1422, #3167, #2359 ) ) ;
#2608 = LINE ( 'NONE', #1343, #1179 ) ;
#2609 = AXIS2_PLACEMENT_3D ( 'NONE', #1278, #1022, #2375 ) ;
#2610 = CARTESIAN_POINT ( 'NONE',  ( 9.010409832427180632, 19.15343366499879352, 39.67208314331248431 ) ) ;
#2611 = CARTESIAN_POINT ( 'NONE',  ( 9.151259991888146317, 20.12694071166682619, 36.93898586363927450 ) ) ;
#2612 = VECTOR ( 'NONE', #2816, 39.37007874015748143 ) ;
#2613 = AXIS2_PLACEMENT_3D ( 'NONE', #3134, #730, #1769 ) ;
#2614 = CARTESIAN_POINT ( 'NONE',  ( 8.663594153849468071, 20.10780892912199391, 36.67000302188908734 ) ) ;
#2615 = CARTESIAN_POINT ( 'NONE',  ( 8.901563591928871588, -11307.80796244703924, -1824.791352190223506 ) ) ;
#2616 = CARTESIAN_POINT ( 'NONE',  ( 6.992180019594388618, 19.35743557451323582, 39.63253921988447104 ) ) ;
#2617 = EDGE_LOOP ( 'NONE', ( #1623, #2637, #873, #2890 ) ) ;
#2618 = AXIS2_PLACEMENT_3D ( 'NONE', #2615, #2103, #863 ) ;
#2619 = ADVANCED_FACE ( 'NONE', ( #310 ), #2906, .F. ) ;
#2620 = FILL_AREA_STYLE ('',( #1601 ) ) ;
#2621 = EDGE_CURVE ( 'NONE', #3228, #765, #362, .T. ) ;
#2622 = ORIENTED_EDGE ( 'NONE', *, *, #432, .T. ) ;
#2623 = CARTESIAN_POINT ( 'NONE',  ( 7.231700435963833051, 18.51257964505204257, 39.70143004249391794 ) ) ;
#2624 = AXIS2_PLACEMENT_3D ( 'NONE', #2923, #1351, #1598 ) ;
#2625 = DIRECTION ( 'NONE',  ( -0.000000000000000000, 0.9867625124381883550, 0.1621719582624384648 ) ) ;
#2626 = DIRECTION ( 'NONE',  ( 2.207851959711106253E-14, 0.9867625124381882440, 0.1621719582624398526 ) ) ;
#2627 = CARTESIAN_POINT ( 'NONE',  ( 7.108542629657919498, -1.405223924772170285, 38.95767492059496817 ) ) ;
#2628 = AXIS2_PLACEMENT_3D ( 'NONE', #1796, #2285, #2603 ) ;
#2629 = EDGE_LOOP ( 'NONE', ( #1694, #595, #815, #1090 ) ) ;
#2630 = FACE_BOUND ( 'NONE', #616, .T. ) ;
#2631 = DIRECTION ( 'NONE',  ( -0.000000000000000000, 0.9867625124381884660, 0.1621719582624384925 ) ) ;
#2632 = EDGE_CURVE ( 'NONE', #1438, #346, #2245, .T. ) ;
#2633 = CARTESIAN_POINT ( 'NONE',  ( 9.100342080046909032, 19.99338372297802024, 37.36624240328049495 ) ) ;
#2634 = DIRECTION ( 'NONE',  ( -0.000000000000000000, 0.9867625124381881330, 0.1621719582624402967 ) ) ;
#2635 = DIRECTION ( 'NONE',  ( -0.000000000000000000, 0.9867625124381881330, 0.1621719582624401301 ) ) ;
#2636 = ORIENTED_EDGE ( 'NONE', *, *, #3161, .F. ) ;
#2637 = ORIENTED_EDGE ( 'NONE', *, *, #887, .F. ) ;
#2638 = CARTESIAN_POINT ( 'NONE',  ( 7.148311418292968789, 19.99338372297580335, 37.36624240328050206 ) ) ;
#2639 = CARTESIAN_POINT ( 'NONE',  ( 8.901563718824588634, 19.69229618482790301, 36.85506830585880778 ) ) ;
#2640 = EDGE_CURVE ( 'NONE', #346, #2768, #3040, .T. ) ;
#2641 = ADVANCED_FACE ( 'NONE', ( #1649, #2666 ), #1367, .F. ) ;
#2642 = CARTESIAN_POINT ( 'NONE',  ( 8.827556530392101308, 18.77863895977742104, 38.08254746458779749 ) ) ;
#2643 = ORIENTED_EDGE ( 'NONE', *, *, #1000, .F. ) ;
#2644 = LINE ( 'NONE', #333, #3098 ) ;
#2645 = VERTEX_POINT ( 'NONE', #80 ) ;
#2646 = CARTESIAN_POINT ( 'NONE',  ( 8.497235042710743258, 19.16945121634451610, 39.41146916876449069 ) ) ;
#2647 = CARTESIAN_POINT ( 'NONE',  ( -64.19501263389945223, -11359.03439277583675, -357.9096276436238782 ) ) ;
#2648 = ADVANCED_FACE ( 'NONE', ( #1735 ), #1207, .F. ) ;
#2649 = DIRECTION ( 'NONE',  ( -0.000000000000000000, 0.9867625124381881330, 0.1621719582624401579 ) ) ;
#2650 = CARTESIAN_POINT ( 'NONE',  ( 7.108987521996795955, 19.77667421148193583, 37.28843216486433931 ) ) ;
#2651 = ORIENTED_EDGE ( 'NONE', *, *, #331, .T. ) ;
#2652 = CARTESIAN_POINT ( 'NONE',  ( -1.460721179399247103E-15, -1.351761667116735843, 38.70938947769636229 ) ) ;
#2653 = ORIENTED_EDGE ( 'NONE', *, *, #2686, .F. ) ;
#2654 = CARTESIAN_POINT ( 'NONE',  ( 7.379714812829559989, 19.69229618482794564, 36.85506830585883620 ) ) ;
#2655 = ORIENTED_EDGE ( 'NONE', *, *, #1257, .T. ) ;
#2656 = CARTESIAN_POINT ( 'NONE',  ( 7.102576876146228457, 19.72250619152701745, 37.41120574695404599 ) ) ;
#2657 = EDGE_CURVE ( 'NONE', #3100, #801, #2787, .T. ) ;
#2658 = CARTESIAN_POINT ( 'NONE',  ( 8.504119313400257951, 19.19202787744008631, 39.42451363348135374 ) ) ;
#2659 = LINE ( 'NONE', #407, #1041 ) ;
#2660 = VECTOR ( 'NONE', #272, 39.37007874015748854 ) ;
#2661 = DIRECTION ( 'NONE',  ( -3.504878410169170884E-16, 0.1621719582624329692, -0.9867625124381893542 ) ) ;
#2662 = ORIENTED_EDGE ( 'NONE', *, *, #1093, .F. ) ;
#2663 = ORIENTED_EDGE ( 'NONE', *, *, #1496, .F. ) ;
#2664 = CARTESIAN_POINT ( 'NONE',  ( 9.130770102820537915, 19.55634258683439697, 37.26607594640918109 ) ) ;
#2665 = CIRCLE ( 'NONE', #833, 0.2499999999999984457 ) ;
#2666 = FACE_OUTER_BOUND ( 'NONE', #2490, .T. ) ;
#2667 = EDGE_LOOP ( 'NONE', ( #2222, #1850 ) ) ;
#2668 = PRODUCT_DEFINITION ( 'UNKNOWN', '', #847, #804 ) ;
#2669 = VECTOR ( 'NONE', #2649, 39.37007874015748143 ) ;
#2670 = CARTESIAN_POINT ( 'NONE',  ( 8.627833060032850554, 19.60456004777482519, 36.58729532317433808 ) ) ;
#2671 = ORIENTED_EDGE ( 'NONE', *, *, #1612, .F. ) ;
#2672 = DIRECTION ( 'NONE',  ( -3.403073829338481831E-14, -0.9867625124381881330, -0.1621719582624404354 ) ) ;
#2673 = CARTESIAN_POINT ( 'NONE',  ( 15752.44993685214286, 19.56986540752919268, 39.94321070992919687 ) ) ;
#2674 = CIRCLE ( 'NONE', #1501, 0.1399999999999979872 ) ;
#2675 = ORIENTED_EDGE ( 'NONE', *, *, #677, .T. ) ;
#2676 = VERTEX_POINT ( 'NONE', #1149 ) ;
#2677 = CARTESIAN_POINT ( 'NONE',  ( -1.267523085602945579E-13, 19.75928890929467485, 37.49705459216679060 ) ) ;
#2678 = CIRCLE ( 'NONE', #1114, 0.06249999999999873018 ) ;
#2679 = ORIENTED_EDGE ( 'NONE', *, *, #1633, .F. ) ;
#2680 = CARTESIAN_POINT ( 'NONE',  ( 8.792954911213739067, 19.13819441305064828, 39.42497534109415369 ) ) ;
#2681 = VECTOR ( 'NONE', #1262, 39.37007874015748143 ) ;
#2682 = DIRECTION ( 'NONE',  ( -8.621526009556628837E-15, 0.9867625124381885771, 0.1621719582624383815 ) ) ;
#2683 = STYLED_ITEM ( 'NONE', ( #828 ), #3189 ) ;
#2684 = CARTESIAN_POINT ( 'NONE',  ( 8.827556530392104861, 19.29035187864088741, 38.49914769102377932 ) ) ;
#2685 = EDGE_CURVE ( 'NONE', #1293, #974, #3278, .T. ) ;
#2686 = EDGE_CURVE ( 'NONE', #734, #2005, #1175, .T. ) ;
#2687 = DIRECTION ( 'NONE',  ( -0.000000000000000000, 0.9867625124381883550, 0.1621719582624384648 ) ) ;
#2688 = ORIENTED_EDGE ( 'NONE', *, *, #1361, .F. ) ;
#2689 = CARTESIAN_POINT ( 'NONE',  ( 8.508536759691899931, 19.20921947267843066, 39.42739476060321380 ) ) ;
#2690 = CARTESIAN_POINT ( 'NONE',  ( 7.104240739739005939, 19.73031228639196755, 37.37831256478112607 ) ) ;
#2691 = VERTEX_POINT ( 'NONE', #2251 ) ;
#2692 = DIRECTION ( 'NONE',  ( -0.000000000000000000, 0.9867625124381881330, 0.1621719582624402967 ) ) ;
#2693 = ORIENTED_EDGE ( 'NONE', *, *, #3065, .T. ) ;
#2694 = FACE_BOUND ( 'NONE', #2739, .T. ) ;
#2695 =( BOUNDED_CURVE ( )  B_SPLINE_CURVE ( 3, ( #2843, #2268, #2053, #2088 ),
 .UNSPECIFIED., .F., .T. ) 
 B_SPLINE_CURVE_WITH_KNOTS ( ( 4, 4 ),
 ( 4.346686741740268367, 4.578205901940386013 ),
 .UNSPECIFIED. ) 
 CURVE ( )  GEOMETRIC_REPRESENTATION_ITEM ( )  RATIONAL_B_SPLINE_CURVE ( ( 1.000000000000000000, 0.9955382256307161448, 0.9955382256307161448, 1.000000000000000000 ) ) 
 REPRESENTATION_ITEM ( '' )  );
#2696 = ORIENTED_EDGE ( 'NONE', *, *, #474, .F. ) ;
#2697 = EDGE_CURVE ( 'NONE', #685, #1037, #1692, .T. ) ;
#2698 = CARTESIAN_POINT ( 'NONE',  ( 8.960609148172169469, 19.12227055100202122, 39.52186675374862546 ) ) ;
#2699 = CARTESIAN_POINT ( 'NONE',  ( 8.763021733760455234, 19.52717288426167741, 39.43849793839823548 ) ) ;
#2700 = SURFACE_SIDE_STYLE ('',( #2987 ) ) ;
#2701 = CARTESIAN_POINT ( 'NONE',  ( 7.361089757313850512, 19.75928890929472814, 37.49705459216679060 ) ) ;
#2702 = ORIENTED_EDGE ( 'NONE', *, *, #949, .F. ) ;
#2703 = EDGE_CURVE ( 'NONE', #1503, #2893, #414, .T. ) ;
#2704 = LINE ( 'NONE', #1480, #353 ) ;
#2705 = CARTESIAN_POINT ( 'NONE',  ( 8.753549341954759200, 19.76576803583735753, 39.90738842948600507 ) ) ;
#2706 = CARTESIAN_POINT ( 'NONE',  ( 7.231700435963846374, 19.64242272179195581, 39.88711693470411035 ) ) ;
#2707 = EDGE_LOOP ( 'NONE', ( #601, #3116, #2323, #2884 ) ) ;
#2708 = ADVANCED_FACE ( 'NONE', ( #1192 ), #1421, .F. ) ;
#2709 = DIRECTION ( 'NONE',  ( -1.075433412635312661E-14, 0.9867625124381884660, 0.1621719582624382427 ) ) ;
#2710 = CARTESIAN_POINT ( 'NONE',  ( 8.753549341958249741, 20.07413132098571040, 39.95806716644366929 ) ) ;
#2711 =( BOUNDED_SURFACE ( )  B_SPLINE_SURFACE ( 3, 2, ( 
 ( #1468, #2785, #3008 ),
 ( #467, #1510, #1298 ),
 ( #3105, #39, #2574 ),
 ( #1611, #2116, #492 ),
 ( #1060, #805, #2324 ),
 ( #1092, #21, #321 ),
 ( #2559, #1588, #2131 ),
 ( #2862, #1025, #1853 ),
 ( #1039, #764, #2828 ),
 ( #2074, #1362, #2383 ) ),
 .UNSPECIFIED., .F., .F., .T. ) 
 B_SPLINE_SURFACE_WITH_KNOTS ( ( 4, 2, 2, 2, 4 ),
 ( 3, 3 ),
 ( 1.912293595564991402E-16, 0.3950552761889163933, 0.7901105523778325646, 1.185165828566748791, 1.580221104755664907 ),
 ( 0.000000000000000000, 1.000000000000000000 ),
 .UNSPECIFIED. ) 
 GEOMETRIC_REPRESENTATION_ITEM ( )  RATIONAL_B_SPLINE_SURFACE ( (
 ( 1.000000000000000000, 0.7735439446114934503, 1.000000000000000000),
 ( 1.000000000000000000, 0.7735500183256579509, 1.000000000000000000),
 ( 1.000000000000000000, 0.7718738474043556064, 1.000000000000000000),
 ( 1.000000000000000000, 0.7653877382766498538, 1.000000000000000000),
 ( 1.000000000000000000, 0.7605719863969787609, 1.000000000000000000),
 ( 1.000000000000000000, 0.7483742724362129062, 1.000000000000000000),
 ( 1.000000000000000000, 0.7409932268123883281, 1.000000000000000000),
 ( 1.000000000000000000, 0.7246142445608757532, 1.000000000000000000),
 ( 1.000000000000000000, 0.7156231116668235748, 1.000000000000000000),
 ( 1.000000000000000000, 0.7064509155678532215, 1.000000000000000000) ) ) 
 REPRESENTATION_ITEM ( '' )  SURFACE ( )  );
#2712 = CARTESIAN_POINT ( 'NONE',  ( 8.825496409989842306, 19.13713362402079454, 39.43142989012137178 ) ) ;
#2713 = LINE ( 'NONE', #124, #1267 ) ;
#2714 = CARTESIAN_POINT ( 'NONE',  ( 7.379714812829559101, 20.06726593955445637, 36.91669364999854963 ) ) ;
#2716 = ORIENTED_EDGE ( 'NONE', *, *, #1956, .F. ) ;
#2715 = VECTOR ( 'NONE', #2730, 39.37007874015748143 ) ;
#2717 = FACE_BOUND ( 'NONE', #1004, .T. ) ;
#2718 = DIRECTION ( 'NONE',  ( -5.048455092291510007E-12, -0.1621719582624386313, 0.9867625124381884660 ) ) ;
#2719 = CIRCLE ( 'NONE', #990, 0.2500000000000023870 ) ;
#2720 = ORIENTED_EDGE ( 'NONE', *, *, #1203, .F. ) ;
#2721 = DIRECTION ( 'NONE',  ( 0.000000000000000000, -0.1621719582624240319, 0.9867625124381906865 ) ) ;
#2722 = CARTESIAN_POINT ( 'NONE',  ( 6.884148419258346863, 18.19293058101668947, 41.64638844903594617 ) ) ;
#2723 = ADVANCED_FACE ( 'NONE', ( #945 ), #437, .T. ) ;
#2724 = CIRCLE ( 'NONE', #1273, 0.2500000000000023870 ) ;
#2725 = ADVANCED_FACE ( 'NONE', ( #179 ), #3011, .F. ) ;
#2726 =( LENGTH_UNIT ( ) NAMED_UNIT ( * ) SI_UNIT ( $, .METRE. ) );
#2727 = STYLED_ITEM ( 'NONE', ( #2447 ), #2043 ) ;
#2728 = CARTESIAN_POINT ( 'NONE',  ( 6.982004162892480714, 20.07612920589939165, 39.94591070019499313 ) ) ;
#2729 = ORIENTED_EDGE ( 'NONE', *, *, #3270, .T. ) ;
#2730 = DIRECTION ( 'NONE',  ( 1.000000000000000000, 7.506228859064093749E-15, 2.998588655699525095E-16 ) ) ;
#2731 = AXIS2_PLACEMENT_3D ( 'NONE', #102, #2443, #133 ) ;
#2732 = CARTESIAN_POINT ( 'NONE',  ( 8.753549341958866137, 19.58075006476977720, 39.87698118731356089 ) ) ;
#2733 = AXIS2_PLACEMENT_3D ( 'NONE', #2863, #545, #1589 ) ;
#2734 = CARTESIAN_POINT ( 'NONE',  ( 15752.44993685221016, 19.99338372252992357, 37.36624240329755509 ) ) ;
#2735 = VECTOR ( 'NONE', #1866, 39.37007874015748143 ) ;
#2736 = VERTEX_POINT ( 'NONE', #2004 ) ;
#2737 = DIRECTION ( 'NONE',  ( -0.000000000000000000, 0.9867625124381883550, 0.1621719582624384648 ) ) ;
#2738 = EDGE_CURVE ( 'NONE', #262, #266, #2896, .T. ) ;
#2739 = EDGE_LOOP ( 'NONE', ( #1021, #131 ) ) ;
#2740 = CARTESIAN_POINT ( 'NONE',  ( 7.305707624396662325, 18.77863895977740327, 38.08254746458780460 ) ) ;
#2741 = ORIENTED_EDGE ( 'NONE', *, *, #487, .F. ) ;
#2742 = CARTESIAN_POINT ( 'NONE',  ( 7.379714812829573312, 20.56064719577230093, 36.99777962912957463 ) ) ;
#2743 = EDGE_LOOP ( 'NONE', ( #1818, #970, #426, #1180 ) ) ;
#2744 = FACE_OUTER_BOUND ( 'NONE', #2486, .T. ) ;
#2745 = EDGE_CURVE ( 'NONE', #2893, #1503, #2362, .T. ) ;
#2746 = EDGE_CURVE ( 'NONE', #1261, #1183, #101, .T. ) ;
#2747 = ORIENTED_EDGE ( 'NONE', *, *, #1679, .T. ) ;
#2748 = CARTESIAN_POINT ( 'NONE',  ( 7.599299824882931986, 19.75928890929464998, 37.49705459216708192 ) ) ;
#2749 = ADVANCED_FACE ( 'NONE', ( #1470 ), #1713, .F. ) ;
#2750 = FACE_BOUND ( 'NONE', #817, .T. ) ;
#2751 = DIRECTION ( 'NONE',  ( 0.000000000000000000, -0.1621719582624454037, 0.9867625124381872448 ) ) ;
#2752 = EDGE_LOOP ( 'NONE', ( #2040, #1123 ) ) ;
#2753 = PLANE ( 'NONE',  #1658 ) ;
#2754 = DIRECTION ( 'NONE',  ( 0.000000000000000000, -0.1621719582624433220, 0.9867625124381875779 ) ) ;
#2755 = ORIENTED_EDGE ( 'NONE', *, *, #2738, .F. ) ;
#2756 = ORIENTED_EDGE ( 'NONE', *, *, #3034, .T. ) ;
#2757 = PLANE ( 'NONE',  #1219 ) ;
#2758 = DIRECTION ( 'NONE',  ( -0.000000000000000000, 0.9867625124381883550, 0.1621719582624384648 ) ) ;
#2759 = LINE ( 'NONE', #444, #2605 ) ;
#2760 = ORIENTED_EDGE ( 'NONE', *, *, #844, .F. ) ;
#2761 = B_SPLINE_CURVE_WITH_KNOTS ( 'NONE', 3,
 ( #2385, #1096, #1300, #2658, #1631, #63, #2134, #2646, #791, #3126, #1346, #2903, #1062, #1822, #1079, #91 ),
 .UNSPECIFIED., .F., .F.,
 ( 4, 2, 2, 2, 2, 2, 2, 4 ),
 ( 5.551115123125782086E-17, 0.0003422666436190473054, 0.0006845332872380390996, 0.001026799930857030894, 0.001369066574476022688, 0.002053599861713489329, 0.002395866505332563522, 0.002738133148951307251 ),
 .UNSPECIFIED. ) ;
#2762 = PLANE ( 'NONE',  #666 ) ;
#2763 = CARTESIAN_POINT ( 'NONE',  ( 7.239522027068383991, 19.46112750421220383, 39.43619158290552917 ) ) ;
#2764 = ADVANCED_FACE ( 'NONE', ( #635 ), #1481, .T. ) ;
#2765 = EDGE_CURVE ( 'NONE', #1026, #3218, #2839, .T. ) ;
#2766 = DIRECTION ( 'NONE',  ( 0.000000000000000000, -0.9867625124381883550, -0.1621719582624384370 ) ) ;
#2767 = CARTESIAN_POINT ( 'NONE',  ( 7.884738428016168754, 18.72761700950524855, 39.99012466445403646 ) ) ;
#2768 = VERTEX_POINT ( 'NONE', #393 ) ;
#2769 = AXIS2_PLACEMENT_3D ( 'NONE', #2800, #3311, #3260 ) ;
#2770 = CARTESIAN_POINT ( 'NONE',  ( 6.999336021444794831, 19.38315865108884495, 39.47602284098333314 ) ) ;
#2771 = CARTESIAN_POINT ( 'NONE',  ( 8.960241739793895377, 19.44625945552454027, 37.55050185901372117 ) ) ;
#2772 = AXIS2_PLACEMENT_3D ( 'NONE', #2051, #1790, #1687 ) ;
#2773 = EDGE_LOOP ( 'NONE', ( #1486, #1586, #2860, #1987 ) ) ;
#2774 = AXIS2_PLACEMENT_3D ( 'NONE', #1309, #2870, #1579 ) ;
#2775 = CARTESIAN_POINT ( 'NONE',  ( 9.018990165212406040, 19.12725484972591872, 39.49153895118114832 ) ) ;
#2776 = VECTOR ( 'NONE', #2997, 39.37007874015748143 ) ;
#2777 = VERTEX_POINT ( 'NONE', #128 ) ;
#2778 = DIMENSIONAL_EXPONENTS ( 1.000000000000000000, 0.000000000000000000, 0.000000000000000000, 0.000000000000000000, 0.000000000000000000, 0.000000000000000000, 0.000000000000000000 ) ;
#2779 = DIRECTION ( 'NONE',  ( 0.000000000000000000, 0.1621719582624369937, -0.9867625124381886881 ) ) ;
#2780 = EDGE_LOOP ( 'NONE', ( #562, #2898, #2030, #2374, #3252, #848 ) ) ;
#2781 = AXIS2_PLACEMENT_3D ( 'NONE', #1191, #3247, #662 ) ;
#2782 = EDGE_LOOP ( 'NONE', ( #1843, #2293 ) ) ;
#2783 = LINE ( 'NONE', #184, #3159 ) ;
#2784 = AXIS2_PLACEMENT_3D ( 'NONE', #2927, #1373, #3147 ) ;
#2785 = CARTESIAN_POINT ( 'NONE',  ( 7.348513851158634758, 19.70815168139283458, 37.49854817431430121 ) ) ;
#2786 = ORIENTED_EDGE ( 'NONE', *, *, #1775, .F. ) ;
#2787 = CIRCLE ( 'NONE', #952, 0.2500000000000023870 ) ;
#2788 = LINE ( 'NONE', #1251, #1600 ) ;
#2789 = EDGE_CURVE ( 'NONE', #3073, #2872, #1436, .T. ) ;
#2790 = EDGE_CURVE ( 'NONE', #1183, #1261, #2152, .T. ) ;
#2791 = DIRECTION ( 'NONE',  ( -1.000000000000000000, -7.506228859064092172E-15, -2.998588655699522136E-16 ) ) ;
#2792 = EDGE_LOOP ( 'NONE', ( #602, #1427, #3135, #1205, #1370, #702, #489, #2201, #2807, #2655 ) ) ;
#2793 = VECTOR ( 'NONE', #1089, 39.37007874015748854 ) ;
#2794 = CARTESIAN_POINT ( 'NONE',  ( 8.588663790434447165, 19.47117634064419889, 37.51646996753225238 ) ) ;
#2795 = CARTESIAN_POINT ( 'NONE',  ( 7.379714812829573312, 20.57856719716029659, 36.88874237150515256 ) ) ;
#2796 = CARTESIAN_POINT ( 'NONE',  ( 7.379714812829573312, 20.56064719577230093, 36.99777962912957463 ) ) ;
#2797 = PLANE ( 'NONE',  #2246 ) ;
#2798 = VERTEX_POINT ( 'NONE', #3323 ) ;
#2799 = CARTESIAN_POINT ( 'NONE',  ( 8.630331187550948968, -1.414801251917344294, 38.95734047296139124 ) ) ;
#2800 = CARTESIAN_POINT ( 'NONE',  ( 15752.72796199348522, 20.50484984788597842, 34.63953426140439973 ) ) ;
#2801 = ORIENTED_EDGE ( 'NONE', *, *, #1862, .F. ) ;
#2802 = DIRECTION ( 'NONE',  ( 1.000000000000000000, -3.343892405671988036E-14, -6.374900418694797520E-15 ) ) ;
#2803 = ORIENTED_EDGE ( 'NONE', *, *, #3065, .F. ) ;
#2804 = CARTESIAN_POINT ( 'NONE',  ( 8.599221381018075760, 19.50447271579014696, 37.50595296972292658 ) ) ;
#2805 = CARTESIAN_POINT ( 'NONE',  ( 9.076982089136928167, 19.52475177773037629, 37.41328027378341403 ) ) ;
#2806 = DIRECTION ( 'NONE',  ( 0.9987850922730987513, -0.007991539655955027036, 0.04862586499945258101 ) ) ;
#2807 = ORIENTED_EDGE ( 'NONE', *, *, #1661, .T. ) ;
#2808 = CARTESIAN_POINT ( 'NONE',  ( 8.901563718824602844, 20.57856719716025395, 36.88874237150513835 ) ) ;
#2809 = VERTEX_POINT ( 'NONE', #509 ) ;
#2810 = DIRECTION ( 'NONE',  ( -0.04927818435184642964, -0.1619749342972593154, 0.9855636870372121994 ) ) ;
#2811 = EDGE_LOOP ( 'NONE', ( #391, #713 ) ) ;
#2812 = DIRECTION ( 'NONE',  ( 0.000000000000000000, -0.1621719582624386313, 0.9867625124381884660 ) ) ;
#2813 = ORIENTED_EDGE ( 'NONE', *, *, #688, .F. ) ;
#2814 = DIRECTION ( 'NONE',  ( 0.000000000000000000, -0.9993908270190957621, 0.03489949670250108715 ) ) ;
#2815 = CARTESIAN_POINT ( 'NONE',  ( 7.498201413639224988, 19.63398840579025162, 39.55304356142939781 ) ) ;
#2816 = DIRECTION ( 'NONE',  ( 0.04927818435184642964, 0.1619749342972592598, -0.9855636870372121994 ) ) ;
#2817 = CARTESIAN_POINT ( 'NONE',  ( 9.129272715115529735, 19.53679232150892986, 37.29361955507324211 ) ) ;
#2818 = ORIENTED_EDGE ( 'NONE', *, *, #3181, .T. ) ;
#2819 = ORIENTED_EDGE ( 'NONE', *, *, #2593, .F. ) ;
#2820 = DIRECTION ( 'NONE',  ( 3.403073829338481831E-14, 0.9867625124381881330, 0.1621719582624404354 ) ) ;
#2821 = ADVANCED_FACE ( 'NONE', ( #1006, #747 ), #2555, .F. ) ;
#2822 = ADVANCED_FACE ( 'NONE', ( #1849 ), #1656, .T. ) ;
#2823 = ORIENTED_EDGE ( 'NONE', *, *, #3201, .F. ) ;
#2824 = VECTOR ( 'NONE', #2463, 39.37007874015748854 ) ;
#2825 = DIRECTION ( 'NONE',  ( -0.000000000000000000, 0.9867625124381884660, 0.1621719582624384925 ) ) ;
#2826 = ORIENTED_EDGE ( 'NONE', *, *, #2309, .T. ) ;
#2827 = AXIS2_PLACEMENT_3D ( 'NONE', #3133, #1409, #590 ) ;
#2828 = CARTESIAN_POINT ( 'NONE',  ( 7.110150540935805452, 19.80857416845032759, 37.26363258130189848 ) ) ;
#2829 = VECTOR ( 'NONE', #1859, 39.37007874015747433 ) ;
#2830 = ORIENTED_EDGE ( 'NONE', *, *, #866, .T. ) ;
#2831 = FACE_OUTER_BOUND ( 'NONE', #1360, .T. ) ;
#2832 = CARTESIAN_POINT ( 'NONE',  ( -15743.53573660927213, 19.54020707554321135, 40.12367181549269901 ) ) ;
#2833 = COLOUR_RGB ( '',0.7921568627450980005, 0.8196078431372548767, 0.9333333333333333481 ) ;
#2834 = AXIS2_PLACEMENT_3D ( 'NONE', #2639, #2392, #2946 ) ;
#2835 = DIRECTION ( 'NONE',  ( -1.569877498295461698E-14, -0.5830735725600406649, -0.8124193553713937588 ) ) ;
#2836 = CARTESIAN_POINT ( 'NONE',  ( 8.880466594952357795, 19.44498127730594561, 37.55827914902019415 ) ) ;
#2837 = CARTESIAN_POINT ( 'NONE',  ( 7.345990587281117534, 19.76153049589841615, 37.55914919925594830 ) ) ;
#2838 = CARTESIAN_POINT ( 'NONE',  ( 6.994589651183146906, 19.38286412248381652, 39.47781494973870764 ) ) ;
#2839 = CIRCLE ( 'NONE', #1764, 0.1104999999999981414 ) ;
#2840 = ORIENTED_EDGE ( 'NONE', *, *, #1226, .T. ) ;
#2841 = ORIENTED_EDGE ( 'NONE', *, *, #677, .F. ) ;
#2842 = AXIS2_PLACEMENT_3D ( 'NONE', #680, #1992, #427 ) ;
#2843 = CARTESIAN_POINT ( 'NONE',  ( 8.522903658381780545, 19.32713537695110162, 39.43151247471624998 ) ) ;
#2844 = CARTESIAN_POINT ( 'NONE',  ( 8.827556530392104861, 19.02473036708363807, 38.26547813246288854 ) ) ;
#2845 = ORIENTED_EDGE ( 'NONE', *, *, #58, .T. ) ;
#2846 = CARTESIAN_POINT ( 'NONE',  ( 6.989843722365512768, 19.35216335412415134, 39.66461893018604457 ) ) ;
#2847 = EDGE_CURVE ( 'NONE', #2526, #2005, #578, .T. ) ;
#2848 = ORIENTED_EDGE ( 'NONE', *, *, #969, .T. ) ;
#2849 = FACE_BOUND ( 'NONE', #696, .T. ) ;
#2850 = DIRECTION ( 'NONE',  ( -0.000000000000000000, 0.9867625124381881330, 0.1621719582624401301 ) ) ;
#2851 = CARTESIAN_POINT ( 'NONE',  ( 0.000000000000000000, 0.000000000000000000, 0.000000000000000000 ) ) ;
#2852 = LINE ( 'NONE', #3179, #1703 ) ;
#2853 = CARTESIAN_POINT ( 'NONE',  ( 7.379714812829559101, 19.69229618482794564, 36.85506830585882909 ) ) ;
#2854 = ORIENTED_EDGE ( 'NONE', *, *, #2887, .T. ) ;
#2855 = ORIENTED_EDGE ( 'NONE', *, *, #2952, .F. ) ;
#2856 = DIRECTION ( 'NONE',  ( 0.04927818435184642271, 0.1619749342972592876, -0.9855636870372121994 ) ) ;
#2857 = DIRECTION ( 'NONE',  ( 0.000000000000000000, -0.9867625124381881330, -0.1621719582624401301 ) ) ;
#2858 = VERTEX_POINT ( 'NONE', #1428 ) ;
#2859 = LINE ( 'NONE', #1007, #1101 ) ;
#2860 = ORIENTED_EDGE ( 'NONE', *, *, #529, .T. ) ;
#2861 = ORIENTED_EDGE ( 'NONE', *, *, #2135, .F. ) ;
#2862 = CARTESIAN_POINT ( 'NONE',  ( 7.053046764818562409, 19.74080195169689844, 37.29988212192017016 ) ) ;
#2863 = CARTESIAN_POINT ( 'NONE',  ( 8.753549341958862584, 19.58075006476709490, 39.87698118731311325 ) ) ;
#2864 = LINE ( 'NONE', #597, #307 ) ;
#2865 = LINE ( 'NONE', #736, #2660 ) ;
#2866 = EDGE_CURVE ( 'NONE', #3197, #1637, #384, .T. ) ;
#2867 = CARTESIAN_POINT ( 'NONE',  ( 8.524164123188581854, 19.52717288426003606, 39.43849793839844864 ) ) ;
#2868 = LINE ( 'NONE', #2168, #1545 ) ;
#2869 = CARTESIAN_POINT ( 'NONE',  ( 26.74769184777929709, 465.7091109513416995, -282.5240454178829168 ) ) ;
#2870 = DIRECTION ( 'NONE',  ( 2.786183077527078758E-14, 0.9867625124381881330, 0.1621719582624401024 ) ) ;
#2871 = EDGE_LOOP ( 'NONE', ( #2020, #167 ) ) ;
#2872 = VERTEX_POINT ( 'NONE', #868 ) ;
#2873 = CARTESIAN_POINT ( 'NONE',  ( 7.596276317682574941, 19.69979747080613564, 37.54938077146324105 ) ) ;
#2874 = CARTESIAN_POINT ( 'NONE',  ( 7.361089757313846960, 19.69979747081124444, 37.54938077146407949 ) ) ;
#2875 = DIRECTION ( 'NONE',  ( 0.04927818435184642271, 0.1619749342972592876, -0.9855636870372121994 ) ) ;
#2876 = CARTESIAN_POINT ( 'NONE',  ( 8.315174414786548951, 19.60187973222628344, 40.13380756281362949 ) ) ;
#2877 = CARTESIAN_POINT ( 'NONE',  ( 7.305707624396662325, 19.56744974892352928, 38.35467270950704943 ) ) ;
#2878 = AXIS2_PLACEMENT_3D ( 'NONE', #3033, #234, #2779 ) ;
#2879 = ORIENTED_EDGE ( 'NONE', *, *, #2317, .F. ) ;
#2880 = EDGE_CURVE ( 'NONE', #2263, #925, #625, .T. ) ;
#2881 = VECTOR ( 'NONE', #3109, 39.37007874015748143 ) ;
#2882 = DIRECTION ( 'NONE',  ( 0.000000000000000000, -0.1621719582624312761, 0.9867625124381895763 ) ) ;
#2884 = ORIENTED_EDGE ( 'NONE', *, *, #2575, .F. ) ;
#2883 = AXIS2_PLACEMENT_3D ( 'NONE', #1844, #1138, #1086 ) ;
#2885 = VECTOR ( 'NONE', #992, 39.37007874015748143 ) ;
#2886 = CIRCLE ( 'NONE', #2086, 0.1104999999999981414 ) ;
#2887 = EDGE_CURVE ( 'NONE', #1183, #3132, #1156, .T. ) ;
#2888 = DIRECTION ( 'NONE',  ( -0.9987850922731003056, 0.007991539655956192770, -0.04862586499942023188 ) ) ;
#2889 = CARTESIAN_POINT ( 'NONE',  ( -15743.67739252908541, 19.69979747070545173, 37.54938077146658060 ) ) ;
#2890 = ORIENTED_EDGE ( 'NONE', *, *, #2014, .T. ) ;
#2891 = ORIENTED_EDGE ( 'NONE', *, *, #76, .F. ) ;
#2892 = VECTOR ( 'NONE', #120, 39.37007874015748854 ) ;
#2893 = VERTEX_POINT ( 'NONE', #2642 ) ;
#2894 = EDGE_CURVE ( 'NONE', #106, #2965, #135, .T. ) ;
#2895 = CARTESIAN_POINT ( 'NONE',  ( 6.991273957556558116, 19.61321730242006467, 39.67942882783695779 ) ) ;
#2896 = CIRCLE ( 'NONE', #466, 0.1399999999999979872 ) ;
#2897 = CYLINDRICAL_SURFACE ( 'NONE', #2784, 0.5099999999999893507 ) ;
#2898 = ORIENTED_EDGE ( 'NONE', *, *, #2567, .T. ) ;
#2899 = AXIS2_PLACEMENT_3D ( 'NONE', #2706, #2006, #2223 ) ;
#2900 = VERTEX_POINT ( 'NONE', #1394 ) ;
#2901 = DIRECTION ( 'NONE',  ( 1.105215804562197871E-11, 0.9867625124381894652, 0.1621719582624329414 ) ) ;
#2902 = VERTEX_POINT ( 'NONE', #3187 ) ;
#2903 = CARTESIAN_POINT ( 'NONE',  ( 8.489893194749749128, 19.14997942111659057, 39.37732610777145226 ) ) ;
#2904 = DIRECTION ( 'NONE',  ( 1.989385119919155503E-14, 0.7313537016192029894, -0.6819983600624636155 ) ) ;
#2905 = DIRECTION ( 'NONE',  ( 1.105932769459274434E-11, 0.9867625124381895763, 0.1621719582624308598 ) ) ;
#2906 = CYLINDRICAL_SURFACE ( 'NONE', #2624, 0.06250000000000076328 ) ;
#2907 = VERTEX_POINT ( 'NONE', #2394 ) ;
#2908 = CARTESIAN_POINT ( 'NONE',  ( 9.009674127720257886, 19.15830615613942101, 39.68799544841549931 ) ) ;
#2909 = ORIENTED_EDGE ( 'NONE', *, *, #118, .T. ) ;
#2910 = CARTESIAN_POINT ( 'NONE',  ( 8.901563718824602844, 20.56064719577225475, 36.99777962912955331 ) ) ;
#2911 = CARTESIAN_POINT ( 'NONE',  ( 9.135195105178723907, 20.01246357321208080, 37.25014785058357347 ) ) ;
#2912 = EDGE_CURVE ( 'NONE', #2955, #1741, #605, .T. ) ;
#2913 = EDGE_CURVE ( 'NONE', #2983, #1451, #1359, .T. ) ;
#2914 = VERTEX_POINT ( 'NONE', #368 ) ;
#2915 = DIRECTION ( 'NONE',  ( -0.000000000000000000, 0.9867625124381881330, 0.1621719582624401579 ) ) ;
#2916 = ORIENTED_EDGE ( 'NONE', *, *, #252, .F. ) ;
#2917 = FACE_OUTER_BOUND ( 'NONE', #3298, .T. ) ;
#2918 = CARTESIAN_POINT ( 'NONE',  ( 8.753549341958862584, 19.55804599061035276, 40.01512793905445875 ) ) ;
#2919 = CARTESIAN_POINT ( 'NONE',  ( 7.231700435963833051, 19.20578031004062325, 39.81535584317340692 ) ) ;
#2920 = ORIENTED_EDGE ( 'NONE', *, *, #1093, .T. ) ;
#2921 = PLANE ( 'NONE',  #894 ) ;
#2922 = ADVANCED_FACE ( 'NONE', ( #834 ), #1410, .T. ) ;
#2923 = CARTESIAN_POINT ( 'NONE',  ( -15743.67739252909269, 19.50665393421454397, 37.56841489641460186 ) ) ;
#2924 = VERTEX_POINT ( 'NONE', #884 ) ;
#2925 = ORIENTED_EDGE ( 'NONE', *, *, #1361, .T. ) ;
#2926 = DIRECTION ( 'NONE',  ( 0.000000000000000000, -0.9867625124381881330, -0.1621719582624401301 ) ) ;
#2927 = CARTESIAN_POINT ( 'NONE',  ( 8.107802857919756079, 19.64110339417566564, 37.52112135150638750 ) ) ;
#2928 = EDGE_LOOP ( 'NONE', ( #2587, #2720, #2187, #1131 ) ) ;
#2929 = ORIENTED_EDGE ( 'NONE', *, *, #2952, .T. ) ;
#2930 = ADVANCED_FACE ( 'NONE', ( #2149 ), #3172, .F. ) ;
#2931 = ADVANCED_FACE ( 'NONE', ( #770 ), #2594, .T. ) ;
#2932 = FACE_OUTER_BOUND ( 'NONE', #2607, .T. ) ;
#2933 = DIRECTION ( 'NONE',  ( -1.000000000000000000, -6.716709122762271005E-15, 1.590814953584780089E-16 ) ) ;
#2934 = AXIS2_PLACEMENT_3D ( 'NONE', #3324, #2259, #971 ) ;
#2935 = CARTESIAN_POINT ( 'NONE',  ( -1.399814970218975439E-13, 19.46330872275606083, 39.37372965621683818 ) ) ;
#2936 = VECTOR ( 'NONE', #2791, 39.37007874015748143 ) ;
#2937 = VERTEX_POINT ( 'NONE', #2633 ) ;
#2938 = PLANE ( 'NONE',  #717 ) ;
#2939 = VECTOR ( 'NONE', #2856, 39.37007874015748143 ) ;
#2940 = CARTESIAN_POINT ( 'NONE',  ( 8.760231101075174109, 19.21140069122233385, 39.36493283391452991 ) ) ;
#2941 = EDGE_LOOP ( 'NONE', ( #1456, #2310, #955, #229 ) ) ;
#2942 = EDGE_CURVE ( 'NONE', #3138, #2798, #285, .T. ) ;
#2943 = CARTESIAN_POINT ( 'NONE',  ( -15743.53573660920483, 19.54020707563496728, 40.12367181550808226 ) ) ;
#2944 = VERTEX_POINT ( 'NONE', #3158 ) ;
#2945 = LINE ( 'NONE', #1472, #712 ) ;
#2946 = DIRECTION ( 'NONE',  ( 0.000000000000000000, -0.1621719582624454037, 0.9867625124381872448 ) ) ;
#2947 = AXIS2_PLACEMENT_3D ( 'NONE', #2529, #2335, #2494 ) ;
#2948 = CIRCLE ( 'NONE', #3327, 0.1244999999999983620 ) ;
#2949 = CARTESIAN_POINT ( 'NONE',  ( 9.009618517634601531, 19.09623446241126743, 39.68028770683819317 ) ) ;
#2950 = AXIS2_PLACEMENT_3D ( 'NONE', #788, #1573, #3125 ) ;
#2951 = CARTESIAN_POINT ( 'NONE',  ( 8.827556530392101308, 19.56744974892353994, 38.35467270950704233 ) ) ;
#2952 = EDGE_CURVE ( 'NONE', #3218, #1494, #2579, .T. ) ;
#2953 = PRESENTATION_LAYER_ASSIGNMENT (  '', '', ( #2683 ) ) ;
#2954 = FACE_OUTER_BOUND ( 'NONE', #1883, .T. ) ;
#2955 = VERTEX_POINT ( 'NONE', #1379 ) ;
#2956 = CARTESIAN_POINT ( 'NONE',  ( 8.970562908156454185, 19.63398840578938831, 39.55304356142952571 ) ) ;
#2957 = EDGE_CURVE ( 'NONE', #606, #1640, #12, .T. ) ;
#2958 = PLANE ( 'NONE',  #1345 ) ;
#2959 = EDGE_CURVE ( 'NONE', #1384, #633, #273, .T. ) ;
#2960 = VERTEX_POINT ( 'NONE', #2100 ) ;
#2961 = CARTESIAN_POINT ( 'NONE',  ( 7.305707624396662325, 19.30020651778365348, 38.13087077607053743 ) ) ;
#2962 = DIRECTION ( 'NONE',  ( -1.075433412635312661E-14, 0.9867625124381884660, 0.1621719582624382427 ) ) ;
#2963 = ORIENTED_EDGE ( 'NONE', *, *, #1857, .F. ) ;
#2964 = DIRECTION ( 'NONE',  ( -7.506228859064076395E-15, 1.000000000000000000, 0.000000000000000000 ) ) ;
#2965 = VERTEX_POINT ( 'NONE', #2867 ) ;
#2966 = CARTESIAN_POINT ( 'NONE',  ( 8.619425950898826017, 19.64439933856853315, 37.50106662438312100 ) ) ;
#2967 = ORIENTED_EDGE ( 'NONE', *, *, #1903, .T. ) ;
#2968 = DIRECTION ( 'NONE',  ( 0.04862741781208592545, 0.000000000000000000, -0.9988169873590100334 ) ) ;
#2969 = DIRECTION ( 'NONE',  ( 0.000000000000000000, 0.1621719582624386313, -0.9867625124381884660 ) ) ;
#2970 = FACE_OUTER_BOUND ( 'NONE', #1209, .T. ) ;
#2971 = CARTESIAN_POINT ( 'NONE',  ( 7.130018539764131802, 20.06926382446853552, 36.90453718374820369 ) ) ;
#2972 = DIRECTION ( 'NONE',  ( -0.000000000000000000, 0.9867625124381881330, 0.1621719582624401301 ) ) ;
#2973 = ORIENTED_EDGE ( 'NONE', *, *, #3, .F. ) ;
#2974 = CARTESIAN_POINT ( 'NONE',  ( 8.753549341958866137, 19.20578031004058417, 39.81535584317339982 ) ) ;
#2975 = EDGE_CURVE ( 'NONE', #1945, #2095, #3193, .T. ) ;
#2976 = ADVANCED_FACE ( 'NONE', ( #3177 ), #2958, .T. ) ;
#2977 = DIRECTION ( 'NONE',  ( 0.000000000000000000, -0.1621719582624312761, 0.9867625124381895763 ) ) ;
#2978 = FACE_BOUND ( 'NONE', #3038, .T. ) ;
#2979 = ORIENTED_EDGE ( 'NONE', *, *, #1860, .F. ) ;
#2980 = CARTESIAN_POINT ( 'NONE',  ( 8.901563718824588634, 20.06726593955441018, 36.91669364999853542 ) ) ;
#2981 = CARTESIAN_POINT ( 'NONE',  ( 7.353033399862904496, 19.75929037543105338, 37.49695711334426562 ) ) ;
#2982 = CARTESIAN_POINT ( 'NONE',  ( 9.003245615023912407, 18.51058176013814460, 39.71358650874332596 ) ) ;
#2983 = VERTEX_POINT ( 'NONE', #2701 ) ;
#2984 = PRODUCT ( 'module top plate counter block 2', 'module top plate counter block 2', '', ( #1324 ) ) ;
#2985 = CARTESIAN_POINT ( 'NONE',  ( 7.357061067597636672, 19.75927915138099422, 37.49705493292059799 ) ) ;
#2986 = ADVANCED_FACE ( 'NONE', ( #2218 ), #1555, .F. ) ;
#2987 = SURFACE_STYLE_FILL_AREA ( #160 ) ;
#2988 = EDGE_LOOP ( 'NONE', ( #886, #37, #812, #686, #1393, #3068, #430, #494 ) ) ;
#2989 = CARTESIAN_POINT ( 'NONE',  ( 9.130770102820537915, 19.55634258683439697, 37.26607594640918109 ) ) ;
#2990 = CARTESIAN_POINT ( 'NONE',  ( -1.460721179399247103E-15, -1.351761667116735843, 38.70938947769636229 ) ) ;
#2991 = AXIS2_PLACEMENT_3D ( 'NONE', #2307, #2820, #2585 ) ;
#2992 = ORIENTED_EDGE ( 'NONE', *, *, #2593, .T. ) ;
#2993 = EDGE_CURVE ( 'NONE', #1109, #460, #390, .T. ) ;
#2994 = DIRECTION ( 'NONE',  ( 3.402975690169335379E-14, 0.9867625124381881330, 0.1621719582624404354 ) ) ;
#2995 = EDGE_CURVE ( 'NONE', #801, #874, #1433, .T. ) ;
#2996 = CIRCLE ( 'NONE', #38, 0.1104999999999981414 ) ;
#2997 = DIRECTION ( 'NONE',  ( 1.105922522141220385E-11, 0.9867625124381893542, 0.1621719582624329692 ) ) ;
#2998 = AXIS2_PLACEMENT_3D ( 'NONE', #2974, #162, #3262 ) ;
#2999 = SURFACE_STYLE_FILL_AREA ( #2244 ) ;
#3000 = CIRCLE ( 'NONE', #411, 0.2500000000000020539 ) ;
#3001 = CARTESIAN_POINT ( 'NONE',  ( 8.918772266478875110, 19.19894578381561345, 39.48085142575022388 ) ) ;
#3002 = EDGE_LOOP ( 'NONE', ( #665, #1651, #2979, #1068 ) ) ;
#3003 = CARTESIAN_POINT ( 'NONE',  ( 7.607541471547032863, 19.99338372297749800, 37.36624240328078628 ) ) ;
#3004 = CIRCLE ( 'NONE', #842, 0.1775000000000015177 ) ;
#3005 = LINE ( 'NONE', #1947, #2194 ) ;
#3006 = VECTOR ( 'NONE', #335, 39.37007874015748854 ) ;
#3007 = ADVANCED_FACE ( 'NONE', ( #2200 ), #954, .F. ) ;
#3008 = CARTESIAN_POINT ( 'NONE',  ( 7.349010279276021684, 19.75932256544693644, 37.49676124766769902 ) ) ;
#3009 = ORIENTED_EDGE ( 'NONE', *, *, #57, .F. ) ;
#3010 = DIRECTION ( 'NONE',  ( 0.04927818435184642271, 0.1619749342972592876, -0.9855636870372121994 ) ) ;
#3011 = CYLINDRICAL_SURFACE ( 'NONE', #1614, 0.1104999999999981414 ) ;
#3012 = ORIENTED_EDGE ( 'NONE', *, *, #287, .T. ) ;
#3013 =( NAMED_UNIT ( * ) PLANE_ANGLE_UNIT ( ) SI_UNIT ( $, .RADIAN. ) );
#3014 = ORIENTED_EDGE ( 'NONE', *, *, #1532, .F. ) ;
#3015 = DIRECTION ( 'NONE',  ( 0.000000000000000000, -0.1621719582624240319, 0.9867625124381906865 ) ) ;
#3016 = LINE ( 'NONE', #260, #608 ) ;
#3017 = CARTESIAN_POINT ( 'NONE',  ( 7.356896348388411333, 19.70810206378901341, 37.49885008095134964 ) ) ;
#3018 = CARTESIAN_POINT ( 'NONE',  ( 8.760231101075174109, 19.14972803419494696, 39.35479708652312780 ) ) ;
#3019 = EDGE_CURVE ( 'NONE', #277, #2263, #644, .T. ) ;
#3020 = EDGE_CURVE ( 'NONE', #2308, #1873, #731, .T. ) ;
#3021 = CYLINDRICAL_SURFACE ( 'NONE', #2772, 0.1104999999999981414 ) ;
#3022 = EDGE_LOOP ( 'NONE', ( #524, #28, #2130, #1134 ) ) ;
#3023 = CARTESIAN_POINT ( 'NONE',  ( 7.597811108209853614, 19.70484225074236306, 37.51868496083956472 ) ) ;
#3024 = LINE ( 'NONE', #1721, #652 ) ;
#3025 = CARTESIAN_POINT ( 'NONE',  ( 8.619425950898826017, 19.64439933856853315, 37.50106662438312100 ) ) ;
#3026 = CARTESIAN_POINT ( 'NONE',  ( 8.901563718824586857, 18.99909551983937916, 36.74114250517932589 ) ) ;
#3027 = ORIENTED_EDGE ( 'NONE', *, *, #2520, .T. ) ;
#3028 = CARTESIAN_POINT ( 'NONE',  ( 6.990019983952278970, 19.41420995750130274, 39.67247933821808914 ) ) ;
#3029 = DIRECTION ( 'NONE',  ( 1.644296435848434218E-16, 0.9867625124381895763, 0.1621719582624312483 ) ) ;
#3030 = CARTESIAN_POINT ( 'NONE',  ( 6.990019983952278970, 19.41420995750130274, 39.67247933821808914 ) ) ;
#3031 = CARTESIAN_POINT ( 'NONE',  ( 7.305707624396662325, 19.59785699109773915, 38.16965473842488876 ) ) ;
#3032 = EDGE_LOOP ( 'NONE', ( #2107, #2456, #546, #1811 ) ) ;
#3033 = CARTESIAN_POINT ( 'NONE',  ( 8.753549341958880348, 19.64242272179187410, 39.88711693470408903 ) ) ;
#3034 = EDGE_CURVE ( 'NONE', #2944, #653, #1817, .T. ) ;
#3035 = ADVANCED_FACE ( 'NONE', ( #269 ), #2058, .F. ) ;
#3036 = DIRECTION ( 'NONE',  ( -0.000000000000000000, 0.9867625124381881330, 0.1621719582624402967 ) ) ;
#3037 = CARTESIAN_POINT ( 'NONE',  ( 8.627833060032850554, 19.60456004777482519, 36.58729532317433808 ) ) ;
#3038 = EDGE_LOOP ( 'NONE', ( #1140, #1036 ) ) ;
#3039 = CARTESIAN_POINT ( 'NONE',  ( 7.379714812538735735, -5.379837658421372737, 32.73452563026523876 ) ) ;
#3040 = B_SPLINE_CURVE_WITH_KNOTS ( 'NONE', 3,
 ( #1634, #67, #2690, #360, #600, #1382, #2650, #324, #1133, #2350, #2407, #3128 ),
 .UNSPECIFIED., .F., .F.,
 ( 4, 2, 2, 2, 2, 4 ),
 ( 0.000000000000000000, 0.001282275775902042307, 0.002564551551804084614, 0.003846827327706126703, 0.004487965215657054724, 0.005129103103607983612 ),
 .UNSPECIFIED. ) ;
#3041 = LINE ( 'NONE', #23, #2936 ) ;
#3042 = EDGE_LOOP ( 'NONE', ( #2891, #402, #1522, #300 ) ) ;
#3043 = AXIS2_PLACEMENT_3D ( 'NONE', #2465, #3224, #3174 ) ;
#3044 = FACE_OUTER_BOUND ( 'NONE', #3042, .T. ) ;
#3045 = CARTESIAN_POINT ( 'NONE',  ( 6.978084863450609632, 19.56986540786470385, 39.94321071001954238 ) ) ;
#3046 = CARTESIAN_POINT ( 'NONE',  ( -15743.67739252909269, 19.44498127718716063, 37.55827914902319975 ) ) ;
#3047 = ORIENTED_EDGE ( 'NONE', *, *, #2567, .F. ) ;
#3048 = EDGE_CURVE ( 'NONE', #2960, #2254, #1061, .T. ) ;
#3049 = CIRCLE ( 'NONE', #2458, 0.06249999999999858447 ) ;
#3050 = DIRECTION ( 'NONE',  ( 0.000000000000000000, -0.9867625124381881330, -0.1621719582624401301 ) ) ;
#3051 = AXIS2_PLACEMENT_3D ( 'NONE', #1577, #2634, #1366 ) ;
#3052 = ORIENTED_EDGE ( 'NONE', *, *, #1391, .T. ) ;
#3053 = DIRECTION ( 'NONE',  ( 1.000000000000000000, -2.251765345858822094E-14, 8.618049415830417104E-16 ) ) ;
#3054 = ORIENTED_EDGE ( 'NONE', *, *, #76, .T. ) ;
#3055 = DIRECTION ( 'NONE',  ( 0.000000000000000000, -0.9867625124381884660, -0.1621719582624384648 ) ) ;
#3056 = ADVANCED_FACE ( 'NONE', ( #1836 ), #843, .F. ) ;
#3057 = CIRCLE ( 'NONE', #3165, 0.1406000000000001138 ) ;
#3058 = EDGE_CURVE ( 'NONE', #756, #1873, #2608, .T. ) ;
#3059 = CARTESIAN_POINT ( 'NONE',  ( 9.003245488139340225, -11308.71227360386911, -1821.887243452290477 ) ) ;
#3060 = VERTEX_POINT ( 'NONE', #2129 ) ;
#3061 = VECTOR ( 'NONE', #2128, 39.37007874015748143 ) ;
#3062 = CARTESIAN_POINT ( 'NONE',  ( 7.231700435955908723, 19.64242272179276938, 39.88711693470457220 ) ) ;
#3063 =( BOUNDED_CURVE ( )  B_SPLINE_CURVE ( 3, ( #1263, #2286, #2985, #658 ),
 .UNSPECIFIED., .F., .T. ) 
 B_SPLINE_CURVE_WITH_KNOTS ( ( 4, 4 ),
 ( 5.292955487724415495E-15, 0.04833616250346556981 ),
 .UNSPECIFIED. ) 
 CURVE ( )  GEOMETRIC_REPRESENTATION_ITEM ( )  RATIONAL_B_SPLINE_CURVE ( ( 1.000000000000000000, 0.9998053107595830102, 0.9998053107595830102, 1.000000000000000000 ) ) 
 REPRESENTATION_ITEM ( '' )  );
#3064 = ADVANCED_FACE ( 'NONE', ( #855 ), #797, .F. ) ;
#3065 = EDGE_CURVE ( 'NONE', #2736, #2087, #3283, .T. ) ;
#3066 = ORIENTED_EDGE ( 'NONE', *, *, #65, .F. ) ;
#3067 = VECTOR ( 'NONE', #2063, 39.37007874015748143 ) ;
#3068 = ORIENTED_EDGE ( 'NONE', *, *, #2686, .T. ) ;
#3069 = CARTESIAN_POINT ( 'NONE',  ( 9.034297155428086867, 19.45118880482233692, 37.52050840546049670 ) ) ;
#3070 = VECTOR ( 'NONE', #1636, 39.37007874015748143 ) ;
#3071 = CARTESIAN_POINT ( 'NONE',  ( 9.121346259920962041, 19.46369422819342887, 37.44441705700943146 ) ) ;
#3072 = CARTESIAN_POINT ( 'NONE',  ( 8.753549341958862584, 19.20578031004058417, 39.81535584317338561 ) ) ;
#3073 = VERTEX_POINT ( 'NONE', #363 ) ;
#3074 = DIRECTION ( 'NONE',  ( 1.075433412635312661E-14, -0.9867625124381884660, -0.1621719582624382427 ) ) ;
#3075 = LINE ( 'NONE', #1785, #40 ) ;
#3076 = CARTESIAN_POINT ( 'NONE',  ( 7.379714812831863036, 20.06726593955454518, 36.91669364999803093 ) ) ;
#3077 = CARTESIAN_POINT ( 'NONE',  ( 8.901563718820655779, 20.08839560701575166, 37.17352002549930035 ) ) ;
#3078 = EDGE_CURVE ( 'NONE', #1023, #3255, #2469, .T. ) ;
#3079 = DIRECTION ( 'NONE',  ( 0.009695013075860242288, 0.9993438579051868720, -0.03489785650490104946 ) ) ;
#3080 = CARTESIAN_POINT ( 'NONE',  ( -15743.53573660913389, 19.60187973275300521, 40.13380756291405049 ) ) ;
#3081 = EDGE_LOOP ( 'NONE', ( #2192, #2395, #369, #2662, #472 ) ) ;
#3082 = EDGE_LOOP ( 'NONE', ( #1533, #3012, #2096, #2528, #1049, #783 ) ) ;
#3083 = DIRECTION ( 'NONE',  ( 0.000000000000000000, -0.1621719582624442935, 0.9867625124381874668 ) ) ;
#3084 = ORIENTED_EDGE ( 'NONE', *, *, #490, .F. ) ;
#3085 = LINE ( 'NONE', #2378, #657 ) ;
#3086 = CARTESIAN_POINT ( 'NONE',  ( 6.982004162896463306, -11234.85037478948107, -1809.773194196391387 ) ) ;
#3087 = ADVANCED_FACE ( 'NONE', ( #1084 ), #1407, .F. ) ;
#3088 = CARTESIAN_POINT ( 'NONE',  ( 8.019543430673996554, 20.34197229876729196, 36.70848718776512953 ) ) ;
#3089 = DIRECTION ( 'NONE',  ( 4.370956789862860593E-15, 0.1621719582624329414, -0.9867625124381893542 ) ) ;
#3090 = DIRECTION ( 'NONE',  ( 1.000000000000000000, -2.142952267813509879E-14, -5.759109514192678079E-15 ) ) ;
#3091 = FACE_OUTER_BOUND ( 'NONE', #171, .T. ) ;
#3092 = CARTESIAN_POINT ( 'NONE',  ( 8.753549341958862584, 19.58075006476709490, 39.87698118731311325 ) ) ;
#3093 = CARTESIAN_POINT ( 'NONE',  ( 7.000796026891404011, 19.36254681007968159, 39.60143904880101928 ) ) ;
#3094 = ORIENTED_EDGE ( 'NONE', *, *, #2229, .T. ) ;
#3095 = ADVANCED_FACE ( 'NONE', ( #1918 ), #70, .T. ) ;
#3096 = EDGE_CURVE ( 'NONE', #505, #2384, #1652, .T. ) ;
#3097 = VERTEX_POINT ( 'NONE', #99 ) ;
#3098 = VECTOR ( 'NONE', #1630, 39.37007874015748143 ) ;
#3099 = DIRECTION ( 'NONE',  ( 0.000000000000000000, -0.1621719582624240319, 0.9867625124381906865 ) ) ;
#3100 = VERTEX_POINT ( 'NONE', #1899 ) ;
#3101 = AXIS2_PLACEMENT_3D ( 'NONE', #641, #1686, #401 ) ;
#3102 = EDGE_CURVE ( 'NONE', #1034, #2206, #1919, .T. ) ;
#3103 = LINE ( 'NONE', #1315, #935 ) ;
#3104 = AXIS2_PLACEMENT_3D ( 'NONE', #682, #1727, #1484 ) ;
#3105 = CARTESIAN_POINT ( 'NONE',  ( 7.264217734489252898, 19.70187550048516201, 37.53673665096169998 ) ) ;
#3106 = VECTOR ( 'NONE', #533, 39.37007874015748854 ) ;
#3107 = DIRECTION ( 'NONE',  ( -0.000000000000000000, 0.9867625124381881330, 0.1621719582624402967 ) ) ;
#3108 = CARTESIAN_POINT ( 'NONE',  ( 9.011153666708640486, 19.14850565316523046, 39.65599473041879719 ) ) ;
#3109 = DIRECTION ( 'NONE',  ( -1.000000000000000000, 2.164554584070748992E-14, 4.436688117647313326E-15 ) ) ;
#3110 = VECTOR ( 'NONE', #173, 39.37007874015748143 ) ;
#3111 = AXIS2_PLACEMENT_3D ( 'NONE', #3092, #2302, #2050 ) ;
#3112 =( LENGTH_UNIT ( ) NAMED_UNIT ( * ) SI_UNIT ( $, .METRE. ) );
#3113 = CARTESIAN_POINT ( 'NONE',  ( 8.880466594952359571, 19.44498127730667747, 37.55827914902015863 ) ) ;
#3114 = CARTESIAN_POINT ( 'NONE',  ( 9.124629191406024020, 19.48417911518766488, 37.38035162106249487 ) ) ;
#3115 = AXIS2_PLACEMENT_3D ( 'NONE', #2627, #854, #2176 ) ;
#3116 = ORIENTED_EDGE ( 'NONE', *, *, #3048, .F. ) ;
#3117 = ORIENTED_EDGE ( 'NONE', *, *, #2219, .F. ) ;
#3118 = CARTESIAN_POINT ( 'NONE',  ( 15752.44993685214286, 19.99338372262470287, 37.36624240329425106 ) ) ;
#3119 = DIRECTION ( 'NONE',  ( 0.000000000000000000, -0.1621719582624301381, 0.9867625124381897983 ) ) ;
#3120 = ORIENTED_EDGE ( 'NONE', *, *, #583, .T. ) ;
#3121 = LINE ( 'NONE', #761, #1537 ) ;
#3122 = EDGE_LOOP ( 'NONE', ( #282, #2803, #2112, #3305 ) ) ;
#3123 = EDGE_CURVE ( 'NONE', #1174, #963, #902, .T. ) ;
#3124 = PLANE ( 'NONE',  #1798 ) ;
#3125 = DIRECTION ( 'NONE',  ( 0.000000000000000000, -0.1621719582624369937, 0.9867625124381886881 ) ) ;
#3126 = CARTESIAN_POINT ( 'NONE',  ( 8.493140016398028180, 19.15783031138104775, 39.39829650416768203 ) ) ;
#3127 = CARTESIAN_POINT ( 'NONE',  ( 8.827556530392101308, 18.73303620511402201, 38.36002508308541792 ) ) ;
#3128 = CARTESIAN_POINT ( 'NONE',  ( 7.112000719045489028, 19.81515455016695881, 37.23286463635328403 ) ) ;
#3129 = CARTESIAN_POINT ( 'NONE',  ( 7.120920196798423696, 19.38557970694298405, 39.46129152009066843 ) ) ;
#3130 = EDGE_LOOP ( 'NONE', ( #457, #1129, #729, #1580 ) ) ;
#3131 = DIRECTION ( 'NONE',  ( -0.000000000000000000, 0.9867625124381883550, 0.1621719582624384370 ) ) ;
#3132 = VERTEX_POINT ( 'NONE', #326 ) ;
#3133 = CARTESIAN_POINT ( 'NONE',  ( 7.379714812829559989, 18.99909551983936140, 36.74114250517934721 ) ) ;
#3134 = CARTESIAN_POINT ( 'NONE',  ( 7.305707624396662325, 19.56744974892352928, 38.35467270950704943 ) ) ;
#3135 = ORIENTED_EDGE ( 'NONE', *, *, #2432, .T. ) ;
#3136 = CARTESIAN_POINT ( 'NONE',  ( 9.135195105178723907, 20.01246357321208080, 37.25014785058357347 ) ) ;
#3137 = ORIENTED_EDGE ( 'NONE', *, *, #2697, .F. ) ;
#3138 = VERTEX_POINT ( 'NONE', #1136 ) ;
#3139 = CARTESIAN_POINT ( 'NONE',  ( 7.231700435963832163, 19.60345413892387612, 39.73883443557179618 ) ) ;
#3140 = EDGE_CURVE ( 'NONE', #30, #3255, #1103, .T. ) ;
#3141 = EDGE_LOOP ( 'NONE', ( #2653, #2325, #1905, #18 ) ) ;
#3142 = CARTESIAN_POINT ( 'NONE',  ( 8.490910714312834173, -11308.75081853653501, -1821.652709262175904 ) ) ;
#3143 = DIRECTION ( 'NONE',  ( 0.000000000000000000, -0.9867625124381883550, -0.1621719582624384648 ) ) ;
#3144 = DIRECTION ( 'NONE',  ( 0.03486611143712788075, 0.8119253981476569626, -0.5827190593382221007 ) ) ;
#3145 = SURFACE_STYLE_USAGE ( .BOTH. , #3182 ) ;
#3146 = EDGE_LOOP ( 'NONE', ( #2059, #1512 ) ) ;
#3147 = DIRECTION ( 'NONE',  ( 0.000000000000000000, -0.9867625124381885771, -0.1621719582624372435 ) ) ;
#3148 = ADVANCED_FACE ( 'NONE', ( #2124 ), #2389, .F. ) ;
#3149 = CARTESIAN_POINT ( 'NONE',  ( 8.455149620356239737, 19.03695819385639254, 40.04096411670833788 ) ) ;
#3150 = VECTOR ( 'NONE', #1926, 39.37007874015748143 ) ;
#3151 = ORIENTED_EDGE ( 'NONE', *, *, #455, .T. ) ;
#3152 = AXIS2_PLACEMENT_3D ( 'NONE', #3191, #1906, #2968 ) ;
#3153 = CARTESIAN_POINT ( 'NONE',  ( 7.379714812829559101, 19.71248659363162048, 36.73221637306027532 ) ) ;
#3155 = ORIENTED_EDGE ( 'NONE', *, *, #927, .F. ) ;
#3154 = AXIS2_PLACEMENT_3D ( 'NONE', #1684, #2709, #2459 ) ;
#3156 = CARTESIAN_POINT ( 'NONE',  ( 9.009674127720257886, 19.15830615613942101, 39.68799544841549931 ) ) ;
#3157 = VECTOR ( 'NONE', #237, 39.37007874015748143 ) ;
#3158 = CARTESIAN_POINT ( 'NONE',  ( 7.231700435963846374, 20.09205132237298486, 39.84902990881971618 ) ) ;
#3159 = VECTOR ( 'NONE', #2016, 39.37007874015748143 ) ;
#3160 = DIRECTION ( 'NONE',  ( -0.9987850922731003056, 0.007991539655952849958, -0.04862586499942078005 ) ) ;
#3161 = EDGE_CURVE ( 'NONE', #2076, #2321, #3166, .T. ) ;
#3162 = EDGE_CURVE ( 'NONE', #598, #1923, #610, .T. ) ;
#3163 = CARTESIAN_POINT ( 'NONE',  ( 7.231700435963833051, 19.20578031004062325, 39.81535584317340692 ) ) ;
#3164 = EDGE_LOOP ( 'NONE', ( #587, #3307 ) ) ;
#3165 = AXIS2_PLACEMENT_3D ( 'NONE', #1565, #275, #1516 ) ;
#3166 = LINE ( 'NONE', #2143, #569 ) ;
#3167 = ORIENTED_EDGE ( 'NONE', *, *, #1705, .T. ) ;
#3168 = DIRECTION ( 'NONE',  ( 2.786250776214136019E-14, 0.9867625124381881330, 0.1621719582624401301 ) ) ;
#3169 = AXIS2_PLACEMENT_3D ( 'NONE', #3026, #2436, #2754 ) ;
#3170 = LINE ( 'NONE', #318, #1608 ) ;
#3171 =( BOUNDED_CURVE ( )  B_SPLINE_CURVE ( 3, ( #268, #1535, #1337, #1816 ),
 .UNSPECIFIED., .F., .T. ) 
 B_SPLINE_CURVE_WITH_KNOTS ( ( 4, 4 ),
 ( 4.712388980383170889, 5.295618340958639259 ),
 .UNSPECIFIED. ) 
 CURVE ( )  GEOMETRIC_REPRESENTATION_ITEM ( )  RATIONAL_B_SPLINE_CURVE ( ( 1.000000000000000000, 0.9718539367529338557, 0.9718539367529338557, 1.000000000000000000 ) ) 
 REPRESENTATION_ITEM ( '' )  );
#3172 = CYLINDRICAL_SURFACE ( 'NONE', #790, 0.1104999999999981414 ) ;
#3173 = ORIENTED_EDGE ( 'NONE', *, *, #2536, .T. ) ;
#3174 = DIRECTION ( 'NONE',  ( -1.311287036958858178E-14, 0.1621719582624329414, -0.9867625124381893542 ) ) ;
#3175 = ORIENTED_EDGE ( 'NONE', *, *, #134, .F. ) ;
#3176 = DIRECTION ( 'NONE',  ( 0.000000000000000000, 0.9793332441004248823, 0.2022532991071784580 ) ) ;
#3177 = FACE_OUTER_BOUND ( 'NONE', #2115, .T. ) ;
#3178 = ORIENTED_EDGE ( 'NONE', *, *, #2995, .T. ) ;
#3179 = CARTESIAN_POINT ( 'NONE',  ( -15743.53573660962320, 20.03358833128351790, 40.20475779454516640 ) ) ;
#3180 = DIRECTION ( 'NONE',  ( 0.000000000000000000, 0.1621719582624369937, -0.9867625124381886881 ) ) ;
#3181 = EDGE_CURVE ( 'NONE', #966, #164, #2409, .T. ) ;
#3182 = SURFACE_SIDE_STYLE ('',( #2160 ) ) ;
#3183 = EDGE_CURVE ( 'NONE', #2448, #2508, #1122, .T. ) ;
#3184 = VERTEX_POINT ( 'NONE', #2670 ) ;
#3185 = DIRECTION ( 'NONE',  ( 0.000000000000000000, -0.1621719582624301381, 0.9867625124381897983 ) ) ;
#3186 = CARTESIAN_POINT ( 'NONE',  ( 7.231700435963833051, 18.53049964644004177, 39.59239278486949587 ) ) ;
#3187 = CARTESIAN_POINT ( 'NONE',  ( 8.489457971865313368, 19.14972803419494340, 39.35479708652312780 ) ) ;
#3188 = ORIENTED_EDGE ( 'NONE', *, *, #2880, .T. ) ;
#3189 = MANIFOLD_SOLID_BREP ( '#10 Clearance Hole2', #821 ) ;
#3190 =( BOUNDED_CURVE ( )  B_SPLINE_CURVE ( 3, ( #895, #643, #1930, #2956 ),
 .UNSPECIFIED., .F., .T. ) 
 B_SPLINE_CURVE_WITH_KNOTS ( ( 4, 4 ),
 ( 0.006297095759371044293, 0.9863147895472549331 ),
 .UNSPECIFIED. ) 
 CURVE ( )  GEOMETRIC_REPRESENTATION_ITEM ( )  RATIONAL_B_SPLINE_CURVE ( ( 1.000000000000000000, 0.9215524633321823256, 0.9215524633321823256, 1.000000000000000000 ) ) 
 REPRESENTATION_ITEM ( '' )  );
#3191 = CARTESIAN_POINT ( 'NONE',  ( -105.8849811229971323, -11605.83852637154268, 447.5665115221331121 ) ) ;
#3192 = CYLINDRICAL_SURFACE ( 'NONE', #31, 0.06249999999999858447 ) ;
#3193 = LINE ( 'NONE', #1911, #2467 ) ;
#3194 = ORIENTED_EDGE ( 'NONE', *, *, #2461, .F. ) ;
#3195 = DIRECTION ( 'NONE',  ( 0.000000000000000000, -0.1621719582624383815, 0.9867625124381884660 ) ) ;
#3196 = FACE_OUTER_BOUND ( 'NONE', #1581, .T. ) ;
#3197 = VERTEX_POINT ( 'NONE', #3287 ) ;
#3198 = DIRECTION ( 'NONE',  ( 2.786183077527078758E-14, 0.9867625124381882440, 0.1621719582624401301 ) ) ;
#3199 = ORIENTED_EDGE ( 'NONE', *, *, #57, .T. ) ;
#3200 = LINE ( 'NONE', #852, #1445 ) ;
#3201 = EDGE_CURVE ( 'NONE', #3218, #1026, #3332, .T. ) ;
#3202 = VERTEX_POINT ( 'NONE', #1483 ) ;
#3203 = EDGE_LOOP ( 'NONE', ( #183, #2001, #3009, #2132 ) ) ;
#3204 = CARTESIAN_POINT ( 'NONE',  ( 8.760231101075172333, 19.13820435330485381, 39.42491485798915107 ) ) ;
#3205 = EDGE_CURVE ( 'NONE', #2937, #896, #2011, .T. ) ;
#3206 = VECTOR ( 'NONE', #283, 39.37007874015748143 ) ;
#3207 = CARTESIAN_POINT ( 'NONE',  ( 7.305707624396662325, 19.24263547260049023, 38.48117146798609411 ) ) ;
#3208 = STYLED_ITEM ( 'NONE', ( #2525 ), #938 ) ;
#3209 = CARTESIAN_POINT ( 'NONE',  ( 7.231700435963846374, 19.62450272040395660, 39.99615419232853242 ) ) ;
#3210 = CARTESIAN_POINT ( 'NONE',  ( 8.522903658381780545, 19.32713537695110162, 39.43151247471624998 ) ) ;
#3211 = AXIS2_PLACEMENT_3D ( 'NONE', #1227, #918, #2504 ) ;
#3212 = ORIENTED_EDGE ( 'NONE', *, *, #908, .F. ) ;
#3213 = FACE_OUTER_BOUND ( 'NONE', #1693, .T. ) ;
#3214 = AXIS2_PLACEMENT_3D ( 'NONE', #2742, #1993, #3015 ) ;
#3215 = DIRECTION ( 'NONE',  ( 1.075433412635312661E-14, -0.9867625124381884660, -0.1621719582624382427 ) ) ;
#3216 = CONICAL_SURFACE ( 'NONE', #1054, 0.1874999999999997502, 0.03332099587824763343 ) ;
#3217 = CARTESIAN_POINT ( 'NONE',  ( 8.912424246193722865, 19.20945891647017945, 39.42740312216467657 ) ) ;
#3218 = VERTEX_POINT ( 'NONE', #1971 ) ;
#3219 = CARTESIAN_POINT ( 'NONE',  ( 8.901563718819861748, 20.12893859658314355, 36.92682939738980252 ) ) ;
#3220 = AXIS2_PLACEMENT_3D ( 'NONE', #2174, #1889, #1625 ) ;
#3221 = CIRCLE ( 'NONE', #253, 0.1105000000000027904 ) ;
#3222 = CARTESIAN_POINT ( 'NONE',  ( 8.175241362493565306E-14, -5.339294668775233177, 32.48783500216894282 ) ) ;
#3223 = VECTOR ( 'NONE', #1707, 39.37007874015748143 ) ;
#3224 = DIRECTION ( 'NONE',  ( -8.621526009556628837E-15, 0.9867625124381885771, 0.1621719582624383815 ) ) ;
#3225 = EDGE_CURVE ( 'NONE', #2212, #1609, #2418, .T. ) ;
#3226 = EDGE_CURVE ( 'NONE', #1637, #522, #316, .T. ) ;
#3227 = AXIS2_PLACEMENT_3D ( 'NONE', #2425, #1938, #1385 ) ;
#3228 = VERTEX_POINT ( 'NONE', #695 ) ;
#3229 = CYLINDRICAL_SURFACE ( 'NONE', #1319, 0.1406000000000001138 ) ;
#3230 = CARTESIAN_POINT ( 'NONE',  ( 7.379714812829559101, 20.06726593955445637, 36.91669364999854963 ) ) ;
#3231 = ORIENTED_EDGE ( 'NONE', *, *, #2789, .T. ) ;
#3232 = DIRECTION ( 'NONE',  ( 0.04927818435184642964, 0.1619749342972592598, -0.9855636870372121994 ) ) ;
#3233 = DIRECTION ( 'NONE',  ( -3.403010680006646082E-14, -0.9867625124381881330, -0.1621719582624404077 ) ) ;
#3234 = VERTEX_POINT ( 'NONE', #2518 ) ;
#3235 = CARTESIAN_POINT ( 'NONE',  ( 7.360568523524740669, 19.70556110288510610, 37.49893080850971216 ) ) ;
#3236 = ORIENTED_EDGE ( 'NONE', *, *, #1996, .F. ) ;
#3237 = PLANE ( 'NONE',  #1700 ) ;
#3238 = FACE_OUTER_BOUND ( 'NONE', #3329, .T. ) ;
#3239 = EDGE_CURVE ( 'NONE', #3312, #1088, #2503, .T. ) ;
#3240 = DIRECTION ( 'NONE',  ( -1.000000000000000000, -1.096661700886556876E-14, 4.348847418077960644E-16 ) ) ;
#3241 = EDGE_LOOP ( 'NONE', ( #1386, #1177, #2533, #681 ) ) ;
#3242 = CARTESIAN_POINT ( 'NONE',  ( 7.231700435957275630, 19.76576803585395936, 39.90738842948874066 ) ) ;
#3243 = DIRECTION ( 'NONE',  ( 0.000000000000000000, -0.1621719582624312761, 0.9867625124381895763 ) ) ;
#3244 = EDGE_CURVE ( 'NONE', #2777, #656, #2487, .T. ) ;
#3245 = EDGE_CURVE ( 'NONE', #2809, #2054, #1507, .T. ) ;
#3246 = DIRECTION ( 'NONE',  ( 0.000000000000000000, 0.9808120361962940903, 0.1949557633220405928 ) ) ;
#3247 = DIRECTION ( 'NONE',  ( 0.000000000000000000, -0.9867625124381881330, -0.1621719582624401301 ) ) ;
#3248 = DIRECTION ( 'NONE',  ( 0.000000000000000000, -0.1621719582624442935, 0.9867625124381874668 ) ) ;
#3249 = EDGE_CURVE ( 'NONE', #963, #579, #2549, .T. ) ;
#3250 = ORIENTED_EDGE ( 'NONE', *, *, #513, .T. ) ;
#3251 = CARTESIAN_POINT ( 'NONE',  ( 6.998502093314362682, 19.38041757091489359, 39.49270140359202230 ) ) ;
#3252 = ORIENTED_EDGE ( 'NONE', *, *, #612, .T. ) ;
#3253 = DIRECTION ( 'NONE',  ( -5.296101387421848694E-15, 0.1621719582624365497, -0.9867625124381887991 ) ) ;
#3254 = CARTESIAN_POINT ( 'NONE',  ( 8.901563718824586857, 19.69229618482790301, 36.85506830585880067 ) ) ;
#3255 = VERTEX_POINT ( 'NONE', #964 ) ;
#3256 = ADVANCED_FACE ( 'NONE', ( #1737 ), #1437, .F. ) ;
#3257 = VERTEX_POINT ( 'NONE', #1176 ) ;
#3258 = CARTESIAN_POINT ( 'NONE',  ( 8.827556530392104861, 19.35116636298930359, 38.12911174885945798 ) ) ;
#3259 = CLOSED_SHELL ( 'NONE', ( #1783, #1557, #2976, #1266, #176, #2234, #1155, #1731, #286, #2764, #349, #203, #1621, #3087 ) ) ;
#3260 = DIRECTION ( 'NONE',  ( 0.000000000000000000, -0.1621719582624404354, 0.9867625124381881330 ) ) ;
#3261 = AXIS2_PLACEMENT_3D ( 'NONE', #690, #222, #2751 ) ;
#3262 = DIRECTION ( 'NONE',  ( 0.000000000000000000, 0.1621719582624369937, -0.9867625124381886881 ) ) ;
#3263 = DIRECTION ( 'NONE',  ( 0.000000000000000000, -0.9993908270190959842, -0.03489949670249622299 ) ) ;
#3264 = CIRCLE ( 'NONE', #1442, 0.1874999999999997502 ) ;
#3265 = LINE ( 'NONE', #1847, #878 ) ;
#3266 = VERTEX_POINT ( 'NONE', #2740 ) ;
#3267 = LINE ( 'NONE', #3235, #1878 ) ;
#3268 = ORIENTED_EDGE ( 'NONE', *, *, #3, .T. ) ;
#3269 = CIRCLE ( 'NONE', #3211, 0.1105000000000024435 ) ;
#3270 = EDGE_CURVE ( 'NONE', #2872, #2983, #3267, .T. ) ;
#3271 = CARTESIAN_POINT ( 'NONE',  ( 8.359452756058551870, 18.93549086402213888, 36.47733547126010478 ) ) ;
#3272 = AXIS2_PLACEMENT_3D ( 'NONE', #2267, #3302, #1760 ) ;
#3273 = CYLINDRICAL_SURFACE ( 'NONE', #1104, 0.1406000000000001138 ) ;
#3274 =( GEOMETRIC_REPRESENTATION_CONTEXT ( 3 ) GLOBAL_UNCERTAINTY_ASSIGNED_CONTEXT ( ( #1284 ) ) GLOBAL_UNIT_ASSIGNED_CONTEXT ( ( #1144, #659, #1965 ) ) REPRESENTATION_CONTEXT ( 'NONE', 'WORKASPACE' ) );
#3275 = ORIENTED_EDGE ( 'NONE', *, *, #780, .T. ) ;
#3276 = ORIENTED_EDGE ( 'NONE', *, *, #2278, .F. ) ;
#3277 = CYLINDRICAL_SURFACE ( 'NONE', #2072, 0.2500000000000737743 ) ;
#3278 = CIRCLE ( 'NONE', #727, 0.2499999999999981126 ) ;
#3279 = LINE ( 'NONE', #959, #1057 ) ;
#3280 = AXIS2_PLACEMENT_3D ( 'NONE', #1967, #691, #2292 ) ;
#3281 = CARTESIAN_POINT ( 'NONE',  ( -15743.40903732093284, 20.01833397415201432, 37.59982179890538134 ) ) ;
#3282 =( BOUNDED_CURVE ( )  B_SPLINE_CURVE ( 3, ( #1902, #366, #2146, #604 ),
 .UNSPECIFIED., .F., .T. ) 
 B_SPLINE_CURVE_WITH_KNOTS ( ( 4, 4 ),
 ( 2.167872055561274269, 3.147889749349153998 ),
 .UNSPECIFIED. ) 
 CURVE ( )  GEOMETRIC_REPRESENTATION_ITEM ( )  RATIONAL_B_SPLINE_CURVE ( ( 1.000000000000000000, 0.9215524633321829917, 0.9215524633321829917, 1.000000000000000000 ) ) 
 REPRESENTATION_ITEM ( '' )  );
#3283 = CIRCLE ( 'NONE', #517, 0.1775000000000015177 ) ;
#3284 = CARTESIAN_POINT ( 'NONE',  ( 8.612189643587351284, 19.55009565076776212, 37.50435978172703244 ) ) ;
#3285 = CARTESIAN_POINT ( 'NONE',  ( 8.901563718824602844, 20.57856719716025395, 36.88874237150513835 ) ) ;
#3286 = VERTEX_POINT ( 'NONE', #1957 ) ;
#3287 = CARTESIAN_POINT ( 'NONE',  ( 8.753549341958862584, 19.22597071884425546, 39.69250391037483894 ) ) ;
#3288 = LINE ( 'NONE', #2007, #1161 ) ;
#3289 = CARTESIAN_POINT ( 'NONE',  ( 7.361089757313853177, 19.75928890929446169, 37.49705459216676928 ) ) ;
#3290 = ORIENTED_EDGE ( 'NONE', *, *, #1748, .F. ) ;
#3291 = ADVANCED_FACE ( 'NONE', ( #2978, #648 ), #667, .T. ) ;
#3292 = EDGE_CURVE ( 'NONE', #112, #1280, #687, .T. ) ;
#3293 = CARTESIAN_POINT ( 'NONE',  ( 6.929084696607860749, 19.35908577562846489, 39.62249829410976076 ) ) ;
#3294 = ORIENTED_EDGE ( 'NONE', *, *, #1186, .F. ) ;
#3295 = FACE_OUTER_BOUND ( 'NONE', #301, .T. ) ;
#3296 = CARTESIAN_POINT ( 'NONE',  ( 8.901563718824602844, 20.54272719438425909, 37.10681688675397538 ) ) ;
#3297 = PLANE ( 'NONE',  #185 ) ;
#3298 = EDGE_LOOP ( 'NONE', ( #2696, #2501, #552, #2571 ) ) ;
#3299 = DIRECTION ( 'NONE',  ( 1.000000000000000000, 7.586647260909619761E-15, -1.894604045528018793E-16 ) ) ;
#3300 = ORIENTED_EDGE ( 'NONE', *, *, #304, .T. ) ;
#3301 = DIRECTION ( 'NONE',  ( 1.000000000000000000, 7.506228859064092172E-15, 2.998588655699522629E-16 ) ) ;
#3302 = DIRECTION ( 'NONE',  ( -0.000000000000000000, 0.9867625124381881330, 0.1621719582624402967 ) ) ;
#3303 = DIRECTION ( 'NONE',  ( 1.000000000000000000, -3.343698595019301431E-14, -6.374581895720098258E-15 ) ) ;
#3304 = DIRECTION ( 'NONE',  ( 0.000000000000000000, -0.1621719582624433220, 0.9867625124381875779 ) ) ;
#3305 = ORIENTED_EDGE ( 'NONE', *, *, #708, .T. ) ;
#3306 = CARTESIAN_POINT ( 'NONE',  ( 8.499933769444050213, 19.25163449759994805, 39.89091025347934050 ) ) ;
#3307 = ORIENTED_EDGE ( 'NONE', *, *, #2621, .F. ) ;
#3308 = EDGE_CURVE ( 'NONE', #925, #2263, #54, .T. ) ;
#3309 = ADVANCED_FACE ( 'NONE', ( #3044 ), #1045, .F. ) ;
#3310 = DIRECTION ( 'NONE',  ( 5.245148147835504024E-14, 0.000000000000000000, -1.000000000000000000 ) ) ;
#3311 = DIRECTION ( 'NONE',  ( 3.402975690169334748E-14, 0.9867625124381881330, 0.1621719582624404354 ) ) ;
#3312 = VERTEX_POINT ( 'NONE', #3077 ) ;
#3313 = CARTESIAN_POINT ( 'NONE',  ( 15752.61359723655005, 20.10780892878461046, 36.67000302179841498 ) ) ;
#3314 = ORIENTED_EDGE ( 'NONE', *, *, #742, .T. ) ;
#3315 = CIRCLE ( 'NONE', #826, 0.2499999999999984457 ) ;
#3316 = DIRECTION ( 'NONE',  ( 0.000000000000000000, -0.1621719582624433220, 0.9867625124381875779 ) ) ;
#3317 = CARTESIAN_POINT ( 'NONE',  ( 7.113443201546846062, 19.96384295487436233, 37.22767232284640215 ) ) ;
#3318 = AXIS2_PLACEMENT_3D ( 'NONE', #751, #2315, #809 ) ;
#3319 = DIRECTION ( 'NONE',  ( 1.000000000000000000, 0.000000000000000000, 0.000000000000000000 ) ) ;
#3320 = ORIENTED_EDGE ( 'NONE', *, *, #2697, .T. ) ;
#3321 = AXIS2_PLACEMENT_3D ( 'NONE', #759, #1052, #523 ) ;
#3322 = EDGE_LOOP ( 'NONE', ( #2576, #422 ) ) ;
#3323 = CARTESIAN_POINT ( 'NONE',  ( 7.502507248611732571, 19.46112750420920889, 39.43619158290564286 ) ) ;
#3324 = CARTESIAN_POINT ( 'NONE',  ( 8.901563718824602844, 20.12893859658134588, 36.92682939738986647 ) ) ;
#3325 = CIRCLE ( 'NONE', #1927, 0.06249999999999858447 ) ;
#3326 = ORIENTED_EDGE ( 'NONE', *, *, #1418, .F. ) ;
#3327 = AXIS2_PLACEMENT_3D ( 'NONE', #2853, #1547, #2565 ) ;
#3328 = LINE ( 'NONE', #2763, #1321 ) ;
#3329 = EDGE_LOOP ( 'NONE', ( #465, #1864, #1294, #1718 ) ) ;
#3330 = FACE_OUTER_BOUND ( 'NONE', #912, .T. ) ;
#3331 = DIRECTION ( 'NONE',  ( 0.000000000000000000, -0.1621719582624464862, 0.9867625124381870227 ) ) ;
#3332 = CIRCLE ( 'NONE', #2364, 0.1104999999999981414 ) ;
#3333 = CARTESIAN_POINT ( 'NONE',  ( 8.975105521399738606, 19.44498127730594561, 37.55827914902019415 ) ) ;
#3334 = CYLINDRICAL_SURFACE ( 'NONE', #2299, 0.2500000000000566769 ) ;
ENDSEC;
END-ISO-10303-21;
