ISO-10303-21;
HEADER;
FILE_DESCRIPTION (( 'STEP AP214' ),
    '1' );
FILE_NAME ('module rail block v2.STEP',
    '2026-04-07T17:11:27',
    ( '' ),
    ( '' ),
    'SwSTEP 2.0',
    'SolidWorks 2025',
    '' );
FILE_SCHEMA (( 'AUTOMOTIVE_DESIGN' ));
ENDSEC;

DATA;
#1 = CARTESIAN_POINT ( 'NONE',  ( 5.375002459999995708, 5.704904510000007534, 43.05217851000001161 ) ) ;
#2 = AXIS2_PLACEMENT_3D ( 'NONE', #1440, #1237, #301 ) ;
#3 = CARTESIAN_POINT ( 'NONE',  ( 6.125002459999994819, 3.397404510000013200, 42.05217851000001161 ) ) ;
#4 = CIRCLE ( 'NONE', #1053, 0.3124999999999972800 ) ;
#5 = ADVANCED_FACE ( 'NONE', ( #752 ), #881, .F. ) ;
#6 = EDGE_LOOP ( 'NONE', ( #817, #781, #720, #854, #681, #663, #455, #1260 ) ) ;
#7 = LINE ( 'NONE', #358, #1329 ) ;
#8 = CARTESIAN_POINT ( 'NONE',  ( 6.125002459999994819, 5.704904510000016415, 43.05217851000001161 ) ) ;
#9 = CARTESIAN_POINT ( 'NONE',  ( 5.750002459999993043, 3.209904510000012756, 42.05217851000001161 ) ) ;
#10 = CIRCLE ( 'NONE', #1133, 0.1329999999999999238 ) ;
#11 = CARTESIAN_POINT ( 'NONE',  ( 6.062502459999994819, 5.704904510000016415, 43.05217851000000451 ) ) ;
#12 = AXIS2_PLACEMENT_3D ( 'NONE', #1488, #321, #1032 ) ;
#13 = ORIENTED_EDGE ( 'NONE', *, *, #1236, .F. ) ;
#14 = FACE_OUTER_BOUND ( 'NONE', #331, .T. ) ;
#15 = EDGE_CURVE ( 'NONE', #29, #851, #1478, .T. ) ;
#16 = AXIS2_PLACEMENT_3D ( 'NONE', #1396, #1291, #1073 ) ;
#17 = DIRECTION ( 'NONE',  ( -1.000000000000000000, 0.000000000000000000, 0.000000000000000000 ) ) ;
#18 = CARTESIAN_POINT ( 'NONE',  ( 5.281252460000000148, 5.704904510000012863, 42.11467851000000451 ) ) ;
#19 = AXIS2_PLACEMENT_3D ( 'NONE', #585, #493, #21 ) ;
#20 = EDGE_LOOP ( 'NONE', ( #650, #1319, #222, #671 ) ) ;
#21 = DIRECTION ( 'NONE',  ( 0.000000000000000000, 0.000000000000000000, 1.000000000000000000 ) ) ;
#22 = ADVANCED_FACE ( 'NONE', ( #1097, #54 ), #520, .F. ) ;
#23 = SURFACE_STYLE_USAGE ( .BOTH. , #961 ) ;
#24 = ADVANCED_FACE ( 'NONE', ( #1238, #189, #1046 ), #105, .T. ) ;
#25 = EDGE_LOOP ( 'NONE', ( #1308, #570, #717, #1266 ) ) ;
#26 = CARTESIAN_POINT ( 'NONE',  ( 5.375002459999995708, 5.142404510000014639, 43.05217851000001161 ) ) ;
#27 = CIRCLE ( 'NONE', #880, 0.3750000000000002220 ) ;
#28 = DIRECTION ( 'NONE',  ( 1.000000000000000000, -0.000000000000000000, -0.000000000000000000 ) ) ;
#29 = VERTEX_POINT ( 'NONE', #917 ) ;
#30 = DIRECTION ( 'NONE',  ( -1.000000000000000000, 0.000000000000000000, 0.000000000000000000 ) ) ;
#31 = CARTESIAN_POINT ( 'NONE',  ( 5.437502459999998372, 5.704904510000016415, 43.55217851000001161 ) ) ;
#32 = ORIENTED_EDGE ( 'NONE', *, *, #1355, .T. ) ;
#33 = EDGE_CURVE ( 'NONE', #45, #1252, #824, .T. ) ;
#34 = CARTESIAN_POINT ( 'NONE',  ( 6.062502459999994819, 5.704904510000016415, 42.55217851000000451 ) ) ;
#35 = EDGE_LOOP ( 'NONE', ( #396, #110, #384, #779 ) ) ;
#36 = DIRECTION ( 'NONE',  ( 0.000000000000000000, 0.000000000000000000, 1.000000000000000000 ) ) ;
#37 =( LENGTH_UNIT ( ) NAMED_UNIT ( * ) SI_UNIT ( $, .METRE. ) );
#38 = AXIS2_PLACEMENT_3D ( 'NONE', #1128, #906, #446 ) ;
#39 = ORIENTED_EDGE ( 'NONE', *, *, #292, .F. ) ;
#40 = EDGE_CURVE ( 'NONE', #1075, #939, #784, .T. ) ;
#41 = DIRECTION ( 'NONE',  ( 1.000000000000000000, -0.000000000000000000, -0.000000000000000000 ) ) ;
#42 = EDGE_LOOP ( 'NONE', ( #1211, #1411, #163, #1014 ) ) ;
#43 = DIRECTION ( 'NONE',  ( 0.000000000000000000, -1.000000000000000000, 0.000000000000000000 ) ) ;
#44 = LINE ( 'NONE', #1112, #263 ) ;
#45 = VERTEX_POINT ( 'NONE', #566 ) ;
#46 = AXIS2_PLACEMENT_3D ( 'NONE', #226, #911, #78 ) ;
#47 = FACE_OUTER_BOUND ( 'NONE', #1195, .T. ) ;
#48 = VERTEX_POINT ( 'NONE', #335 ) ;
#49 = LINE ( 'NONE', #1203, #893 ) ;
#50 = ADVANCED_FACE ( 'NONE', ( #98 ), #1126, .F. ) ;
#51 = CONICAL_SURFACE ( 'NONE', #468, 0.4375000000000031641, 0.7853981633974252974 ) ;
#52 = ORIENTED_EDGE ( 'NONE', *, *, #1040, .F. ) ;
#53 = CARTESIAN_POINT ( 'NONE',  ( 5.750002459999993043, 3.459904510000012756, 42.18517851000000718 ) ) ;
#54 = FACE_OUTER_BOUND ( 'NONE', #310, .T. ) ;
#55 = LINE ( 'NONE', #184, #1273 ) ;
#56 = ORIENTED_EDGE ( 'NONE', *, *, #40, .F. ) ;
#57 = LINE ( 'NONE', #393, #1038 ) ;
#58 = EDGE_CURVE ( 'NONE', #1200, #506, #4, .T. ) ;
#59 = LINE ( 'NONE', #871, #317 ) ;
#60 = VECTOR ( 'NONE', #200, 39.37007874015748143 ) ;
#61 = ORIENTED_EDGE ( 'NONE', *, *, #1268, .T. ) ;
#62 = AXIS2_PLACEMENT_3D ( 'NONE', #323, #202, #1027 ) ;
#63 = CARTESIAN_POINT ( 'NONE',  ( 5.312502460000002813, 5.704904510000007534, 43.05217851000001161 ) ) ;
#64 = ORIENTED_EDGE ( 'NONE', *, *, #505, .F. ) ;
#65 = PLANE ( 'NONE',  #236 ) ;
#66 = LINE ( 'NONE', #1120, #1264 ) ;
#67 = ORIENTED_EDGE ( 'NONE', *, *, #1057, .F. ) ;
#68 = EDGE_CURVE ( 'NONE', #45, #370, #909, .T. ) ;
#69 = VECTOR ( 'NONE', #1174, 39.37007874015748143 ) ;
#70 = DIRECTION ( 'NONE',  ( 1.000000000000000000, -0.000000000000000000, -0.000000000000000000 ) ) ;
#71 = ORIENTED_EDGE ( 'NONE', *, *, #1322, .F. ) ;
#72 = DIRECTION ( 'NONE',  ( -1.000000000000000000, 0.000000000000000000, -0.000000000000000000 ) ) ;
#73 = VECTOR ( 'NONE', #1134, 39.37007874015748143 ) ;
#74 = CARTESIAN_POINT ( 'NONE',  ( 5.437502459999998372, 3.209904510000012756, 43.55217851000001161 ) ) ;
#75 = CARTESIAN_POINT ( 'NONE',  ( 6.125002459999994819, 6.204904510000015527, 43.55217851000001161 ) ) ;
#76 = VECTOR ( 'NONE', #443, 39.37007874015748854 ) ;
#77 = ADVANCED_FACE ( 'NONE', ( #206 ), #1401, .T. ) ;
#78 = DIRECTION ( 'NONE',  ( 0.000000000000000000, 0.000000000000000000, 1.000000000000000000 ) ) ;
#79 = EDGE_LOOP ( 'NONE', ( #972, #100, #434, #39, #748, #905 ) ) ;
#80 = CARTESIAN_POINT ( 'NONE',  ( 5.281252460000000148, 5.204904510000007534, 42.11467851000000451 ) ) ;
#81 = ORIENTED_EDGE ( 'NONE', *, *, #1102, .T. ) ;
#82 = DIRECTION ( 'NONE',  ( 1.000000000000000000, -0.000000000000000000, -0.000000000000000000 ) ) ;
#83 = VECTOR ( 'NONE', #385, 39.37007874015748143 ) ;
#84 = ORIENTED_EDGE ( 'NONE', *, *, #414, .T. ) ;
#85 = CONICAL_SURFACE ( 'NONE', #1377, 0.5624999999999915623, 0.7853981633974450594 ) ;
#86 = CARTESIAN_POINT ( 'NONE',  ( 5.375002459999995708, 3.397404510000013200, 42.30217851000000451 ) ) ;
#87 = EDGE_CURVE ( 'NONE', #424, #1005, #319, .T. ) ;
#88 = ORIENTED_EDGE ( 'NONE', *, *, #433, .T. ) ;
#89 = DIRECTION ( 'NONE',  ( -1.000000000000000000, 0.000000000000000000, 0.000000000000000000 ) ) ;
#90 = EDGE_LOOP ( 'NONE', ( #139, #211 ) ) ;
#91 = DIRECTION ( 'NONE',  ( 1.000000000000000000, -0.000000000000000000, -0.000000000000000000 ) ) ;
#92 = CARTESIAN_POINT ( 'NONE',  ( 6.125002459999994819, 0.000000000000000000, 42.61467851000001161 ) ) ;
#93 = EDGE_LOOP ( 'NONE', ( #896, #952, #868, #1229 ) ) ;
#94 = CARTESIAN_POINT ( 'NONE',  ( 5.437502459999995708, 5.267404510000007534, 42.55217851000000451 ) ) ;
#95 = ORIENTED_EDGE ( 'NONE', *, *, #516, .T. ) ;
#96 = AXIS2_PLACEMENT_3D ( 'NONE', #18, #950, #839 ) ;
#97 = DIRECTION ( 'NONE',  ( 1.000000000000000000, -0.000000000000000000, -0.000000000000000000 ) ) ;
#98 = FACE_OUTER_BOUND ( 'NONE', #144, .T. ) ;
#99 = CARTESIAN_POINT ( 'NONE',  ( 5.437502460000001925, 5.581750735130862395, 43.55217851000001161 ) ) ;
#100 = ORIENTED_EDGE ( 'NONE', *, *, #1003, .T. ) ;
#101 = CARTESIAN_POINT ( 'NONE',  ( 5.437502459999995708, 5.204904510000007534, 42.55217851000000451 ) ) ;
#102 = VERTEX_POINT ( 'NONE', #1493 ) ;
#103 = CARTESIAN_POINT ( 'NONE',  ( 5.218752460000001037, 5.204904510000007534, 42.55217851000000451 ) ) ;
#104 = ADVANCED_FACE ( 'NONE', ( #118 ), #272, .T. ) ;
#105 = PLANE ( 'NONE',  #513 ) ;
#106 = CARTESIAN_POINT ( 'NONE',  ( 5.281252460000000148, 5.267404510000007534, 42.11467851000000451 ) ) ;
#107 = VERTEX_POINT ( 'NONE', #1031 ) ;
#108 = CARTESIAN_POINT ( 'NONE',  ( 5.312502460000002813, 5.204904510000007534, 43.05217851000001161 ) ) ;
#109 = CIRCLE ( 'NONE', #62, 0.4375000000000031641 ) ;
#110 = ORIENTED_EDGE ( 'NONE', *, *, #742, .T. ) ;
#111 = DIRECTION ( 'NONE',  ( 0.000000000000000000, 0.000000000000000000, -1.000000000000000000 ) ) ;
#112 = DIRECTION ( 'NONE',  ( 0.000000000000000000, 0.000000000000000000, 1.000000000000000000 ) ) ;
#113 = CARTESIAN_POINT ( 'NONE',  ( 5.218752460000001037, 6.204904510000015527, 43.05217851000001161 ) ) ;
#114 = ADVANCED_FACE ( 'NONE', ( #1037 ), #1272, .F. ) ;
#115 = CARTESIAN_POINT ( 'NONE',  ( 5.750002459999993931, 3.209904510000012756, 41.67717851000001161 ) ) ;
#116 = ORIENTED_EDGE ( 'NONE', *, *, #829, .F. ) ;
#117 = DIRECTION ( 'NONE',  ( -0.000000000000000000, 1.000000000000000000, -0.000000000000000000 ) ) ;
#118 = FACE_OUTER_BOUND ( 'NONE', #955, .T. ) ;
#119 = CARTESIAN_POINT ( 'NONE',  ( 5.375002459999995708, 0.000000000000000000, 0.000000000000000000 ) ) ;
#120 = ADVANCED_FACE ( 'NONE', ( #691 ), #1502, .F. ) ;
#121 = CARTESIAN_POINT ( 'NONE',  ( 5.375002460000002813, 5.704904510000012863, 42.77092851000001161 ) ) ;
#122 = AXIS2_PLACEMENT_3D ( 'NONE', #215, #935, #112 ) ;
#123 = DIMENSIONAL_EXPONENTS ( 1.000000000000000000, 0.000000000000000000, 0.000000000000000000, 0.000000000000000000, 0.000000000000000000, 0.000000000000000000, 0.000000000000000000 ) ;
#124 = VERTEX_POINT ( 'NONE', #1140 ) ;
#125 = DIRECTION ( 'NONE',  ( -0.7071067811865475727, -0.7071067811865475727, 0.000000000000000000 ) ) ;
#126 = DIRECTION ( 'NONE',  ( 1.000000000000000000, -0.000000000000000000, 0.000000000000000000 ) ) ;
#127 = CARTESIAN_POINT ( 'NONE',  ( 6.125002459999994819, 5.704904510000012863, 43.18517851000001428 ) ) ;
#128 = CARTESIAN_POINT ( 'NONE',  ( 6.125002459999994819, 5.704904510000007534, 43.05217851000001161 ) ) ;
#129 = EDGE_CURVE ( 'NONE', #412, #1424, #1131, .T. ) ;
#130 = ORIENTED_EDGE ( 'NONE', *, *, #657, .F. ) ;
#131 = CARTESIAN_POINT ( 'NONE',  ( 5.750002459999993043, 3.459904510000012756, 42.05217851000001161 ) ) ;
#132 = EDGE_CURVE ( 'NONE', #102, #1241, #1397, .T. ) ;
#133 = VECTOR ( 'NONE', #1417, 39.37007874015748143 ) ;
#134 = FILL_AREA_STYLE ('',( #1063 ) ) ;
#135 = ORIENTED_EDGE ( 'NONE', *, *, #141, .T. ) ;
#136 = CARTESIAN_POINT ( 'NONE',  ( 6.125002459999994819, 3.209904510000012756, 41.67717851000001161 ) ) ;
#137 = CARTESIAN_POINT ( 'NONE',  ( 5.437502459999995708, 3.459904510000012756, 42.05217851000001161 ) ) ;
#138 = AXIS2_PLACEMENT_3D ( 'NONE', #627, #1306, #259 ) ;
#139 = ORIENTED_EDGE ( 'NONE', *, *, #1398, .F. ) ;
#140 = CARTESIAN_POINT ( 'NONE',  ( 6.125002459999994819, 3.709904510000012756, 42.30217851000000451 ) ) ;
#141 = EDGE_CURVE ( 'NONE', #237, #194, #391, .T. ) ;
#142 = VECTOR ( 'NONE', #689, 39.37007874015748143 ) ;
#143 = LINE ( 'NONE', #149, #605 ) ;
#144 = EDGE_LOOP ( 'NONE', ( #1220, #688, #1202, #1282 ) ) ;
#145 = VECTOR ( 'NONE', #808, 39.37007874015748854 ) ;
#146 = CARTESIAN_POINT ( 'NONE',  ( 5.750002459999993043, 3.209904510000012756, 41.91917851000000894 ) ) ;
#147 = VERTEX_POINT ( 'NONE', #1167 ) ;
#148 = FACE_OUTER_BOUND ( 'NONE', #1500, .T. ) ;
#149 = CARTESIAN_POINT ( 'NONE',  ( 5.375002459999995708, 3.397404510000013200, 42.05217851000001161 ) ) ;
#150 = EDGE_CURVE ( 'NONE', #392, #584, #1054, .T. ) ;
#151 = VERTEX_POINT ( 'NONE', #31 ) ;
#152 = LINE ( 'NONE', #162, #733 ) ;
#153 = AXIS2_PLACEMENT_3D ( 'NONE', #749, #1340, #280 ) ;
#154 = EDGE_LOOP ( 'NONE', ( #1215, #1353, #95, #227 ) ) ;
#155 = AXIS2_PLACEMENT_3D ( 'NONE', #119, #17, #573 ) ;
#156 = LINE ( 'NONE', #1087, #183 ) ;
#157 = PLANE ( 'NONE',  #138 ) ;
#158 = VECTOR ( 'NONE', #1137, 39.37007874015748143 ) ;
#159 = ORIENTED_EDGE ( 'NONE', *, *, #690, .T. ) ;
#160 = CARTESIAN_POINT ( 'NONE',  ( 0.000000000000000000, 0.000000000000000000, 0.000000000000000000 ) ) ;
#161 = EDGE_CURVE ( 'NONE', #1506, #1129, #857, .T. ) ;
#162 = CARTESIAN_POINT ( 'NONE',  ( 6.125002459999994819, 3.397404510000013200, 0.000000000000000000 ) ) ;
#163 = ORIENTED_EDGE ( 'NONE', *, *, #1162, .T. ) ;
#164 = FACE_OUTER_BOUND ( 'NONE', #35, .T. ) ;
#165 = DIRECTION ( 'NONE',  ( -0.7071067811865412445, 0.000000000000000000, -0.7071067811865536790 ) ) ;
#166 = ORIENTED_EDGE ( 'NONE', *, *, #1486, .F. ) ;
#167 =( NAMED_UNIT ( * ) SI_UNIT ( $, .STERADIAN. ) SOLID_ANGLE_UNIT ( ) );
#168 = VECTOR ( 'NONE', #860, 39.37007874015748143 ) ;
#169 = DIRECTION ( 'NONE',  ( 0.000000000000000000, 0.000000000000000000, -1.000000000000000000 ) ) ;
#170 = EDGE_CURVE ( 'NONE', #851, #997, #360, .T. ) ;
#171 = ORIENTED_EDGE ( 'NONE', *, *, #919, .T. ) ;
#172 = LINE ( 'NONE', #768, #938 ) ;
#173 = CARTESIAN_POINT ( 'NONE',  ( 6.125002459999994819, 3.709904510000012756, 42.61467851000000451 ) ) ;
#174 = LINE ( 'NONE', #74, #1505 ) ;
#175 = DIRECTION ( 'NONE',  ( -0.7071067811865474617, 0.7071067811865474617, 0.000000000000000000 ) ) ;
#176 = ORIENTED_EDGE ( 'NONE', *, *, #994, .F. ) ;
#177 = CARTESIAN_POINT ( 'NONE',  ( 6.125002459999994819, 3.209904510000012756, 43.55217851000001161 ) ) ;
#178 = EDGE_CURVE ( 'NONE', #1250, #302, #143, .T. ) ;
#179 = DIRECTION ( 'NONE',  ( -1.000000000000000000, 0.000000000000000000, 0.000000000000000000 ) ) ;
#180 = EDGE_CURVE ( 'NONE', #1035, #1506, #852, .T. ) ;
#181 = ORIENTED_EDGE ( 'NONE', *, *, #516, .F. ) ;
#182 = MANIFOLD_SOLID_BREP ( 'Chamfer2', #1360 ) ;
#183 = VECTOR ( 'NONE', #1110, 39.37007874015748143 ) ;
#184 = CARTESIAN_POINT ( 'NONE',  ( 5.437502459999995708, 3.459904510000012756, 42.30217851000000451 ) ) ;
#185 = ORIENTED_EDGE ( 'NONE', *, *, #707, .F. ) ;
#186 = FACE_OUTER_BOUND ( 'NONE', #1345, .T. ) ;
#187 = DIRECTION ( 'NONE',  ( 1.000000000000000000, -0.000000000000000000, -0.000000000000000000 ) ) ;
#188 =( GEOMETRIC_REPRESENTATION_CONTEXT ( 3 ) GLOBAL_UNCERTAINTY_ASSIGNED_CONTEXT ( ( #576 ) ) GLOBAL_UNIT_ASSIGNED_CONTEXT ( ( #1069, #488, #275 ) ) REPRESENTATION_CONTEXT ( 'NONE', 'WORKASPACE' ) );
#189 = FACE_BOUND ( 'NONE', #1184, .T. ) ;
#190 = LINE ( 'NONE', #1025, #413 ) ;
#191 = ORIENTED_EDGE ( 'NONE', *, *, #1503, .F. ) ;
#192 = LINE ( 'NONE', #1474, #1183 ) ;
#193 = UNCERTAINTY_MEASURE_WITH_UNIT (LENGTH_MEASURE( 1.000000000000000082E-05 ), #233, 'distance_accuracy_value', 'NONE');
#194 = VERTEX_POINT ( 'NONE', #502 ) ;
#195 = FACE_OUTER_BOUND ( 'NONE', #1378, .T. ) ;
#196 = CIRCLE ( 'NONE', #1366, 0.3124999999999972800 ) ;
#197 = ORIENTED_EDGE ( 'NONE', *, *, #1287, .F. ) ;
#198 = AXIS2_PLACEMENT_3D ( 'NONE', #1147, #814, #449 ) ;
#199 = EDGE_CURVE ( 'NONE', #1105, #939, #1205, .T. ) ;
#200 = DIRECTION ( 'NONE',  ( -1.000000000000000000, -0.000000000000000000, -0.000000000000000000 ) ) ;
#201 = VERTEX_POINT ( 'NONE', #947 ) ;
#202 = DIRECTION ( 'NONE',  ( 1.000000000000000000, -0.000000000000000000, -0.000000000000000000 ) ) ;
#203 = ORIENTED_EDGE ( 'NONE', *, *, #497, .T. ) ;
#204 = CARTESIAN_POINT ( 'NONE',  ( 5.343752460000001037, 6.079904510000015527, 42.72145959611692945 ) ) ;
#205 = VECTOR ( 'NONE', #474, 39.37007874015748143 ) ;
#206 = FACE_OUTER_BOUND ( 'NONE', #25, .T. ) ;
#207 = CIRCLE ( 'NONE', #1496, 0.1329999999999999238 ) ;
#208 = CYLINDRICAL_SURFACE ( 'NONE', #644, 0.4999999999999973910 ) ;
#209 = CONICAL_SURFACE ( 'NONE', #402, 0.3124999999999972800, 0.7853981633974729260 ) ;
#210 = ADVANCED_FACE ( 'NONE', ( #969 ), #954, .F. ) ;
#211 = ORIENTED_EDGE ( 'NONE', *, *, #1178, .F. ) ;
#212 = LINE ( 'NONE', #913, #1380 ) ;
#213 = VERTEX_POINT ( 'NONE', #1408 ) ;
#214 = DIRECTION ( 'NONE',  ( 0.000000000000000000, 0.000000000000000000, 1.000000000000000000 ) ) ;
#215 = CARTESIAN_POINT ( 'NONE',  ( 5.375002459999995708, 3.709904510000012756, 42.30217851000000451 ) ) ;
#216 = AXIS2_PLACEMENT_3D ( 'NONE', #916, #1390, #345 ) ;
#217 = LINE ( 'NONE', #542, #73 ) ;
#218 = AXIS2_PLACEMENT_3D ( 'NONE', #1363, #97, #111 ) ;
#219 = ORIENTED_EDGE ( 'NONE', *, *, #676, .F. ) ;
#220 = DIRECTION ( 'NONE',  ( 0.7071067811865660024, 0.7071067811865289210, 0.000000000000000000 ) ) ;
#221 = PRODUCT_DEFINITION ( 'UNKNOWN', '', #941, #1370 ) ;
#222 = ORIENTED_EDGE ( 'NONE', *, *, #199, .T. ) ;
#223 = VECTOR ( 'NONE', #1164, 39.37007874015748143 ) ;
#224 = DIRECTION ( 'NONE',  ( 1.000000000000000000, -0.000000000000000000, -0.000000000000000000 ) ) ;
#225 = CARTESIAN_POINT ( 'NONE',  ( 6.125002459999994819, 0.000000000000000000, 43.48967851000001161 ) ) ;
#226 = CARTESIAN_POINT ( 'NONE',  ( 5.218752460000001037, 5.704904510000007534, 42.11467851000000451 ) ) ;
#227 = ORIENTED_EDGE ( 'NONE', *, *, #421, .F. ) ;
#228 = PLANE ( 'NONE',  #258 ) ;
#229 = ORIENTED_EDGE ( 'NONE', *, *, #1265, .F. ) ;
#230 = DIRECTION ( 'NONE',  ( 1.000000000000000000, -0.000000000000000000, -0.000000000000000000 ) ) ;
#231 = ADVANCED_FACE ( 'NONE', ( #741, #366 ), #372, .F. ) ;
#232 = DIRECTION ( 'NONE',  ( -1.000000000000000000, -0.000000000000000000, -0.000000000000000000 ) ) ;
#233 =( CONVERSION_BASED_UNIT ( 'INCH', #816 ) LENGTH_UNIT ( ) NAMED_UNIT ( #123 ) );
#234 = ORIENTED_EDGE ( 'NONE', *, *, #874, .T. ) ;
#235 = CYLINDRICAL_SURFACE ( 'NONE', #96, 0.1406000000000034167 ) ;
#236 = AXIS2_PLACEMENT_3D ( 'NONE', #530, #43, #507 ) ;
#237 = VERTEX_POINT ( 'NONE', #735 ) ;
#238 = LINE ( 'NONE', #1015, #142 ) ;
#239 = DIRECTION ( 'NONE',  ( 1.000000000000000000, -0.000000000000000000, -0.000000000000000000 ) ) ;
#240 = CARTESIAN_POINT ( 'NONE',  ( 5.031252460000002813, 5.204904510000007534, 43.05217851000001161 ) ) ;
#241 = DIRECTION ( 'NONE',  ( -1.000000000000000000, -0.000000000000000000, 0.000000000000000000 ) ) ;
#242 = ORIENTED_EDGE ( 'NONE', *, *, #132, .F. ) ;
#243 = CARTESIAN_POINT ( 'NONE',  ( 5.031252460000002813, 5.204904510000007534, 42.11467851000000451 ) ) ;
#244 = VECTOR ( 'NONE', #635, 39.37007874015748143 ) ;
#245 = LINE ( 'NONE', #1088, #654 ) ;
#246 = ADVANCED_FACE ( 'NONE', ( #1433 ), #157, .T. ) ;
#247 = DIRECTION ( 'NONE',  ( 0.000000000000000000, 0.000000000000000000, -1.000000000000000000 ) ) ;
#248 = AXIS2_PLACEMENT_3D ( 'NONE', #524, #991, #1214 ) ;
#249 = EDGE_CURVE ( 'NONE', #1458, #1035, #245, .T. ) ;
#250 = FACE_OUTER_BOUND ( 'NONE', #907, .T. ) ;
#251 = ORIENTED_EDGE ( 'NONE', *, *, #342, .T. ) ;
#252 = CARTESIAN_POINT ( 'NONE',  ( 5.437502459999998372, 3.209904510000012756, 43.55217851000001161 ) ) ;
#253 = FACE_OUTER_BOUND ( 'NONE', #1136, .T. ) ;
#254 = LINE ( 'NONE', #722, #1484 ) ;
#255 = EDGE_CURVE ( 'NONE', #1241, #370, #1190, .T. ) ;
#256 = ORIENTED_EDGE ( 'NONE', *, *, #1483, .F. ) ;
#257 = LINE ( 'NONE', #828, #1446 ) ;
#258 = AXIS2_PLACEMENT_3D ( 'NONE', #694, #1158, #1251 ) ;
#259 = DIRECTION ( 'NONE',  ( 0.000000000000000000, -1.000000000000000000, 0.000000000000000000 ) ) ;
#260 = ORIENTED_EDGE ( 'NONE', *, *, #453, .T. ) ;
#261 = DIRECTION ( 'NONE',  ( 0.000000000000000000, 0.000000000000000000, 1.000000000000000000 ) ) ;
#262 = DIRECTION ( 'NONE',  ( -1.000000000000000000, 0.000000000000000000, 0.000000000000000000 ) ) ;
#263 = VECTOR ( 'NONE', #1096, 39.37007874015748143 ) ;
#264 = ORIENTED_EDGE ( 'NONE', *, *, #948, .T. ) ;
#265 = DIRECTION ( 'NONE',  ( -0.5773502691896156280, 0.5773502691896156280, 0.5773502691896458261 ) ) ;
#266 = EDGE_CURVE ( 'NONE', #1252, #213, #174, .T. ) ;
#267 = CONICAL_SURFACE ( 'NONE', #999, 0.3124999999999972800, 0.7853981633974466137 ) ;
#268 = DIRECTION ( 'NONE',  ( 0.000000000000000000, -0.000000000000000000, 1.000000000000000000 ) ) ;
#269 = EDGE_LOOP ( 'NONE', ( #527, #1127, #894, #510 ) ) ;
#270 = CIRCLE ( 'NONE', #1170, 0.4999999999999973910 ) ;
#271 = CARTESIAN_POINT ( 'NONE',  ( 6.062502459999994819, 3.459904510000012756, 42.30217851000000451 ) ) ;
#272 = CONICAL_SURFACE ( 'NONE', #539, 0.5625000000000003331, 0.7853981633974362886 ) ;
#273 = ORIENTED_EDGE ( 'NONE', *, *, #1189, .T. ) ;
#274 = FACE_OUTER_BOUND ( 'NONE', #1482, .T. ) ;
#275 =( NAMED_UNIT ( * ) SI_UNIT ( $, .STERADIAN. ) SOLID_ANGLE_UNIT ( ) );
#276 = EDGE_CURVE ( 'NONE', #1405, #1005, #66, .T. ) ;
#277 = ORIENTED_EDGE ( 'NONE', *, *, #1061, .F. ) ;
#278 = CARTESIAN_POINT ( 'NONE',  ( 6.125002459999994819, 5.704904510000012863, 42.77092851000001161 ) ) ;
#279 = VERTEX_POINT ( 'NONE', #518 ) ;
#280 = DIRECTION ( 'NONE',  ( -6.993530863780574582E-15, 0.000000000000000000, -1.000000000000000000 ) ) ;
#281 = DIRECTION ( 'NONE',  ( -0.000000000000000000, 1.000000000000000000, -0.000000000000000000 ) ) ;
#282 = VERTEX_POINT ( 'NONE', #633 ) ;
#283 = EDGE_CURVE ( 'NONE', #315, #1399, #1007, .T. ) ;
#284 = DIRECTION ( 'NONE',  ( 0.000000000000000000, -1.000000000000000000, 0.000000000000000000 ) ) ;
#285 = ORIENTED_EDGE ( 'NONE', *, *, #1279, .F. ) ;
#286 = DIRECTION ( 'NONE',  ( 0.000000000000000000, -1.000000000000000000, 0.000000000000000000 ) ) ;
#287 = FACE_OUTER_BOUND ( 'NONE', #887, .T. ) ;
#288 = ORIENTED_EDGE ( 'NONE', *, *, #178, .F. ) ;
#289 = EDGE_CURVE ( 'NONE', #1497, #1469, #336, .T. ) ;
#290 = AXIS2_PLACEMENT_3D ( 'NONE', #1451, #875, #558 ) ;
#291 = CARTESIAN_POINT ( 'NONE',  ( 5.375002460000002813, 5.704904510000012863, 43.05217851000001161 ) ) ;
#292 = EDGE_CURVE ( 'NONE', #437, #548, #44, .T. ) ;
#293 = ORIENTED_EDGE ( 'NONE', *, *, #690, .F. ) ;
#294 = DIRECTION ( 'NONE',  ( 0.7071067811865474617, 0.7071067811865474617, 0.000000000000000000 ) ) ;
#295 = CARTESIAN_POINT ( 'NONE',  ( 5.375002459999995708, 3.709904510000012756, 42.30217851000000451 ) ) ;
#296 = EDGE_LOOP ( 'NONE', ( #1465, #1138, #861, #1122 ) ) ;
#297 = DIRECTION ( 'NONE',  ( 0.000000000000000000, 0.000000000000000000, -1.000000000000000000 ) ) ;
#298 = ORIENTED_EDGE ( 'NONE', *, *, #87, .T. ) ;
#299 = LINE ( 'NONE', #862, #353 ) ;
#300 = EDGE_CURVE ( 'NONE', #1095, #858, #401, .T. ) ;
#301 = DIRECTION ( 'NONE',  ( 0.000000000000000000, 0.000000000000000000, -1.000000000000000000 ) ) ;
#302 = VERTEX_POINT ( 'NONE', #984 ) ;
#303 = VECTOR ( 'NONE', #89, 39.37007874015748143 ) ;
#304 = LINE ( 'NONE', #789, #1470 ) ;
#305 = ORIENTED_EDGE ( 'NONE', *, *, #87, .F. ) ;
#306 = DIRECTION ( 'NONE',  ( 0.000000000000000000, 0.000000000000000000, -1.000000000000000000 ) ) ;
#307 = ORIENTED_EDGE ( 'NONE', *, *, #266, .T. ) ;
#308 = EDGE_CURVE ( 'NONE', #412, #1129, #1416, .T. ) ;
#309 = CARTESIAN_POINT ( 'NONE',  ( 6.062502459999994819, 5.704904510000016415, 43.55217851000001161 ) ) ;
#310 = EDGE_LOOP ( 'NONE', ( #416, #1350, #1327, #993, #264, #1311 ) ) ;
#311 = DIRECTION ( 'NONE',  ( -0.7071067811865475727, -0.7071067811865475727, 0.000000000000000000 ) ) ;
#312 = AXIS2_PLACEMENT_3D ( 'NONE', #376, #356, #1410 ) ;
#313 = VERTEX_POINT ( 'NONE', #508 ) ;
#314 = CYLINDRICAL_SURFACE ( 'NONE', #38, 0.2500000000000030531 ) ;
#315 = VERTEX_POINT ( 'NONE', #1347 ) ;
#316 = DIRECTION ( 'NONE',  ( 0.000000000000000000, 0.000000000000000000, -1.000000000000000000 ) ) ;
#317 = VECTOR ( 'NONE', #395, 39.37007874015748143 ) ;
#318 = CARTESIAN_POINT ( 'NONE',  ( 5.375002460000002813, 5.704904510000012863, 43.05217851000001161 ) ) ;
#319 = CIRCLE ( 'NONE', #198, 0.3750000000000002220 ) ;
#320 = EDGE_CURVE ( 'NONE', #1105, #1315, #977, .T. ) ;
#321 = DIRECTION ( 'NONE',  ( 0.000000000000000000, -1.000000000000000000, 0.000000000000000000 ) ) ;
#322 = ORIENTED_EDGE ( 'NONE', *, *, #328, .F. ) ;
#323 = CARTESIAN_POINT ( 'NONE',  ( 5.281252460000000148, 5.704904510000007534, 42.11467851000000451 ) ) ;
#324 = VERTEX_POINT ( 'NONE', #53 ) ;
#325 = CARTESIAN_POINT ( 'NONE',  ( 5.375002459999995708, 3.209904510000012756, 42.05217851000001161 ) ) ;
#326 = DIRECTION ( 'NONE',  ( 0.000000000000000000, 0.000000000000000000, 1.000000000000000000 ) ) ;
#327 = AXIS2_PLACEMENT_3D ( 'NONE', #1263, #70, #551 ) ;
#328 = EDGE_CURVE ( 'NONE', #1117, #1200, #1447, .T. ) ;
#329 = DIRECTION ( 'NONE',  ( 1.000000000000000000, 0.000000000000000000, 0.000000000000000000 ) ) ;
#330 = AXIS2_PLACEMENT_3D ( 'NONE', #538, #1093, #990 ) ;
#331 = EDGE_LOOP ( 'NONE', ( #529, #924, #827, #293, #604 ) ) ;
#332 = LINE ( 'NONE', #101, #158 ) ;
#333 = ORIENTED_EDGE ( 'NONE', *, *, #178, .T. ) ;
#334 = CARTESIAN_POINT ( 'NONE',  ( 6.125002459999994819, 5.704904510000012863, 43.05217851000001161 ) ) ;
#335 = CARTESIAN_POINT ( 'NONE',  ( 5.375002460000002813, 5.704904510000012863, 43.33342851000001161 ) ) ;
#336 = CIRCLE ( 'NONE', #531, 0.5624999999999915623 ) ;
#337 = DIRECTION ( 'NONE',  ( 1.000000000000000000, 0.000000000000000000, 0.000000000000000000 ) ) ;
#338 = VECTOR ( 'NONE', #908, 39.37007874015748854 ) ;
#339 = ORIENTED_EDGE ( 'NONE', *, *, #170, .F. ) ;
#340 = CARTESIAN_POINT ( 'NONE',  ( 5.031252460000002813, 5.704904510000016415, 42.11467851000000451 ) ) ;
#341 = APPLICATION_CONTEXT ( 'automotive_design' ) ;
#342 = EDGE_CURVE ( 'NONE', #213, #424, #59, .T. ) ;
#343 = ORIENTED_EDGE ( 'NONE', *, *, #811, .F. ) ;
#344 = CIRCLE ( 'NONE', #1194, 0.4999999999999973910 ) ;
#345 = DIRECTION ( 'NONE',  ( 0.000000000000000000, 0.000000000000000000, 1.000000000000000000 ) ) ;
#346 = DIRECTION ( 'NONE',  ( -0.000000000000000000, 1.000000000000000000, -0.000000000000000000 ) ) ;
#347 = ORIENTED_EDGE ( 'NONE', *, *, #554, .F. ) ;
#348 = CARTESIAN_POINT ( 'NONE',  ( 6.125002459999994819, 3.709904510000012756, 42.61467851000000451 ) ) ;
#349 = ORIENTED_EDGE ( 'NONE', *, *, #1355, .F. ) ;
#350 = LINE ( 'NONE', #1067, #1072 ) ;
#351 = ADVANCED_FACE ( 'NONE', ( #1336, #287 ), #757, .F. ) ;
#352 = DIRECTION ( 'NONE',  ( 0.000000000000000000, 0.000000000000000000, 1.000000000000000000 ) ) ;
#353 = VECTOR ( 'NONE', #286, 39.37007874015748143 ) ;
#354 = VECTOR ( 'NONE', #949, 39.37007874015748143 ) ;
#355 = CARTESIAN_POINT ( 'NONE',  ( 6.125002459999994819, 5.704904510000012863, 43.33342851000001161 ) ) ;
#356 = DIRECTION ( 'NONE',  ( 1.000000000000000000, 0.000000000000000000, 0.000000000000000000 ) ) ;
#357 = ORIENTED_EDGE ( 'NONE', *, *, #899, .T. ) ;
#358 = CARTESIAN_POINT ( 'NONE',  ( 6.062502459999994819, 3.459904510000012756, 41.67717851000001161 ) ) ;
#359 = ADVANCED_FACE ( 'NONE', ( #195 ), #51, .T. ) ;
#360 = LINE ( 'NONE', #475, #1043 ) ;
#361 = DIRECTION ( 'NONE',  ( -1.000000000000000000, 0.000000000000000000, 0.000000000000000000 ) ) ;
#362 = CARTESIAN_POINT ( 'NONE',  ( 6.125002459999994819, 5.704904510000012863, 43.05217851000001161 ) ) ;
#363 = VERTEX_POINT ( 'NONE', #173 ) ;
#364 = CARTESIAN_POINT ( 'NONE',  ( 5.343752460000001925, 6.204904510000015527, 42.55217851000000451 ) ) ;
#365 = AXIS2_PLACEMENT_3D ( 'NONE', #504, #284, #511 ) ;
#366 = FACE_OUTER_BOUND ( 'NONE', #1337, .T. ) ;
#367 = DIRECTION ( 'NONE',  ( 0.000000000000000000, 0.000000000000000000, -1.000000000000000000 ) ) ;
#368 = EDGE_CURVE ( 'NONE', #392, #1250, #196, .T. ) ;
#369 = FACE_OUTER_BOUND ( 'NONE', #42, .T. ) ;
#370 = VERTEX_POINT ( 'NONE', #309 ) ;
#371 = DIRECTION ( 'NONE',  ( 1.000000000000000000, -0.000000000000000000, -0.000000000000000000 ) ) ;
#372 = PLANE ( 'NONE',  #1239 ) ;
#373 = ORIENTED_EDGE ( 'NONE', *, *, #342, .F. ) ;
#374 = FACE_OUTER_BOUND ( 'NONE', #1002, .T. ) ;
#375 = ADVANCED_FACE ( 'NONE', ( #640 ), #777, .T. ) ;
#376 = CARTESIAN_POINT ( 'NONE',  ( 5.343752460000001925, 5.704904510000016415, 43.05217851000000451 ) ) ;
#377 = ORIENTED_EDGE ( 'NONE', *, *, #734, .T. ) ;
#378 = DIRECTION ( 'NONE',  ( 0.000000000000000000, -1.000000000000000000, 0.000000000000000000 ) ) ;
#379 = VECTOR ( 'NONE', #973, 39.37007874015748143 ) ;
#380 = SURFACE_STYLE_FILL_AREA ( #134 ) ;
#381 = ORIENTED_EDGE ( 'NONE', *, *, #1011, .T. ) ;
#382 = CARTESIAN_POINT ( 'NONE',  ( 5.750002459999996596, 3.397404510000013200, 42.05217851000001161 ) ) ;
#383 = STYLED_ITEM ( 'NONE', ( #494 ), #182 ) ;
#384 = ORIENTED_EDGE ( 'NONE', *, *, #33, .F. ) ;
#385 = DIRECTION ( 'NONE',  ( 0.7547095802227722361, 8.034405899049450101E-17, 0.6560590289905070538 ) ) ;
#386 = EDGE_CURVE ( 'NONE', #282, #1458, #661, .T. ) ;
#387 = LENGTH_MEASURE_WITH_UNIT ( LENGTH_MEASURE( 0.02539999999999999897 ), #37 );
#388 = ORIENTED_EDGE ( 'NONE', *, *, #1048, .T. ) ;
#389 = DIRECTION ( 'NONE',  ( 0.000000000000000000, 0.000000000000000000, 1.000000000000000000 ) ) ;
#390 = VECTOR ( 'NONE', #1253, 39.37007874015748143 ) ;
#391 = CIRCLE ( 'NONE', #1323, 0.1406000000000034167 ) ;
#392 = VERTEX_POINT ( 'NONE', #1454 ) ;
#393 = CARTESIAN_POINT ( 'NONE',  ( 6.125002459999994819, 3.459904510000012756, 42.30217851000000451 ) ) ;
#394 = EDGE_CURVE ( 'NONE', #279, #548, #1098, .T. ) ;
#395 = DIRECTION ( 'NONE',  ( -0.000000000000000000, -0.000000000000000000, -1.000000000000000000 ) ) ;
#396 = ORIENTED_EDGE ( 'NONE', *, *, #1061, .T. ) ;
#397 = CARTESIAN_POINT ( 'NONE',  ( 6.062502459999991267, 3.459904510000012756, 42.05217851000001161 ) ) ;
#398 = VECTOR ( 'NONE', #953, 39.37007874015748143 ) ;
#399 = ORIENTED_EDGE ( 'NONE', *, *, #753, .T. ) ;
#400 = DIRECTION ( 'NONE',  ( 1.000000000000000000, -0.000000000000000000, -0.000000000000000000 ) ) ;
#401 = LINE ( 'NONE', #532, #713 ) ;
#402 = AXIS2_PLACEMENT_3D ( 'NONE', #1150, #1258, #306 ) ;
#403 = ADVANCED_FACE ( 'NONE', ( #764 ), #1477, .T. ) ;
#404 = CARTESIAN_POINT ( 'NONE',  ( 5.343752460000001925, 5.704904510000016415, 42.55217851000000451 ) ) ;
#405 = APPLICATION_PROTOCOL_DEFINITION ( 'draft international standard', 'automotive_design', 1998, #341 ) ;
#406 = EDGE_CURVE ( 'NONE', #237, #147, #805, .T. ) ;
#407 = DIRECTION ( 'NONE',  ( 0.000000000000000000, 0.000000000000000000, 1.000000000000000000 ) ) ;
#408 = ORIENTED_EDGE ( 'NONE', *, *, #790, .T. ) ;
#409 = DIRECTION ( 'NONE',  ( -0.7071067811865412445, 0.000000000000000000, -0.7071067811865536790 ) ) ;
#410 = CARTESIAN_POINT ( 'NONE',  ( 5.031252460000002813, 5.704904510000016415, 43.05217851000001161 ) ) ;
#411 = CIRCLE ( 'NONE', #680, 0.3124999999999972800 ) ;
#412 = VERTEX_POINT ( 'NONE', #204 ) ;
#413 = VECTOR ( 'NONE', #684, 39.37007874015748143 ) ;
#414 = EDGE_CURVE ( 'NONE', #560, #201, #1021, .T. ) ;
#415 = CYLINDRICAL_SURFACE ( 'NONE', #758, 0.4999999999999973910 ) ;
#416 = ORIENTED_EDGE ( 'NONE', *, *, #161, .T. ) ;
#417 = LINE ( 'NONE', #1212, #1403 ) ;
#418 = CARTESIAN_POINT ( 'NONE',  ( 5.302127970394102441, 6.121528999605914123, 42.70600572688692864 ) ) ;
#419 = EDGE_LOOP ( 'NONE', ( #159, #171, #1207, #479, #1083, #665 ) ) ;
#420 = DIRECTION ( 'NONE',  ( 0.000000000000000000, -1.000000000000000000, 0.000000000000000000 ) ) ;
#421 = EDGE_CURVE ( 'NONE', #194, #124, #1286, .T. ) ;
#422 = ORIENTED_EDGE ( 'NONE', *, *, #300, .F. ) ;
#423 = DIRECTION ( 'NONE',  ( 1.000000000000000000, -0.000000000000000000, -0.000000000000000000 ) ) ;
#424 = VERTEX_POINT ( 'NONE', #325 ) ;
#425 = CARTESIAN_POINT ( 'NONE',  ( 5.322964027760459516, 6.100692942239558825, 42.71360230728082286 ) ) ;
#426 = ORIENTED_EDGE ( 'NONE', *, *, #1322, .T. ) ;
#427 = VECTOR ( 'NONE', #1013, 39.37007874015748143 ) ;
#428 = DIRECTION ( 'NONE',  ( 0.000000000000000000, 0.000000000000000000, 1.000000000000000000 ) ) ;
#429 = ORIENTED_EDGE ( 'NONE', *, *, #266, .F. ) ;
#430 = LINE ( 'NONE', #569, #454 ) ;
#431 = ORIENTED_EDGE ( 'NONE', *, *, #1209, .F. ) ;
#432 = CARTESIAN_POINT ( 'NONE',  ( 5.750002459999993931, 3.459904510000012756, 41.73967851000001161 ) ) ;
#433 = EDGE_CURVE ( 'NONE', #194, #237, #441, .T. ) ;
#434 = ORIENTED_EDGE ( 'NONE', *, *, #394, .T. ) ;
#435 = LINE ( 'NONE', #567, #145 ) ;
#436 = CIRCLE ( 'NONE', #1024, 0.5625000000000003331 ) ;
#437 = VERTEX_POINT ( 'NONE', #1382 ) ;
#438 = CARTESIAN_POINT ( 'NONE',  ( 5.312502460000002813, 5.204904510000007534, 42.61467851000001161 ) ) ;
#439 = ORIENTED_EDGE ( 'NONE', *, *, #698, .F. ) ;
#440 = DIRECTION ( 'NONE',  ( 0.000000000000000000, 0.000000000000000000, 1.000000000000000000 ) ) ;
#441 = CIRCLE ( 'NONE', #1321, 0.1406000000000034167 ) ;
#442 = EDGE_CURVE ( 'NONE', #1387, #1173, #1439, .T. ) ;
#443 = DIRECTION ( 'NONE',  ( 0.7071067811865289210, 0.000000000000000000, -0.7071067811865660024 ) ) ;
#444 = CARTESIAN_POINT ( 'NONE',  ( 5.437502459999998372, 3.209904510000012756, 43.55217851000001161 ) ) ;
#445 = ORIENTED_EDGE ( 'NONE', *, *, #161, .F. ) ;
#446 = DIRECTION ( 'NONE',  ( 0.000000000000000000, 0.000000000000000000, -1.000000000000000000 ) ) ;
#447 = ORIENTED_EDGE ( 'NONE', *, *, #15, .T. ) ;
#448 = CYLINDRICAL_SURFACE ( 'NONE', #216, 0.1329999999999999238 ) ;
#449 = DIRECTION ( 'NONE',  ( 0.000000000000000000, 0.000000000000000000, 1.000000000000000000 ) ) ;
#450 = AXIS2_PLACEMENT_3D ( 'NONE', #9, #477, #261 ) ;
#451 = EDGE_CURVE ( 'NONE', #967, #1469, #564, .T. ) ;
#452 = PLANE ( 'NONE',  #914 ) ;
#453 = EDGE_CURVE ( 'NONE', #124, #147, #1271, .T. ) ;
#454 = VECTOR ( 'NONE', #897, 39.37007874015748854 ) ;
#455 = ORIENTED_EDGE ( 'NONE', *, *, #591, .T. ) ;
#456 = CARTESIAN_POINT ( 'NONE',  ( 5.031252460000007254, 5.579904509999991546, 42.23967851000001161 ) ) ;
#457 = ORIENTED_EDGE ( 'NONE', *, *, #1313, .T. ) ;
#458 = CARTESIAN_POINT ( 'NONE',  ( 6.125002459999994819, 5.704904510000012863, 43.05217851000001161 ) ) ;
#459 = CARTESIAN_POINT ( 'NONE',  ( 5.262293894669349825, 6.161363075330667627, 42.81382492726879008 ) ) ;
#460 = MECHANICAL_DESIGN_GEOMETRIC_PRESENTATION_REPRESENTATION (  '', ( #383 ), #188 ) ;
#461 = DIRECTION ( 'NONE',  ( -0.000000000000000000, -0.000000000000000000, -1.000000000000000000 ) ) ;
#462 = EDGE_LOOP ( 'NONE', ( #562, #56 ) ) ;
#463 = FACE_OUTER_BOUND ( 'NONE', #980, .T. ) ;
#464 = ORIENTED_EDGE ( 'NONE', *, *, #320, .T. ) ;
#465 = AXIS2_PLACEMENT_3D ( 'NONE', #1218, #754, #407 ) ;
#466 = DIRECTION ( 'NONE',  ( 0.000000000000000000, 0.000000000000000000, -1.000000000000000000 ) ) ;
#467 = CARTESIAN_POINT ( 'NONE',  ( 5.750002459999993931, 3.459904510000012756, 42.05217851000001161 ) ) ;
#468 = AXIS2_PLACEMENT_3D ( 'NONE', #1467, #179, #975 ) ;
#469 = AXIS2_PLACEMENT_3D ( 'NONE', #1288, #1155, #572 ) ;
#470 = DIRECTION ( 'NONE',  ( 1.000000000000000000, -0.000000000000000000, -0.000000000000000000 ) ) ;
#471 = DIRECTION ( 'NONE',  ( 1.000000000000000000, -0.000000000000000000, -0.000000000000000000 ) ) ;
#472 = EDGE_CURVE ( 'NONE', #1173, #1387, #1456, .T. ) ;
#473 = ORIENTED_EDGE ( 'NONE', *, *, #983, .T. ) ;
#474 = DIRECTION ( 'NONE',  ( 0.000000000000000000, -1.000000000000000000, 0.000000000000000000 ) ) ;
#475 = CARTESIAN_POINT ( 'NONE',  ( 6.125002459999994819, 5.704904510000016415, 42.55217851000000451 ) ) ;
#476 = VECTOR ( 'NONE', #638, 39.37007874015748143 ) ;
#477 = DIRECTION ( 'NONE',  ( -0.000000000000000000, 1.000000000000000000, -0.000000000000000000 ) ) ;
#478 = CARTESIAN_POINT ( 'NONE',  ( 6.125002459999994819, 5.704904510000016415, 43.55217851000001161 ) ) ;
#479 = ORIENTED_EDGE ( 'NONE', *, *, #497, .F. ) ;
#480 = CARTESIAN_POINT ( 'NONE',  ( 6.125002459999994819, 0.000000000000000000, 42.61467851000001161 ) ) ;
#481 = EDGE_CURVE ( 'NONE', #1395, #637, #238, .T. ) ;
#482 = DIRECTION ( 'NONE',  ( 1.000000000000000000, -0.000000000000000000, -0.000000000000000000 ) ) ;
#483 = CARTESIAN_POINT ( 'NONE',  ( 6.062502459999994819, 6.204904510000015527, 42.55217851000000451 ) ) ;
#484 = CARTESIAN_POINT ( 'NONE',  ( 5.375002460000002813, 5.704904510000012863, 43.05217851000001161 ) ) ;
#485 = EDGE_LOOP ( 'NONE', ( #522, #982, #820, #631 ) ) ;
#486 = CARTESIAN_POINT ( 'NONE',  ( 5.437502459999995708, 3.709904510000012756, 42.55217851000000451 ) ) ;
#487 = CIRCLE ( 'NONE', #312, 0.4999999999999973910 ) ;
#488 =( NAMED_UNIT ( * ) PLANE_ANGLE_UNIT ( ) SI_UNIT ( $, .RADIAN. ) );
#489 = ADVANCED_FACE ( 'NONE', ( #571 ), #267, .T. ) ;
#490 = ORIENTED_EDGE ( 'NONE', *, *, #620, .F. ) ;
#491 = DIRECTION ( 'NONE',  ( 0.000000000000000000, 0.000000000000000000, -1.000000000000000000 ) ) ;
#492 = ORIENTED_EDGE ( 'NONE', *, *, #957, .F. ) ;
#493 = DIRECTION ( 'NONE',  ( 0.7071067811865475727, -0.7071067811865475727, 0.000000000000000000 ) ) ;
#494 = PRESENTATION_STYLE_ASSIGNMENT (( #23 ) ) ;
#495 = ORIENTED_EDGE ( 'NONE', *, *, #199, .F. ) ;
#496 = VECTOR ( 'NONE', #714, 39.37007874015748854 ) ;
#497 = EDGE_CURVE ( 'NONE', #1223, #921, #1501, .T. ) ;
#498 = DIRECTION ( 'NONE',  ( 0.000000000000000000, 0.000000000000000000, -1.000000000000000000 ) ) ;
#499 = ORIENTED_EDGE ( 'NONE', *, *, #919, .F. ) ;
#500 = CARTESIAN_POINT ( 'NONE',  ( 5.031252460000002813, 6.204904510000015527, 43.05217851000001161 ) ) ;
#501 = CIRCLE ( 'NONE', #649, 0.1329999999999999238 ) ;
#502 = CARTESIAN_POINT ( 'NONE',  ( 5.031252460000002813, 5.704904510000012863, 41.97407850999999823 ) ) ;
#503 = ORIENTED_EDGE ( 'NONE', *, *, #1113, .F. ) ;
#504 = CARTESIAN_POINT ( 'NONE',  ( 5.750002459999996596, 3.209904510000012756, 42.05217851000001161 ) ) ;
#505 = EDGE_CURVE ( 'NONE', #370, #915, #878, .T. ) ;
#506 = VERTEX_POINT ( 'NONE', #432 ) ;
#507 = DIRECTION ( 'NONE',  ( 0.000000000000000000, -0.000000000000000000, -1.000000000000000000 ) ) ;
#508 = CARTESIAN_POINT ( 'NONE',  ( 6.125002459999994819, 3.209904510000012756, 43.48967851000001161 ) ) ;
#509 = CIRCLE ( 'NONE', #46, 0.4999999999999973910 ) ;
#510 = ORIENTED_EDGE ( 'NONE', *, *, #292, .T. ) ;
#511 = DIRECTION ( 'NONE',  ( 0.000000000000000000, 0.000000000000000000, -1.000000000000000000 ) ) ;
#512 = VECTOR ( 'NONE', #1230, 39.37007874015748854 ) ;
#513 = AXIS2_PLACEMENT_3D ( 'NONE', #1365, #1262, #1511 ) ;
#514 = EDGE_LOOP ( 'NONE', ( #52, #1434, #426, #667 ) ) ;
#515 = FACE_OUTER_BOUND ( 'NONE', #1092, .T. ) ;
#516 = EDGE_CURVE ( 'NONE', #147, #124, #1192, .T. ) ;
#517 = ORIENTED_EDGE ( 'NONE', *, *, #983, .F. ) ;
#518 = CARTESIAN_POINT ( 'NONE',  ( 5.031252460000002813, 5.704904510000016415, 43.55217851000001161 ) ) ;
#519 = ADVANCED_FACE ( 'NONE', ( #1160 ), #1029, .F. ) ;
#520 = PLANE ( 'NONE',  #799 ) ;
#521 = FACE_BOUND ( 'NONE', #1132, .T. ) ;
#522 = ORIENTED_EDGE ( 'NONE', *, *, #883, .T. ) ;
#523 = DIRECTION ( 'NONE',  ( -0.000000000000000000, 1.000000000000000000, -0.000000000000000000 ) ) ;
#524 = CARTESIAN_POINT ( 'NONE',  ( 5.218752460000001037, 5.704904510000016415, 42.11467851000000451 ) ) ;
#525 = AXIS2_PLACEMENT_3D ( 'NONE', #1227, #423, #740 ) ;
#526 = ADVANCED_FACE ( 'NONE', ( #1492 ), #448, .F. ) ;
#527 = ORIENTED_EDGE ( 'NONE', *, *, #1030, .T. ) ;
#528 = DIRECTION ( 'NONE',  ( -1.000000000000000000, 0.000000000000000000, 0.000000000000000000 ) ) ;
#529 = ORIENTED_EDGE ( 'NONE', *, *, #974, .T. ) ;
#530 = CARTESIAN_POINT ( 'NONE',  ( 5.281252460000000148, 5.204904510000007534, 43.55217851000001161 ) ) ;
#531 = AXIS2_PLACEMENT_3D ( 'NONE', #664, #187, #648 ) ;
#532 = CARTESIAN_POINT ( 'NONE',  ( 5.750002459999993043, 3.459904510000012756, 41.91917851000000894 ) ) ;
#533 = ORIENTED_EDGE ( 'NONE', *, *, #289, .F. ) ;
#534 = ADVANCED_FACE ( 'NONE', ( #578 ), #1045, .F. ) ;
#535 = AXIS2_PLACEMENT_3D ( 'NONE', #1248, #692, #329 ) ;
#536 = FACE_OUTER_BOUND ( 'NONE', #884, .T. ) ;
#537 = ORIENTED_EDGE ( 'NONE', *, *, #150, .F. ) ;
#538 = CARTESIAN_POINT ( 'NONE',  ( 5.750002459999993043, 3.459904510000012756, 42.05217851000001161 ) ) ;
#539 = AXIS2_PLACEMENT_3D ( 'NONE', #787, #232, #352 ) ;
#540 = CARTESIAN_POINT ( 'NONE',  ( 5.375002460000002813, 5.837904510000012870, 43.05217851000001161 ) ) ;
#541 = ORIENTED_EDGE ( 'NONE', *, *, #554, .T. ) ;
#542 = CARTESIAN_POINT ( 'NONE',  ( 5.375002459999995708, 3.709904510000012756, 42.55217851000000451 ) ) ;
#543 = EDGE_CURVE ( 'NONE', #102, #915, #350, .T. ) ;
#544 = ORIENTED_EDGE ( 'NONE', *, *, #724, .F. ) ;
#545 = AXIS2_PLACEMENT_3D ( 'NONE', #1221, #400, #763 ) ;
#546 = DIRECTION ( 'NONE',  ( 0.7071067811865474617, -0.7071067811865474617, 0.000000000000000000 ) ) ;
#547 = VECTOR ( 'NONE', #420, 39.37007874015748143 ) ;
#548 = VERTEX_POINT ( 'NONE', #500 ) ;
#549 = CARTESIAN_POINT ( 'NONE',  ( 5.312502460000002813, 5.204904510000007534, 43.05217851000001161 ) ) ;
#550 = ORIENTED_EDGE ( 'NONE', *, *, #1209, .T. ) ;
#551 = DIRECTION ( 'NONE',  ( 0.000000000000000000, 0.000000000000000000, -1.000000000000000000 ) ) ;
#552 = ORIENTED_EDGE ( 'NONE', *, *, #676, .T. ) ;
#553 = CYLINDRICAL_SURFACE ( 'NONE', #1109, 0.1329999999999999238 ) ;
#554 = EDGE_CURVE ( 'NONE', #967, #1395, #855, .T. ) ;
#555 = ORIENTED_EDGE ( 'NONE', *, *, #1135, .T. ) ;
#556 = DIRECTION ( 'NONE',  ( -1.000000000000000000, 0.000000000000000000, 0.000000000000000000 ) ) ;
#557 = CARTESIAN_POINT ( 'NONE',  ( 5.375002459999995708, 3.709904510000012756, 42.61467851000001161 ) ) ;
#558 = DIRECTION ( 'NONE',  ( 0.000000000000000000, 0.000000000000000000, 1.000000000000000000 ) ) ;
#559 = CIRCLE ( 'NONE', #1074, 0.2812500000000001665 ) ;
#560 = VERTEX_POINT ( 'NONE', #601 ) ;
#561 = DIRECTION ( 'NONE',  ( 0.000000000000000000, 0.000000000000000000, 1.000000000000000000 ) ) ;
#562 = ORIENTED_EDGE ( 'NONE', *, *, #1464, .F. ) ;
#563 = EDGE_CURVE ( 'NONE', #1342, #363, #411, .T. ) ;
#564 = LINE ( 'NONE', #549, #338 ) ;
#565 = ADVANCED_FACE ( 'NONE', ( #14 ), #834, .T. ) ;
#566 = CARTESIAN_POINT ( 'NONE',  ( 6.062502459999994819, 3.209904510000012756, 43.55217851000001161 ) ) ;
#567 = CARTESIAN_POINT ( 'NONE',  ( 6.125002459999994819, 5.704904510000016415, 42.61467851000001161 ) ) ;
#568 = ORIENTED_EDGE ( 'NONE', *, *, #753, .F. ) ;
#569 = CARTESIAN_POINT ( 'NONE',  ( 5.750002459999993931, 3.397404510000013200, 41.67717851000001161 ) ) ;
#570 = ORIENTED_EDGE ( 'NONE', *, *, #1486, .T. ) ;
#571 = FACE_OUTER_BOUND ( 'NONE', #1059, .T. ) ;
#572 = DIRECTION ( 'NONE',  ( 0.000000000000000000, 0.000000000000000000, 1.000000000000000000 ) ) ;
#573 = DIRECTION ( 'NONE',  ( 0.000000000000000000, 0.000000000000000000, 1.000000000000000000 ) ) ;
#574 = ORIENTED_EDGE ( 'NONE', *, *, #451, .F. ) ;
#575 = LINE ( 'NONE', #1267, #966 ) ;
#576 = UNCERTAINTY_MEASURE_WITH_UNIT (LENGTH_MEASURE( 1.000000000000000082E-05 ), #1069, 'distance_accuracy_value', 'NONE');
#577 = ORIENTED_EDGE ( 'NONE', *, *, #639, .F. ) ;
#578 = FACE_OUTER_BOUND ( 'NONE', #959, .T. ) ;
#579 = DIRECTION ( 'NONE',  ( 0.000000000000000000, 0.000000000000000000, -1.000000000000000000 ) ) ;
#580 = COLOUR_RGB ( '',0.7921568627450980005, 0.8196078431372548767, 0.9333333333333333481 ) ;
#581 = EDGE_CURVE ( 'NONE', #1424, #915, #257, .T. ) ;
#582 = CARTESIAN_POINT ( 'NONE',  ( 5.281252460000000148, 5.704904510000012863, 42.36817851000000701 ) ) ;
#583 = LINE ( 'NONE', #708, #869 ) ;
#584 = VERTEX_POINT ( 'NONE', #486 ) ;
#585 = CARTESIAN_POINT ( 'NONE',  ( 5.281252460000000148, 5.267404510000007534, 0.000000000000000000 ) ) ;
#586 = DIRECTION ( 'NONE',  ( 0.000000000000000000, 1.000000000000000000, -0.000000000000000000 ) ) ;
#587 = VECTOR ( 'NONE', #91, 39.37007874015748143 ) ;
#588 = VECTOR ( 'NONE', #603, 39.37007874015748143 ) ;
#589 = FACE_OUTER_BOUND ( 'NONE', #891, .T. ) ;
#590 = DIRECTION ( 'NONE',  ( 0.000000000000000000, 0.000000000000000000, 1.000000000000000000 ) ) ;
#591 = EDGE_CURVE ( 'NONE', #363, #755, #704, .T. ) ;
#592 = EDGE_LOOP ( 'NONE', ( #736, #872, #628, #1389 ) ) ;
#593 = CARTESIAN_POINT ( 'NONE',  ( 5.031252460000002813, 5.204904510000007534, 43.05217851000001161 ) ) ;
#594 = DIRECTION ( 'NONE',  ( 0.000000000000000000, 0.000000000000000000, -1.000000000000000000 ) ) ;
#595 = AXIS2_PLACEMENT_3D ( 'NONE', #131, #117, #1425 ) ;
#596 =( GEOMETRIC_REPRESENTATION_CONTEXT ( 3 ) GLOBAL_UNCERTAINTY_ASSIGNED_CONTEXT ( ( #193 ) ) GLOBAL_UNIT_ASSIGNED_CONTEXT ( ( #233, #1208, #167 ) ) REPRESENTATION_CONTEXT ( 'NONE', 'WORKASPACE' ) );
#597 = CARTESIAN_POINT ( 'NONE',  ( 5.375002459999995708, 5.351351119406738022, 43.48967851000001161 ) ) ;
#598 = LINE ( 'NONE', #348, #223 ) ;
#599 = AXIS2_PLACEMENT_3D ( 'NONE', #716, #943, #590 ) ;
#600 = ORIENTED_EDGE ( 'NONE', *, *, #58, .F. ) ;
#601 = CARTESIAN_POINT ( 'NONE',  ( 5.218752460000001037, 5.204904510000007534, 42.11467851000000451 ) ) ;
#602 = ADVANCED_FACE ( 'NONE', ( #841 ), #1320, .T. ) ;
#603 = DIRECTION ( 'NONE',  ( 0.000000000000000000, 0.000000000000000000, 1.000000000000000000 ) ) ;
#604 = ORIENTED_EDGE ( 'NONE', *, *, #414, .F. ) ;
#605 = VECTOR ( 'NONE', #594, 39.37007874015748143 ) ;
#606 = DIRECTION ( 'NONE',  ( -0.7071067811865289210, -0.000000000000000000, 0.7071067811865660024 ) ) ;
#607 = CARTESIAN_POINT ( 'NONE',  ( 5.281252460000000148, 5.704904510000008422, 41.67717851000000451 ) ) ;
#608 = VECTOR ( 'NONE', #786, 39.37007874015748854 ) ;
#609 = ORIENTED_EDGE ( 'NONE', *, *, #421, .T. ) ;
#610 = CARTESIAN_POINT ( 'NONE',  ( 5.239585793333333186, 5.225737843333339683, 42.59384517666667591 ) ) ;
#611 = CONICAL_SURFACE ( 'NONE', #685, 0.4375000000000031641, 0.7853981633974252974 ) ;
#612 = CARTESIAN_POINT ( 'NONE',  ( 6.125002459999994819, 5.704904510000016415, 43.48967851000001872 ) ) ;
#613 = EDGE_CURVE ( 'NONE', #1223, #933, #711, .T. ) ;
#614 = ORIENTED_EDGE ( 'NONE', *, *, #581, .F. ) ;
#615 = DIRECTION ( 'NONE',  ( -1.000000000000000000, 0.000000000000000000, 0.000000000000000000 ) ) ;
#616 = ORIENTED_EDGE ( 'NONE', *, *, #1113, .T. ) ;
#617 = CARTESIAN_POINT ( 'NONE',  ( -8.850723710000252709, 19.36813068000026661, 28.45145233999901180 ) ) ;
#618 = CIRCLE ( 'NONE', #595, 0.1329999999999999238 ) ;
#619 = VERTEX_POINT ( 'NONE', #849 ) ;
#620 = EDGE_CURVE ( 'NONE', #970, #1095, #10, .T. ) ;
#621 =( BOUNDED_CURVE ( )  B_SPLINE_CURVE ( 3, ( #1148, #1125, #99, #1004 ),
 .UNSPECIFIED., .F., .F. ) 
 B_SPLINE_CURVE_WITH_KNOTS ( ( 4, 4 ),
 ( 2.418858405776378895, 3.141592653589810435 ),
 .UNSPECIFIED. ) 
 CURVE ( )  GEOMETRIC_REPRESENTATION_ITEM ( )  RATIONAL_B_SPLINE_CURVE ( ( 1.000000000000000000, 0.9569428977956550009, 0.9569428977956550009, 1.000000000000000000 ) ) 
 REPRESENTATION_ITEM ( '' )  );
#622 = CONICAL_SURFACE ( 'NONE', #327, 0.2535000000000010023, 0.7155849933176747779 ) ;
#623 = DIRECTION ( 'NONE',  ( 0.000000000000000000, 0.000000000000000000, 1.000000000000000000 ) ) ;
#624 = ORIENTED_EDGE ( 'NONE', *, *, #992, .T. ) ;
#625 = CARTESIAN_POINT ( 'NONE',  ( 6.125002459999994819, 5.704904510000016415, 42.61467851000001161 ) ) ;
#626 = AXIS2_PLACEMENT_3D ( 'NONE', #484, #28, #491 ) ;
#627 = CARTESIAN_POINT ( 'NONE',  ( 5.437502459999995708, 6.204904510000015527, 42.55217851000000451 ) ) ;
#628 = ORIENTED_EDGE ( 'NONE', *, *, #974, .F. ) ;
#629 = APPLICATION_PROTOCOL_DEFINITION ( 'draft international standard', 'automotive_design', 1998, #963 ) ;
#630 = LINE ( 'NONE', #996, #951 ) ;
#631 = ORIENTED_EDGE ( 'NONE', *, *, #386, .F. ) ;
#632 = DIRECTION ( 'NONE',  ( 0.000000000000000000, 0.000000000000000000, 1.000000000000000000 ) ) ;
#633 = CARTESIAN_POINT ( 'NONE',  ( 5.218752460000001037, 6.204904510000015527, 42.11467851000000451 ) ) ;
#634 = CONICAL_SURFACE ( 'NONE', #1001, 0.2535000000000010023, 0.7155849933176747779 ) ;
#635 = DIRECTION ( 'NONE',  ( 0.000000000000000000, 1.000000000000000000, 0.000000000000000000 ) ) ;
#636 = LINE ( 'NONE', #1338, #1094 ) ;
#637 = VERTEX_POINT ( 'NONE', #243 ) ;
#638 = DIRECTION ( 'NONE',  ( 0.000000000000000000, 0.000000000000000000, -1.000000000000000000 ) ) ;
#639 = EDGE_CURVE ( 'NONE', #744, #1223, #1196, .T. ) ;
#640 = FACE_OUTER_BOUND ( 'NONE', #1371, .T. ) ;
#641 = VERTEX_POINT ( 'NONE', #940 ) ;
#642 = CARTESIAN_POINT ( 'NONE',  ( 5.281252460000000148, 5.704904510000016415, 42.11467851000000451 ) ) ;
#643 = ORIENTED_EDGE ( 'NONE', *, *, #1022, .T. ) ;
#644 = AXIS2_PLACEMENT_3D ( 'NONE', #675, #337, #1349 ) ;
#645 = DIRECTION ( 'NONE',  ( 0.000000000000000000, 0.000000000000000000, -1.000000000000000000 ) ) ;
#646 = ORIENTED_EDGE ( 'NONE', *, *, #932, .F. ) ;
#647 = ADVANCED_FACE ( 'NONE', ( #148 ), #1293, .T. ) ;
#648 = DIRECTION ( 'NONE',  ( 0.000000000000000000, 0.000000000000000000, 1.000000000000000000 ) ) ;
#649 = AXIS2_PLACEMENT_3D ( 'NONE', #845, #730, #818 ) ;
#650 = ORIENTED_EDGE ( 'NONE', *, *, #1494, .F. ) ;
#651 = DIRECTION ( 'NONE',  ( 0.000000000000000000, 0.000000000000000000, 1.000000000000000000 ) ) ;
#652 = ORIENTED_EDGE ( 'NONE', *, *, #1422, .F. ) ;
#653 = CYLINDRICAL_SURFACE ( 'NONE', #330, 0.1329999999999999238 ) ;
#654 = VECTOR ( 'NONE', #712, 39.37007874015748143 ) ;
#655 = DIRECTION ( 'NONE',  ( 0.000000000000000000, 0.000000000000000000, -1.000000000000000000 ) ) ;
#656 = ORIENTED_EDGE ( 'NONE', *, *, #1068, .T. ) ;
#657 = EDGE_CURVE ( 'NONE', #744, #392, #1188, .T. ) ;
#658 = FACE_OUTER_BOUND ( 'NONE', #1269, .T. ) ;
#659 = ORIENTED_EDGE ( 'NONE', *, *, #613, .F. ) ;
#660 = CARTESIAN_POINT ( 'NONE',  ( 5.375002459999995708, 3.209904510000012756, 42.05217851000001161 ) ) ;
#661 = CIRCLE ( 'NONE', #248, 0.4999999999999973910 ) ;
#662 = AXIS2_PLACEMENT_3D ( 'NONE', #318, #673, #579 ) ;
#663 = ORIENTED_EDGE ( 'NONE', *, *, #563, .T. ) ;
#664 = CARTESIAN_POINT ( 'NONE',  ( 5.375002459999995708, 5.704904510000007534, 43.05217851000001161 ) ) ;
#665 = ORIENTED_EDGE ( 'NONE', *, *, #910, .F. ) ;
#666 = FACE_OUTER_BOUND ( 'NONE', #1226, .T. ) ;
#667 = ORIENTED_EDGE ( 'NONE', *, *, #946, .F. ) ;
#668 = AXIS2_PLACEMENT_3D ( 'NONE', #364, #1312, #378 ) ;
#669 = DIRECTION ( 'NONE',  ( 1.000000000000000000, 0.000000000000000000, 0.000000000000000000 ) ) ;
#670 = CIRCLE ( 'NONE', #822, 0.2535000000000010023 ) ;
#671 = ORIENTED_EDGE ( 'NONE', *, *, #1464, .T. ) ;
#672 = DIRECTION ( 'NONE',  ( 0.000000000000000000, 0.000000000000000000, -1.000000000000000000 ) ) ;
#673 = DIRECTION ( 'NONE',  ( 1.000000000000000000, -0.000000000000000000, -0.000000000000000000 ) ) ;
#674 = VECTOR ( 'NONE', #294, 39.37007874015748854 ) ;
#675 = CARTESIAN_POINT ( 'NONE',  ( 5.281252460000000148, 5.704904510000007534, 42.11467851000000451 ) ) ;
#676 = EDGE_CURVE ( 'NONE', #147, #1444, #1304, .T. ) ;
#677 = ORIENTED_EDGE ( 'NONE', *, *, #255, .F. ) ;
#678 = CARTESIAN_POINT ( 'NONE',  ( 5.312502460000002813, 5.374185596116934249, 43.42717851000001161 ) ) ;
#679 = ADVANCED_FACE ( 'NONE', ( #1299 ), #726, .T. ) ;
#680 = AXIS2_PLACEMENT_3D ( 'NONE', #140, #30, #732 ) ;
#681 = ORIENTED_EDGE ( 'NONE', *, *, #1152, .T. ) ;
#682 = CARTESIAN_POINT ( 'NONE',  ( 5.151375866824748684, 5.704904510000012863, 42.11467851000000451 ) ) ;
#683 = DIRECTION ( 'NONE',  ( 0.000000000000000000, 1.000000000000000000, 0.000000000000000000 ) ) ;
#684 = DIRECTION ( 'NONE',  ( 0.5773502691896224004, 0.5773502691896224004, 0.5773502691896325034 ) ) ;
#685 = AXIS2_PLACEMENT_3D ( 'NONE', #882, #979, #747 ) ;
#686 = ORIENTED_EDGE ( 'NONE', *, *, #838, .T. ) ;
#687 = CARTESIAN_POINT ( 'NONE',  ( 5.750002459999993043, 3.459904510000012756, 41.91917851000000894 ) ) ;
#688 = ORIENTED_EDGE ( 'NONE', *, *, #1189, .F. ) ;
#689 = DIRECTION ( 'NONE',  ( 0.000000000000000000, 0.000000000000000000, -1.000000000000000000 ) ) ;
#690 = EDGE_CURVE ( 'NONE', #201, #1159, #1166, .T. ) ;
#691 = FACE_OUTER_BOUND ( 'NONE', #776, .T. ) ;
#692 = DIRECTION ( 'NONE',  ( -0.000000000000000000, 0.000000000000000000, 1.000000000000000000 ) ) ;
#693 = ORIENTED_EDGE ( 'NONE', *, *, #698, .T. ) ;
#694 = CARTESIAN_POINT ( 'NONE',  ( 5.281252460000000148, 5.204904510000007534, 42.61467851000001161 ) ) ;
#695 = ORIENTED_EDGE ( 'NONE', *, *, #639, .T. ) ;
#696 = DIRECTION ( 'NONE',  ( 0.000000000000000000, 0.000000000000000000, 1.000000000000000000 ) ) ;
#697 = VECTOR ( 'NONE', #1163, 39.37007874015748143 ) ;
#698 = EDGE_CURVE ( 'NONE', #858, #324, #618, .T. ) ;
#699 = DIRECTION ( 'NONE',  ( 0.000000000000000000, -1.000000000000000000, 0.000000000000000000 ) ) ;
#700 = CARTESIAN_POINT ( 'NONE',  ( 6.125002459999994819, 5.704904510000016415, 43.05217851000001161 ) ) ;
#701 = AXIS2_PLACEMENT_3D ( 'NONE', #1186, #615, #1193 ) ;
#702 = DIRECTION ( 'NONE',  ( 0.7547095802227722361, 0.000000000000000000, -0.6560590289905070538 ) ) ;
#703 = VERTEX_POINT ( 'NONE', #1052 ) ;
#704 = LINE ( 'NONE', #480, #398 ) ;
#705 = DIRECTION ( 'NONE',  ( 0.000000000000000000, 0.000000000000000000, -1.000000000000000000 ) ) ;
#706 = CARTESIAN_POINT ( 'NONE',  ( 5.218752460000001037, 5.704904510000007534, 41.61467851000000451 ) ) ;
#707 = EDGE_CURVE ( 'NONE', #1243, #1200, #7, .T. ) ;
#708 = CARTESIAN_POINT ( 'NONE',  ( 5.031252460000002813, 6.204904510000015527, 42.11467851000000451 ) ) ;
#709 = CIRCLE ( 'NONE', #465, 0.2500000000000030531 ) ;
#710 = ORIENTED_EDGE ( 'NONE', *, *, #770, .T. ) ;
#711 = LINE ( 'NONE', #617, #1058 ) ;
#712 = DIRECTION ( 'NONE',  ( 0.7071067811865784369, 1.236293274554214013E-14, 0.7071067811865165975 ) ) ;
#713 = VECTOR ( 'NONE', #281, 39.37007874015748143 ) ;
#714 = DIRECTION ( 'NONE',  ( 0.7071067811865474617, 0.7071067811865474617, 0.000000000000000000 ) ) ;
#715 = EDGE_CURVE ( 'NONE', #1424, #282, #1118, .T. ) ;
#716 = CARTESIAN_POINT ( 'NONE',  ( 6.062502459999994819, 3.709904510000012756, 42.30217851000000451 ) ) ;
#717 = ORIENTED_EDGE ( 'NONE', *, *, #1168, .F. ) ;
#718 = DIRECTION ( 'NONE',  ( -0.5773502691896156280, 0.5773502691896156280, -0.5773502691896458261 ) ) ;
#719 = CIRCLE ( 'NONE', #986, 0.3750000000000002220 ) ;
#720 = ORIENTED_EDGE ( 'NONE', *, *, #1483, .T. ) ;
#721 = DIRECTION ( 'NONE',  ( 0.000000000000000000, 0.000000000000000000, 1.000000000000000000 ) ) ;
#722 = CARTESIAN_POINT ( 'NONE',  ( 5.281252460000000148, 5.704904510000012863, 41.86117851000000201 ) ) ;
#723 = VECTOR ( 'NONE', #409, 39.37007874015748854 ) ;
#724 = EDGE_CURVE ( 'NONE', #619, #315, #299, .T. ) ;
#725 = ORIENTED_EDGE ( 'NONE', *, *, #790, .F. ) ;
#726 = PLANE ( 'NONE',  #1468 ) ;
#727 = ADVANCED_FACE ( 'NONE', ( #885 ), #743, .F. ) ;
#728 = ORIENTED_EDGE ( 'NONE', *, *, #308, .F. ) ;
#729 = VECTOR ( 'NONE', #482, 39.37007874015748143 ) ;
#730 = DIRECTION ( 'NONE',  ( 1.000000000000000000, -0.000000000000000000, -0.000000000000000000 ) ) ;
#731 = ORIENTED_EDGE ( 'NONE', *, *, #442, .F. ) ;
#732 = DIRECTION ( 'NONE',  ( 0.000000000000000000, 0.000000000000000000, 1.000000000000000000 ) ) ;
#733 = VECTOR ( 'NONE', #389, 39.37007874015748143 ) ;
#734 = EDGE_CURVE ( 'NONE', #506, #1033, #819, .T. ) ;
#735 = CARTESIAN_POINT ( 'NONE',  ( 5.031252460000002813, 5.704904510000012863, 42.25527851000001078 ) ) ;
#736 = ORIENTED_EDGE ( 'NONE', *, *, #249, .T. ) ;
#737 = AXIS2_PLACEMENT_3D ( 'NONE', #8, #239, #1392 ) ;
#738 = FACE_OUTER_BOUND ( 'NONE', #485, .T. ) ;
#739 = EDGE_LOOP ( 'NONE', ( #774, #1334 ) ) ;
#740 = DIRECTION ( 'NONE',  ( 0.000000000000000000, 0.000000000000000000, 1.000000000000000000 ) ) ;
#741 = FACE_BOUND ( 'NONE', #739, .T. ) ;
#742 = EDGE_CURVE ( 'NONE', #151, #1252, #417, .T. ) ;
#743 = CONICAL_SURFACE ( 'NONE', #545, 0.3124999999999972800, 0.7853981633974466137 ) ;
#744 = VERTEX_POINT ( 'NONE', #1445 ) ;
#745 = PRODUCT_DEFINITION_SHAPE ( 'NONE', 'NONE',  #221 ) ;
#746 = AXIS2_PLACEMENT_3D ( 'NONE', #830, #470, #844 ) ;
#747 = DIRECTION ( 'NONE',  ( 0.000000000000000000, 0.000000000000000000, 1.000000000000000000 ) ) ;
#748 = ORIENTED_EDGE ( 'NONE', *, *, #946, .T. ) ;
#749 = CARTESIAN_POINT ( 'NONE',  ( 5.750002459999996596, 3.459904510000012756, 42.05217851000001161 ) ) ;
#750 = VERTEX_POINT ( 'NONE', #1346 ) ;
#751 = DIRECTION ( 'NONE',  ( -1.000000000000000000, 0.000000000000000000, 0.000000000000000000 ) ) ;
#752 = FACE_OUTER_BOUND ( 'NONE', #269, .T. ) ;
#753 = EDGE_CURVE ( 'NONE', #970, #324, #172, .T. ) ;
#754 = DIRECTION ( 'NONE',  ( -1.000000000000000000, -0.000000000000000000, -0.000000000000000000 ) ) ;
#755 = VERTEX_POINT ( 'NONE', #625 ) ;
#756 = DIRECTION ( 'NONE',  ( 0.000000000000000000, -1.000000000000000000, 0.000000000000000000 ) ) ;
#757 = PLANE ( 'NONE',  #1172 ) ;
#758 = AXIS2_PLACEMENT_3D ( 'NONE', #766, #1099, #1232 ) ;
#759 = ORIENTED_EDGE ( 'NONE', *, *, #957, .T. ) ;
#760 = CARTESIAN_POINT ( 'NONE',  ( 5.281252460000000148, 6.142404510000016415, 42.69862511940672789 ) ) ;
#761 = ADVANCED_FACE ( 'NONE', ( #186 ), #1499, .T. ) ;
#762 = ORIENTED_EDGE ( 'NONE', *, *, #707, .T. ) ;
#763 = DIRECTION ( 'NONE',  ( 0.000000000000000000, 0.000000000000000000, -1.000000000000000000 ) ) ;
#764 = FACE_OUTER_BOUND ( 'NONE', #1008, .T. ) ;
#765 = ORIENTED_EDGE ( 'NONE', *, *, #481, .T. ) ;
#766 = CARTESIAN_POINT ( 'NONE',  ( 5.031252460000002813, 5.704904510000016415, 42.11467851000000451 ) ) ;
#767 = ORIENTED_EDGE ( 'NONE', *, *, #433, .F. ) ;
#768 = CARTESIAN_POINT ( 'NONE',  ( 5.750002459999993043, 3.459904510000012756, 42.18517851000000718 ) ) ;
#769 = CARTESIAN_POINT ( 'NONE',  ( 6.125002459999994819, 3.397404510000013200, 42.05217851000001161 ) ) ;
#770 = EDGE_CURVE ( 'NONE', #1086, #1243, #57, .T. ) ;
#771 = VECTOR ( 'NONE', #1388, 39.37007874015748143 ) ;
#772 = CARTESIAN_POINT ( 'NONE',  ( 5.281252460000000148, 0.000000000000000000, 0.000000000000000000 ) ) ;
#773 = DIRECTION ( 'NONE',  ( -1.000000000000000000, 0.000000000000000000, 0.000000000000000000 ) ) ;
#774 = ORIENTED_EDGE ( 'NONE', *, *, #620, .T. ) ;
#775 = LINE ( 'NONE', #456, #771 ) ;
#776 = EDGE_LOOP ( 'NONE', ( #785, #185, #794, #1418 ) ) ;
#777 = PLANE ( 'NONE',  #859 ) ;
#778 = ADVANCED_FACE ( 'NONE', ( #164 ), #1235, .F. ) ;
#779 = ORIENTED_EDGE ( 'NONE', *, *, #68, .T. ) ;
#780 = CARTESIAN_POINT ( 'NONE',  ( 5.031252460000002813, 5.704904510000012863, 43.18517851000001428 ) ) ;
#781 = ORIENTED_EDGE ( 'NONE', *, *, #1374, .T. ) ;
#782 = CARTESIAN_POINT ( 'NONE',  ( 5.375002460000002813, 5.704904510000012863, 42.91917851000001605 ) ) ;
#783 = AXIS2_PLACEMENT_3D ( 'NONE', #334, #224, #1400 ) ;
#784 = CIRCLE ( 'NONE', #662, 0.1329999999999999238 ) ;
#785 = ORIENTED_EDGE ( 'NONE', *, *, #328, .T. ) ;
#786 = DIRECTION ( 'NONE',  ( 0.5773502691896156280, 0.5773502691896156280, -0.5773502691896459371 ) ) ;
#787 = CARTESIAN_POINT ( 'NONE',  ( 5.281252460000000148, 5.704904510000016415, 43.05217851000000451 ) ) ;
#788 = ADVANCED_FACE ( 'NONE', ( #274 ), #653, .F. ) ;
#789 = CARTESIAN_POINT ( 'NONE',  ( 5.281252460000000148, 5.267404510000007534, 42.55217851000000451 ) ) ;
#790 = EDGE_CURVE ( 'NONE', #851, #619, #1006, .T. ) ;
#791 = ORIENTED_EDGE ( 'NONE', *, *, #883, .F. ) ;
#792 = FACE_OUTER_BOUND ( 'NONE', #1491, .T. ) ;
#793 = CIRCLE ( 'NONE', #450, 0.1329999999999999238 ) ;
#794 = ORIENTED_EDGE ( 'NONE', *, *, #1219, .F. ) ;
#795 = DIRECTION ( 'NONE',  ( -1.000000000000000000, 0.000000000000000000, 0.000000000000000000 ) ) ;
#796 = DIRECTION ( 'NONE',  ( 0.000000000000000000, 0.000000000000000000, -1.000000000000000000 ) ) ;
#797 = AXIS2_PLACEMENT_3D ( 'NONE', #11, #958, #1423 ) ;
#798 = DIRECTION ( 'NONE',  ( -1.000000000000000000, 0.000000000000000000, -0.000000000000000000 ) ) ;
#799 = AXIS2_PLACEMENT_3D ( 'NONE', #772, #985, #1114 ) ;
#800 = EDGE_CURVE ( 'NONE', #302, #1033, #877, .T. ) ;
#801 = EDGE_LOOP ( 'NONE', ( #81, #652, #285, #1157 ) ) ;
#802 = FACE_OUTER_BOUND ( 'NONE', #20, .T. ) ;
#803 = AXIS2_PLACEMENT_3D ( 'NONE', #850, #1413, #1314 ) ;
#804 = ORIENTED_EDGE ( 'NONE', *, *, #1313, .F. ) ;
#805 = LINE ( 'NONE', #813, #390 ) ;
#806 = CARTESIAN_POINT ( 'NONE',  ( 6.062502459999994819, 3.209904510000012756, 43.55217851000001161 ) ) ;
#807 = AXIS2_PLACEMENT_3D ( 'NONE', #1261, #1139, #672 ) ;
#808 = DIRECTION ( 'NONE',  ( -0.7071067811865289210, 0.000000000000000000, -0.7071067811865660024 ) ) ;
#809 = ORIENTED_EDGE ( 'NONE', *, *, #1374, .F. ) ;
#810 = LINE ( 'NONE', #80, #1307 ) ;
#811 = EDGE_CURVE ( 'NONE', #755, #102, #1427, .T. ) ;
#812 = ORIENTED_EDGE ( 'NONE', *, *, #129, .F. ) ;
#813 = CARTESIAN_POINT ( 'NONE',  ( 5.281252460000000148, 5.704904510000012863, 42.25527851000001078 ) ) ;
#814 = DIRECTION ( 'NONE',  ( -0.000000000000000000, -1.000000000000000000, -0.000000000000000000 ) ) ;
#815 = B_SPLINE_CURVE_WITH_KNOTS ( 'NONE', 3,
 ( #678, #1242, #1369, #1143 ),
 .UNSPECIFIED., .F., .F.,
 ( 4, 4 ),
 ( 0.000000000000000000, 0.002318772848255412286 ),
 .UNSPECIFIED. ) ;
#816 = LENGTH_MEASURE_WITH_UNIT ( LENGTH_MEASURE( 0.02539999999999999897 ), #956 );
#817 = ORIENTED_EDGE ( 'NONE', *, *, #132, .T. ) ;
#818 = DIRECTION ( 'NONE',  ( 0.000000000000000000, 0.000000000000000000, -1.000000000000000000 ) ) ;
#819 = CIRCLE ( 'NONE', #153, 0.3124999999999972800 ) ;
#820 = ORIENTED_EDGE ( 'NONE', *, *, #249, .F. ) ;
#821 = DIRECTION ( 'NONE',  ( 0.000000000000000000, 0.000000000000000000, -1.000000000000000000 ) ) ;
#822 = AXIS2_PLACEMENT_3D ( 'NONE', #942, #1156, #1300 ) ;
#823 = EDGE_CURVE ( 'NONE', #1469, #744, #49, .T. ) ;
#824 = LINE ( 'NONE', #902, #1441 ) ;
#825 = VECTOR ( 'NONE', #471, 39.37007874015748143 ) ;
#826 = DIRECTION ( 'NONE',  ( 0.000000000000000000, 0.000000000000000000, -1.000000000000000000 ) ) ;
#827 = ORIENTED_EDGE ( 'NONE', *, *, #1265, .T. ) ;
#828 = CARTESIAN_POINT ( 'NONE',  ( 6.125002459999994819, 6.204904510000015527, 43.05217851000001161 ) ) ;
#829 = EDGE_CURVE ( 'NONE', #933, #967, #156, .T. ) ;
#830 = CARTESIAN_POINT ( 'NONE',  ( 5.375002460000002813, 5.704904510000012863, 43.05217851000001161 ) ) ;
#831 = DIRECTION ( 'NONE',  ( 1.000000000000000000, -0.000000000000000000, -0.000000000000000000 ) ) ;
#832 = CIRCLE ( 'NONE', #1460, 0.2535000000000010023 ) ;
#833 = EDGE_LOOP ( 'NONE', ( #1089, #1332, #191, #809 ) ) ;
#834 = PLANE ( 'NONE',  #19 ) ;
#835 = CARTESIAN_POINT ( 'NONE',  ( 5.281252460000000148, 5.704904510000016415, 42.11467851000000451 ) ) ;
#836 = ADVANCED_FACE ( 'NONE', ( #515 ), #65, .T. ) ;
#837 = CARTESIAN_POINT ( 'NONE',  ( 6.125002459999994819, 3.209904510000012756, 43.48967851000001161 ) ) ;
#838 = EDGE_CURVE ( 'NONE', #213, #1497, #998, .T. ) ;
#839 = DIRECTION ( 'NONE',  ( 0.000000000000000000, 0.000000000000000000, -1.000000000000000000 ) ) ;
#840 = ORIENTED_EDGE ( 'NONE', *, *, #1135, .F. ) ;
#841 = FACE_OUTER_BOUND ( 'NONE', #1480, .T. ) ;
#842 = CARTESIAN_POINT ( 'NONE',  ( 6.125002459999994819, 3.209904510000012756, 41.67717851000001161 ) ) ;
#843 = ORIENTED_EDGE ( 'NONE', *, *, #1057, .T. ) ;
#844 = DIRECTION ( 'NONE',  ( 0.000000000000000000, 0.000000000000000000, -1.000000000000000000 ) ) ;
#845 = CARTESIAN_POINT ( 'NONE',  ( 5.031252460000002813, 5.704904510000012863, 43.05217851000001161 ) ) ;
#846 = AXIS2_PLACEMENT_3D ( 'NONE', #889, #870, #632 ) ;
#847 = PRODUCT_RELATED_PRODUCT_CATEGORY ( 'part', '', ( #1316 ) ) ;
#848 = ORIENTED_EDGE ( 'NONE', *, *, #451, .T. ) ;
#849 = CARTESIAN_POINT ( 'NONE',  ( 5.281252460000000148, 5.704904510000016415, 42.48967851000000451 ) ) ;
#850 = CARTESIAN_POINT ( 'NONE',  ( 5.281252460000000148, 5.704904510000012863, 42.11467851000000451 ) ) ;
#851 = VERTEX_POINT ( 'NONE', #1437 ) ;
#852 = CIRCLE ( 'NONE', #1385, 0.4375000000000031641 ) ;
#853 = CARTESIAN_POINT ( 'NONE',  ( 6.125002459999994819, 5.704904510000016415, 43.48967851000001872 ) ) ;
#854 = ORIENTED_EDGE ( 'NONE', *, *, #1168, .T. ) ;
#855 = LINE ( 'NONE', #593, #69 ) ;
#856 = ADVANCED_FACE ( 'NONE', ( #792 ), #314, .F. ) ;
#857 = LINE ( 'NONE', #1082, #588 ) ;
#858 = VERTEX_POINT ( 'NONE', #687 ) ;
#859 = AXIS2_PLACEMENT_3D ( 'NONE', #1244, #863, #1330 ) ;
#860 = DIRECTION ( 'NONE',  ( 1.000000000000000000, -0.000000000000000000, -0.000000000000000000 ) ) ;
#861 = ORIENTED_EDGE ( 'NONE', *, *, #1102, .F. ) ;
#862 = CARTESIAN_POINT ( 'NONE',  ( 5.281252460000000148, 5.267404510000007534, 42.48967851000000451 ) ) ;
#863 = DIRECTION ( 'NONE',  ( -0.7071067811865475727, 0.7071067811865475727, 0.000000000000000000 ) ) ;
#864 = ADVANCED_FACE ( 'NONE', ( #463 ), #209, .T. ) ;
#865 = EDGE_LOOP ( 'NONE', ( #71, #61, #492, #197 ) ) ;
#866 = AXIS2_PLACEMENT_3D ( 'NONE', #700, #361, #721 ) ;
#867 = CARTESIAN_POINT ( 'NONE',  ( 5.343752460000000148, 5.173654510000011975, 42.64592851000000451 ) ) ;
#868 = ORIENTED_EDGE ( 'NONE', *, *, #442, .T. ) ;
#869 = VECTOR ( 'NONE', #241, 39.37007874015748143 ) ;
#870 = DIRECTION ( 'NONE',  ( -1.000000000000000000, 0.000000000000000000, 0.000000000000000000 ) ) ;
#871 = CARTESIAN_POINT ( 'NONE',  ( 5.375002459999995708, 3.209904510000012756, 41.67717851000001161 ) ) ;
#872 = ORIENTED_EDGE ( 'NONE', *, *, #948, .F. ) ;
#873 = ADVANCED_BREP_SHAPE_REPRESENTATION ( 'module rail block v2', ( #182, #1206 ), #596 ) ;
#874 = EDGE_CURVE ( 'NONE', #1405, #506, #430, .T. ) ;
#875 = DIRECTION ( 'NONE',  ( -1.000000000000000000, 0.000000000000000000, 0.000000000000000000 ) ) ;
#876 = EDGE_LOOP ( 'NONE', ( #203, #646, #537, #130, #695 ) ) ;
#877 = LINE ( 'NONE', #1328, #674 ) ;
#878 = CIRCLE ( 'NONE', #1119, 0.4999999999999973910 ) ;
#879 = DIRECTION ( 'NONE',  ( -1.000000000000000000, 0.000000000000000000, 0.000000000000000000 ) ) ;
#880 = AXIS2_PLACEMENT_3D ( 'NONE', #382, #1090, #1210 ) ;
#881 = PLANE ( 'NONE',  #901 ) ;
#882 = CARTESIAN_POINT ( 'NONE',  ( 5.281252460000000148, 5.704904510000007534, 42.11467851000000451 ) ) ;
#883 = EDGE_CURVE ( 'NONE', #282, #1506, #212, .T. ) ;
#884 = EDGE_LOOP ( 'NONE', ( #812, #1165, #445, #791, #1368 ) ) ;
#885 = FACE_OUTER_BOUND ( 'NONE', #296, .T. ) ;
#886 = CARTESIAN_POINT ( 'NONE',  ( 5.281252460000000148, 6.142404510000016415, 42.69862511940672789 ) ) ;
#887 = EDGE_LOOP ( 'NONE', ( #1245, #381 ) ) ;
#888 = ORIENTED_EDGE ( 'NONE', *, *, #300, .T. ) ;
#889 = CARTESIAN_POINT ( 'NONE',  ( 6.125002459999994819, 5.704904510000016415, 43.05217851000000451 ) ) ;
#890 = ADVANCED_FACE ( 'NONE', ( #802 ), #553, .F. ) ;
#891 = EDGE_LOOP ( 'NONE', ( #1508, #840, #848, #533 ) ) ;
#892 = DIRECTION ( 'NONE',  ( 0.000000000000000000, 0.000000000000000000, 1.000000000000000000 ) ) ;
#893 = VECTOR ( 'NONE', #645, 39.37007874015748143 ) ;
#894 = ORIENTED_EDGE ( 'NONE', *, *, #1040, .T. ) ;
#895 = CARTESIAN_POINT ( 'NONE',  ( 5.281252460000000148, 6.142404510000016415, 0.000000000000000000 ) ) ;
#896 = ORIENTED_EDGE ( 'NONE', *, *, #1011, .F. ) ;
#897 = DIRECTION ( 'NONE',  ( 0.000000000000000000, 0.7071067811865289210, 0.7071067811865660024 ) ) ;
#898 = ORIENTED_EDGE ( 'NONE', *, *, #170, .T. ) ;
#899 = EDGE_CURVE ( 'NONE', #988, #1497, #815, .T. ) ;
#900 = DIRECTION ( 'NONE',  ( 0.000000000000000000, 0.000000000000000000, -1.000000000000000000 ) ) ;
#901 = AXIS2_PLACEMENT_3D ( 'NONE', #75, #1231, #1016 ) ;
#902 = CARTESIAN_POINT ( 'NONE',  ( 6.125002459999994819, 3.209904510000012756, 43.55217851000001161 ) ) ;
#903 = AXIS2_PLACEMENT_3D ( 'NONE', #362, #831, #826 ) ;
#904 = FACE_BOUND ( 'NONE', #1455, .T. ) ;
#905 = ORIENTED_EDGE ( 'NONE', *, *, #1287, .T. ) ;
#906 = DIRECTION ( 'NONE',  ( 1.000000000000000000, 0.000000000000000000, 0.000000000000000000 ) ) ;
#907 = EDGE_LOOP ( 'NONE', ( #347, #555, #32, #473, #1151 ) ) ;
#908 = DIRECTION ( 'NONE',  ( 0.7071067811865474617, -0.7071067811865474617, 0.000000000000000000 ) ) ;
#909 = LINE ( 'NONE', #806, #1249 ) ;
#910 = EDGE_CURVE ( 'NONE', #201, #933, #192, .T. ) ;
#911 = DIRECTION ( 'NONE',  ( -1.000000000000000000, 0.000000000000000000, 0.000000000000000000 ) ) ;
#912 = ORIENTED_EDGE ( 'NONE', *, *, #40, .T. ) ;
#913 = CARTESIAN_POINT ( 'NONE',  ( 5.218752460000001037, 6.204904510000015527, 42.11467851000000451 ) ) ;
#914 = AXIS2_PLACEMENT_3D ( 'NONE', #92, #1375, #920 ) ;
#915 = VERTEX_POINT ( 'NONE', #1276 ) ;
#916 = CARTESIAN_POINT ( 'NONE',  ( 5.750002459999993043, 3.459904510000012756, 42.05217851000001161 ) ) ;
#917 = CARTESIAN_POINT ( 'NONE',  ( 5.343752460000001925, 5.267404510000007534, 42.55217851000000451 ) ) ;
#918 = CIRCLE ( 'NONE', #1234, 0.4999999999999973910 ) ;
#919 = EDGE_CURVE ( 'NONE', #1159, #29, #775, .T. ) ;
#920 = DIRECTION ( 'NONE',  ( 0.000000000000000000, 1.000000000000000000, 0.000000000000000000 ) ) ;
#921 = VERTEX_POINT ( 'NONE', #94 ) ;
#922 = CARTESIAN_POINT ( 'NONE',  ( 6.125002459999994819, 5.704904510000012863, 43.05217851000001161 ) ) ;
#923 = VECTOR ( 'NONE', #1175, 39.37007874015748143 ) ;
#924 = ORIENTED_EDGE ( 'NONE', *, *, #283, .F. ) ;
#925 = CARTESIAN_POINT ( 'NONE',  ( 5.750002459999987714, 5.579904509999999540, 42.23967851000000451 ) ) ;
#926 = CARTESIAN_POINT ( 'NONE',  ( 5.218752460000001037, 6.204904510000015527, 42.92902473513086647 ) ) ;
#927 = AXIS2_PLACEMENT_3D ( 'NONE', #458, #82, #821 ) ;
#928 = CARTESIAN_POINT ( 'NONE',  ( 5.375002459999995708, 3.397404510000013200, 42.30217851000000451 ) ) ;
#929 = AXIS2_PLACEMENT_3D ( 'NONE', #128, #262, #931 ) ;
#930 = ORIENTED_EDGE ( 'NONE', *, *, #581, .T. ) ;
#931 = DIRECTION ( 'NONE',  ( 0.000000000000000000, 0.000000000000000000, 1.000000000000000000 ) ) ;
#932 = EDGE_CURVE ( 'NONE', #584, #921, #332, .T. ) ;
#933 = VERTEX_POINT ( 'NONE', #438 ) ;
#934 = CARTESIAN_POINT ( 'NONE',  ( 6.125002459999994819, 5.704904510000012863, 43.05217851000001161 ) ) ;
#935 = DIRECTION ( 'NONE',  ( -1.000000000000000000, -0.000000000000000000, -0.000000000000000000 ) ) ;
#936 = DIRECTION ( 'NONE',  ( 0.000000000000000000, -1.000000000000000000, 0.000000000000000000 ) ) ;
#937 = DIRECTION ( 'NONE',  ( -1.000000000000000000, 0.000000000000000000, 0.000000000000000000 ) ) ;
#938 = VECTOR ( 'NONE', #523, 39.37007874015748143 ) ;
#939 = VERTEX_POINT ( 'NONE', #782 ) ;
#940 = CARTESIAN_POINT ( 'NONE',  ( 6.062502459999994819, 3.709904510000012756, 42.55217851000000451 ) ) ;
#941 = PRODUCT_DEFINITION_FORMATION_WITH_SPECIFIED_SOURCE ( 'ANY', '', #1316, .NOT_KNOWN. ) ;
#942 = CARTESIAN_POINT ( 'NONE',  ( 5.281252460000000148, 5.704904510000012863, 42.11467851000000451 ) ) ;
#943 = DIRECTION ( 'NONE',  ( 1.000000000000000000, -0.000000000000000000, -0.000000000000000000 ) ) ;
#944 = ORIENTED_EDGE ( 'NONE', *, *, #1448, .F. ) ;
#945 = DIRECTION ( 'NONE',  ( -0.000000000000000000, 1.000000000000000000, -0.000000000000000000 ) ) ;
#946 = EDGE_CURVE ( 'NONE', #437, #107, #918, .T. ) ;
#947 = CARTESIAN_POINT ( 'NONE',  ( 5.218752460000001037, 5.204904510000007534, 42.61467851000001161 ) ) ;
#948 = EDGE_CURVE ( 'NONE', #1399, #1035, #109, .T. ) ;
#949 = DIRECTION ( 'NONE',  ( 1.000000000000000000, -0.000000000000000000, -0.000000000000000000 ) ) ;
#950 = DIRECTION ( 'NONE',  ( 1.000000000000000000, -0.000000000000000000, -0.000000000000000000 ) ) ;
#951 = VECTOR ( 'NONE', #175, 39.37007874015748854 ) ;
#952 = ORIENTED_EDGE ( 'NONE', *, *, #1475, .T. ) ;
#953 = DIRECTION ( 'NONE',  ( 0.000000000000000000, 1.000000000000000000, 0.000000000000000000 ) ) ;
#954 = CYLINDRICAL_SURFACE ( 'NONE', #803, 0.1406000000000034167 ) ;
#955 = EDGE_LOOP ( 'NONE', ( #728, #1489, #408, #1020 ) ) ;
#956 =( LENGTH_UNIT ( ) NAMED_UNIT ( * ) SI_UNIT ( $, .METRE. ) );
#957 = EDGE_CURVE ( 'NONE', #637, #560, #810, .T. ) ;
#958 = DIRECTION ( 'NONE',  ( -1.000000000000000000, 0.000000000000000000, 0.000000000000000000 ) ) ;
#959 = EDGE_LOOP ( 'NONE', ( #176, #1041, #912, #495 ) ) ;
#960 = DIRECTION ( 'NONE',  ( 0.5773502691896156280, 0.5773502691896156280, -0.5773502691896458261 ) ) ;
#961 = SURFACE_SIDE_STYLE ('',( #380 ) ) ;
#962 = ORIENTED_EDGE ( 'NONE', *, *, #15, .F. ) ;
#963 = APPLICATION_CONTEXT ( 'automotive_design' ) ;
#964 = ADVANCED_FACE ( 'NONE', ( #1034 ), #228, .T. ) ;
#965 = FACE_OUTER_BOUND ( 'NONE', #1187, .T. ) ;
#966 = VECTOR ( 'NONE', #220, 39.37007874015748854 ) ;
#967 = VERTEX_POINT ( 'NONE', #108 ) ;
#968 = CARTESIAN_POINT ( 'NONE',  ( 19.57989529666691553, -9.062488326666901628, 28.40978567333234750 ) ) ;
#969 = FACE_OUTER_BOUND ( 'NONE', #1179, .T. ) ;
#970 = VERTEX_POINT ( 'NONE', #1490 ) ;
#971 = DIRECTION ( 'NONE',  ( 0.000000000000000000, 1.000000000000000000, -0.000000000000000000 ) ) ;
#972 = ORIENTED_EDGE ( 'NONE', *, *, #481, .F. ) ;
#973 = DIRECTION ( 'NONE',  ( 0.000000000000000000, 1.000000000000000000, 0.000000000000000000 ) ) ;
#974 = EDGE_CURVE ( 'NONE', #560, #1399, #575, .T. ) ;
#975 = DIRECTION ( 'NONE',  ( 0.000000000000000000, 0.000000000000000000, 1.000000000000000000 ) ) ;
#976 = EDGE_LOOP ( 'NONE', ( #1012, #888, #693, #568 ) ) ;
#977 = CIRCLE ( 'NONE', #2, 0.1329999999999999238 ) ;
#978 = AXIS2_PLACEMENT_3D ( 'NONE', #1373, #586, #326 ) ;
#979 = DIRECTION ( 'NONE',  ( -1.000000000000000000, 0.000000000000000000, 0.000000000000000000 ) ) ;
#980 = EDGE_LOOP ( 'NONE', ( #234, #600, #322, #166 ) ) ;
#981 = CARTESIAN_POINT ( 'NONE',  ( 5.218752460000001037, 6.204904510000015527, 43.55217851000001161 ) ) ;
#982 = ORIENTED_EDGE ( 'NONE', *, *, #180, .F. ) ;
#983 = EDGE_CURVE ( 'NONE', #151, #279, #1042, .T. ) ;
#984 = CARTESIAN_POINT ( 'NONE',  ( 5.375002459999995708, 3.397404510000013200, 42.05217851000001161 ) ) ;
#985 = DIRECTION ( 'NONE',  ( -1.000000000000000000, 0.000000000000000000, 0.000000000000000000 ) ) ;
#986 = AXIS2_PLACEMENT_3D ( 'NONE', #1415, #936, #247 ) ;
#987 = PLANE ( 'NONE',  #290 ) ;
#988 = VERTEX_POINT ( 'NONE', #1019 ) ;
#989 = AXIS2_PLACEMENT_3D ( 'NONE', #177, #1101, #72 ) ;
#990 = DIRECTION ( 'NONE',  ( 0.000000000000000000, 0.000000000000000000, 1.000000000000000000 ) ) ;
#991 = DIRECTION ( 'NONE',  ( -1.000000000000000000, 0.000000000000000000, 0.000000000000000000 ) ) ;
#992 = EDGE_CURVE ( 'NONE', #302, #424, #1352, .T. ) ;
#993 = ORIENTED_EDGE ( 'NONE', *, *, #283, .T. ) ;
#994 = EDGE_CURVE ( 'NONE', #1315, #1105, #501, .T. ) ;
#995 = VECTOR ( 'NONE', #655, 39.37007874015748143 ) ;
#996 = CARTESIAN_POINT ( 'NONE',  ( 6.125002459999994819, 3.397404510000013200, 42.30217851000000451 ) ) ;
#997 = VERTEX_POINT ( 'NONE', #34 ) ;
#998 = LINE ( 'NONE', #1459, #379 ) ;
#999 = AXIS2_PLACEMENT_3D ( 'NONE', #1036, #1372, #316 ) ;
#1000 = CARTESIAN_POINT ( 'NONE',  ( 5.343752460000001037, 6.079904510000015527, 42.72145959611692945 ) ) ;
#1001 = AXIS2_PLACEMENT_3D ( 'NONE', #1318, #41, #498 ) ;
#1002 = EDGE_LOOP ( 'NONE', ( #277, #1285, #614, #1257, #1233, #517 ) ) ;
#1003 = EDGE_CURVE ( 'NONE', #1395, #279, #1351, .T. ) ;
#1004 = CARTESIAN_POINT ( 'NONE',  ( 5.437502459999998372, 5.704904510000016415, 43.55217851000001161 ) ) ;
#1005 = VERTEX_POINT ( 'NONE', #115 ) ;
#1006 = LINE ( 'NONE', #1453, #723 ) ;
#1007 = LINE ( 'NONE', #1461, #995 ) ;
#1008 = EDGE_LOOP ( 'NONE', ( #339, #656, #1142, #930, #843 ) ) ;
#1009 = VECTOR ( 'NONE', #265, 39.37007874015748854 ) ;
#1010 = LINE ( 'NONE', #1479, #60 ) ;
#1011 = EDGE_CURVE ( 'NONE', #48, #1026, #1289, .T. ) ;
#1012 = ORIENTED_EDGE ( 'NONE', *, *, #1421, .F. ) ;
#1013 = DIRECTION ( 'NONE',  ( -0.000000000000000000, -1.000000000000000000, -0.000000000000000000 ) ) ;
#1014 = ORIENTED_EDGE ( 'NONE', *, *, #472, .T. ) ;
#1015 = CARTESIAN_POINT ( 'NONE',  ( 5.031252460000002813, 5.204904510000007534, 43.55217851000001161 ) ) ;
#1016 = DIRECTION ( 'NONE',  ( 0.000000000000000000, -0.000000000000000000, -1.000000000000000000 ) ) ;
#1017 = DIRECTION ( 'NONE',  ( 0.000000000000000000, 0.000000000000000000, 1.000000000000000000 ) ) ;
#1018 = ORIENTED_EDGE ( 'NONE', *, *, #472, .F. ) ;
#1019 = CARTESIAN_POINT ( 'NONE',  ( 5.312502460000002813, 5.374185596116934249, 43.42717851000001161 ) ) ;
#1020 = ORIENTED_EDGE ( 'NONE', *, *, #1084, .F. ) ;
#1021 = LINE ( 'NONE', #103, #1247 ) ;
#1022 = EDGE_CURVE ( 'NONE', #1005, #750, #1473, .T. ) ;
#1023 = CARTESIAN_POINT ( 'NONE',  ( 5.343752460000001037, 6.079904510000015527, 42.72145959611692945 ) ) ;
#1024 = AXIS2_PLACEMENT_3D ( 'NONE', #1297, #937, #1049 ) ;
#1025 = CARTESIAN_POINT ( 'NONE',  ( 5.635419126666667111, 5.621571176666674496, 42.84384517666668302 ) ) ;
#1026 = VERTEX_POINT ( 'NONE', #121 ) ;
#1027 = DIRECTION ( 'NONE',  ( 0.000000000000000000, 0.000000000000000000, 1.000000000000000000 ) ) ;
#1028 = ORIENTED_EDGE ( 'NONE', *, *, #910, .T. ) ;
#1029 = CYLINDRICAL_SURFACE ( 'NONE', #218, 0.2812500000000001665 ) ;
#1030 = EDGE_CURVE ( 'NONE', #548, #1424, #1056, .T. ) ;
#1031 = CARTESIAN_POINT ( 'NONE',  ( 5.031252460000002813, 5.704904510000007534, 41.61467851000000451 ) ) ;
#1032 = DIRECTION ( 'NONE',  ( 0.000000000000000000, -0.000000000000000000, -1.000000000000000000 ) ) ;
#1033 = VERTEX_POINT ( 'NONE', #137 ) ;
#1034 = FACE_OUTER_BOUND ( 'NONE', #419, .T. ) ;
#1035 = VERTEX_POINT ( 'NONE', #607 ) ;
#1036 = CARTESIAN_POINT ( 'NONE',  ( 5.750002459999996596, 3.459904510000012756, 42.05217851000001161 ) ) ;
#1037 = FACE_OUTER_BOUND ( 'NONE', #833, .T. ) ;
#1038 = VECTOR ( 'NONE', #1466, 39.37007874015748143 ) ;
#1039 = LINE ( 'NONE', #355, #354 ) ;
#1040 = EDGE_CURVE ( 'NONE', #282, #437, #583, .T. ) ;
#1041 = ORIENTED_EDGE ( 'NONE', *, *, #1494, .T. ) ;
#1042 = LINE ( 'NONE', #1507, #303 ) ;
#1043 = VECTOR ( 'NONE', #126, 39.37007874015748143 ) ;
#1044 = ORIENTED_EDGE ( 'NONE', *, *, #742, .F. ) ;
#1045 = CYLINDRICAL_SURFACE ( 'NONE', #1317, 0.1329999999999999238 ) ;
#1046 = FACE_OUTER_BOUND ( 'NONE', #79, .T. ) ;
#1047 = CARTESIAN_POINT ( 'NONE',  ( 5.750002459999993931, 3.397404510000013200, 41.67717851000001161 ) ) ;
#1048 = EDGE_CURVE ( 'NONE', #641, #1243, #1259, .T. ) ;
#1049 = DIRECTION ( 'NONE',  ( 0.000000000000000000, 0.000000000000000000, 1.000000000000000000 ) ) ;
#1050 = AXIS2_PLACEMENT_3D ( 'NONE', #410, #879, #1341 ) ;
#1051 = EDGE_LOOP ( 'NONE', ( #1442, #447, #898, #1145, #457, #1111 ) ) ;
#1052 = CARTESIAN_POINT ( 'NONE',  ( 5.281252460000000148, 5.704904510000012863, 41.86117851000000201 ) ) ;
#1053 = AXIS2_PLACEMENT_3D ( 'NONE', #467, #346, #796 ) ;
#1054 = LINE ( 'NONE', #557, #76 ) ;
#1055 = LINE ( 'NONE', #136, #1181 ) ;
#1056 = LINE ( 'NONE', #1171, #825 ) ;
#1057 = EDGE_CURVE ( 'NONE', #915, #997, #1450, .T. ) ;
#1058 = VECTOR ( 'NONE', #718, 39.37007874015748854 ) ;
#1059 = EDGE_LOOP ( 'NONE', ( #1356, #1428, #1436, #431 ) ) ;
#1060 = CARTESIAN_POINT ( 'NONE',  ( 5.375002459999995708, 5.142404510000014639, 0.000000000000000000 ) ) ;
#1061 = EDGE_CURVE ( 'NONE', #370, #151, #1079, .T. ) ;
#1062 = VECTOR ( 'NONE', #606, 39.37007874015748854 ) ;
#1063 = FILL_AREA_STYLE_COLOUR ( '', #580 ) ;
#1064 = LINE ( 'NONE', #837, #1062 ) ;
#1065 = FACE_OUTER_BOUND ( 'NONE', #154, .T. ) ;
#1066 = ORIENTED_EDGE ( 'NONE', *, *, #992, .F. ) ;
#1067 = CARTESIAN_POINT ( 'NONE',  ( 6.125002459999994819, 6.142404510000016415, 43.05217851000000451 ) ) ;
#1068 = EDGE_CURVE ( 'NONE', #851, #412, #487, .T. ) ;
#1069 =( CONVERSION_BASED_UNIT ( 'INCH', #387 ) LENGTH_UNIT ( ) NAMED_UNIT ( #1510 ) );
#1070 = ORIENTED_EDGE ( 'NONE', *, *, #823, .T. ) ;
#1071 = CARTESIAN_POINT ( 'NONE',  ( 5.281252460000000148, 6.142404510000016415, 42.11467851000000451 ) ) ;
#1072 = VECTOR ( 'NONE', #1076, 39.37007874015748854 ) ;
#1073 = DIRECTION ( 'NONE',  ( 0.000000000000000000, 0.000000000000000000, 1.000000000000000000 ) ) ;
#1074 = AXIS2_PLACEMENT_3D ( 'NONE', #291, #1201, #297 ) ;
#1075 = VERTEX_POINT ( 'NONE', #1404 ) ;
#1076 = DIRECTION ( 'NONE',  ( -0.7071067811865474617, 0.7071067811865474617, 0.000000000000000000 ) ) ;
#1077 = ADVANCED_FACE ( 'NONE', ( #369 ), #1283, .F. ) ;
#1078 = ORIENTED_EDGE ( 'NONE', *, *, #1448, .T. ) ;
#1079 = LINE ( 'NONE', #478, #133 ) ;
#1080 = ORIENTED_EDGE ( 'NONE', *, *, #543, .F. ) ;
#1081 = CARTESIAN_POINT ( 'NONE',  ( 5.281252460000000148, 5.704904510000012863, 42.36817851000000701 ) ) ;
#1082 = CARTESIAN_POINT ( 'NONE',  ( 5.281252460000000148, 6.142404510000016415, 0.000000000000000000 ) ) ;
#1083 = ORIENTED_EDGE ( 'NONE', *, *, #613, .T. ) ;
#1084 = EDGE_CURVE ( 'NONE', #1129, #619, #436, .T. ) ;
#1085 = FACE_OUTER_BOUND ( 'NONE', #6, .T. ) ;
#1086 = VERTEX_POINT ( 'NONE', #1310 ) ;
#1087 = CARTESIAN_POINT ( 'NONE',  ( 5.312502460000002813, 5.204904510000007534, 43.05217851000001161 ) ) ;
#1088 = CARTESIAN_POINT ( 'NONE',  ( 5.218752460000001037, 5.704904510000007534, 41.61467851000000451 ) ) ;
#1089 = ORIENTED_EDGE ( 'NONE', *, *, #255, .T. ) ;
#1090 = DIRECTION ( 'NONE',  ( 0.000000000000000000, -1.000000000000000000, 0.000000000000000000 ) ) ;
#1091 = ADVANCED_FACE ( 'NONE', ( #250 ), #1177, .T. ) ;
#1092 = EDGE_LOOP ( 'NONE', ( #1028, #1100, #541, #765, #759, #84 ) ) ;
#1093 = DIRECTION ( 'NONE',  ( -0.000000000000000000, 1.000000000000000000, -0.000000000000000000 ) ) ;
#1094 = VECTOR ( 'NONE', #971, 39.37007874015748143 ) ;
#1095 = VERTEX_POINT ( 'NONE', #146 ) ;
#1096 = DIRECTION ( 'NONE',  ( -0.000000000000000000, -0.000000000000000000, 1.000000000000000000 ) ) ;
#1097 = FACE_BOUND ( 'NONE', #90, .T. ) ;
#1098 = CIRCLE ( 'NONE', #1050, 0.4999999999999973910 ) ;
#1099 = DIRECTION ( 'NONE',  ( -1.000000000000000000, 0.000000000000000000, 0.000000000000000000 ) ) ;
#1100 = ORIENTED_EDGE ( 'NONE', *, *, #829, .T. ) ;
#1101 = DIRECTION ( 'NONE',  ( 0.000000000000000000, 0.000000000000000000, -1.000000000000000000 ) ) ;
#1102 = EDGE_CURVE ( 'NONE', #363, #641, #598, .T. ) ;
#1103 = DIRECTION ( 'NONE',  ( -0.000000000000000000, -1.000000000000000000, 0.000000000000000000 ) ) ;
#1104 = ADVANCED_FACE ( 'NONE', ( #1065 ), #235, .F. ) ;
#1105 = VERTEX_POINT ( 'NONE', #1302 ) ;
#1106 = SHAPE_DEFINITION_REPRESENTATION ( #745, #873 ) ;
#1107 = CARTESIAN_POINT ( 'NONE',  ( 6.125002459999994819, 5.704904510000012863, 42.77092851000001161 ) ) ;
#1108 = ORIENTED_EDGE ( 'NONE', *, *, #368, .T. ) ;
#1109 = AXIS2_PLACEMENT_3D ( 'NONE', #922, #1481, #1359 ) ;
#1110 = DIRECTION ( 'NONE',  ( 0.000000000000000000, 0.000000000000000000, 1.000000000000000000 ) ) ;
#1111 = ORIENTED_EDGE ( 'NONE', *, *, #932, .T. ) ;
#1112 = CARTESIAN_POINT ( 'NONE',  ( 5.031252460000002813, 6.204904510000015527, 43.55217851000001161 ) ) ;
#1113 = EDGE_CURVE ( 'NONE', #124, #703, #254, .T. ) ;
#1114 = DIRECTION ( 'NONE',  ( 0.000000000000000000, 0.000000000000000000, 1.000000000000000000 ) ) ;
#1115 = PRESENTATION_LAYER_ASSIGNMENT (  '', '', ( #383 ) ) ;
#1116 = CARTESIAN_POINT ( 'NONE',  ( 5.312502460000001925, 5.298654510000009310, 42.52092851000000451 ) ) ;
#1117 = VERTEX_POINT ( 'NONE', #3 ) ;
#1118 = LINE ( 'NONE', #981, #476 ) ;
#1119 = AXIS2_PLACEMENT_3D ( 'NONE', #1278, #556, #214 ) ;
#1120 = CARTESIAN_POINT ( 'NONE',  ( 5.750002459999993931, 3.209904510000012756, 41.67717851000001161 ) ) ;
#1121 = CONICAL_SURFACE ( 'NONE', #1362, 0.4375000000000031641, 0.7853981633974516097 ) ;
#1122 = ORIENTED_EDGE ( 'NONE', *, *, #563, .F. ) ;
#1123 = ADVANCED_FACE ( 'NONE', ( #965 ), #634, .F. ) ;
#1124 = AXIS2_PLACEMENT_3D ( 'NONE', #1153, #795, #440 ) ;
#1125 = CARTESIAN_POINT ( 'NONE',  ( 5.393961025330654024, 5.466550927268799320, 43.50863707533067526 ) ) ;
#1126 = CONICAL_SURFACE ( 'NONE', #122, 0.3124999999999972800, 0.7853981633974466137 ) ;
#1127 = ORIENTED_EDGE ( 'NONE', *, *, #715, .T. ) ;
#1128 = CARTESIAN_POINT ( 'NONE',  ( 6.125002459999994819, 3.709904510000012756, 42.30217851000000451 ) ) ;
#1129 = VERTEX_POINT ( 'NONE', #760 ) ;
#1130 = DIRECTION ( 'NONE',  ( 0.000000000000000000, 0.000000000000000000, -1.000000000000000000 ) ) ;
#1131 =( BOUNDED_CURVE ( )  B_SPLINE_CURVE ( 3, ( #1023, #459, #926, #1487 ),
 .UNSPECIFIED., .F., .T. ) 
 B_SPLINE_CURVE_WITH_KNOTS ( ( 4, 4 ),
 ( 5.560451059366168458, 6.283185307179586232 ),
 .UNSPECIFIED. ) 
 CURVE ( )  GEOMETRIC_REPRESENTATION_ITEM ( )  RATIONAL_B_SPLINE_CURVE ( ( 1.000000000000000000, 0.9569428977956566662, 0.9569428977956566662, 1.000000000000000000 ) ) 
 REPRESENTATION_ITEM ( '' )  );
#1132 = EDGE_LOOP ( 'NONE', ( #1018, #731 ) ) ;
#1133 = AXIS2_PLACEMENT_3D ( 'NONE', #1419, #945, #1412 ) ;
#1134 = DIRECTION ( 'NONE',  ( -1.000000000000000000, 0.000000000000000000, 0.000000000000000000 ) ) ;
#1135 = EDGE_CURVE ( 'NONE', #967, #988, #270, .T. ) ;
#1136 = EDGE_LOOP ( 'NONE', ( #686, #1303, #1070, #1361, #1108, #333, #624, #373 ) ) ;
#1137 = DIRECTION ( 'NONE',  ( 0.000000000000000000, 1.000000000000000000, 0.000000000000000000 ) ) ;
#1138 = ORIENTED_EDGE ( 'NONE', *, *, #1048, .F. ) ;
#1139 = DIRECTION ( 'NONE',  ( 1.000000000000000000, -0.000000000000000000, -0.000000000000000000 ) ) ;
#1140 = CARTESIAN_POINT ( 'NONE',  ( 5.151375866824748684, 5.704904510000012863, 41.97407850999999823 ) ) ;
#1141 = CARTESIAN_POINT ( 'NONE',  ( 6.125002459999994819, 0.000000000000000000, 43.48967851000001161 ) ) ;
#1142 = ORIENTED_EDGE ( 'NONE', *, *, #129, .T. ) ;
#1143 = CARTESIAN_POINT ( 'NONE',  ( 5.375002459999995708, 5.351351119406738022, 43.48967851000001161 ) ) ;
#1144 = ADVANCED_FACE ( 'NONE', ( #47 ), #1429, .T. ) ;
#1145 = ORIENTED_EDGE ( 'NONE', *, *, #1422, .T. ) ;
#1146 = DIRECTION ( 'NONE',  ( 1.000000000000000000, -0.000000000000000000, -0.000000000000000000 ) ) ;
#1147 = CARTESIAN_POINT ( 'NONE',  ( 5.750002459999996596, 3.209904510000012756, 42.05217851000001161 ) ) ;
#1148 = CARTESIAN_POINT ( 'NONE',  ( 5.312502460000002813, 5.374185596116934249, 43.42717851000001161 ) ) ;
#1149 = ORIENTED_EDGE ( 'NONE', *, *, #33, .T. ) ;
#1150 = CARTESIAN_POINT ( 'NONE',  ( 5.750002459999993931, 3.459904510000012756, 42.05217851000001161 ) ) ;
#1151 = ORIENTED_EDGE ( 'NONE', *, *, #1003, .F. ) ;
#1152 = EDGE_CURVE ( 'NONE', #1117, #1342, #152, .T. ) ;
#1153 = CARTESIAN_POINT ( 'NONE',  ( 6.125002459999994819, 5.704904510000016415, 43.05217851000000451 ) ) ;
#1154 = ADVANCED_FACE ( 'NONE', ( #738 ), #1121, .T. ) ;
#1155 = DIRECTION ( 'NONE',  ( -0.7071067811865475727, -0.7071067811865475727, 0.000000000000000000 ) ) ;
#1156 = DIRECTION ( 'NONE',  ( 1.000000000000000000, -0.000000000000000000, -0.000000000000000000 ) ) ;
#1157 = ORIENTED_EDGE ( 'NONE', *, *, #591, .F. ) ;
#1158 = DIRECTION ( 'NONE',  ( -0.000000000000000000, -0.7071067811865661135, -0.7071067811865290320 ) ) ;
#1159 = VERTEX_POINT ( 'NONE', #1116 ) ;
#1160 = FACE_OUTER_BOUND ( 'NONE', #93, .T. ) ;
#1161 = DIRECTION ( 'NONE',  ( 1.000000000000000000, -0.000000000000000000, -0.000000000000000000 ) ) ;
#1162 = EDGE_CURVE ( 'NONE', #1026, #1173, #1443, .T. ) ;
#1163 = DIRECTION ( 'NONE',  ( 0.000000000000000000, -1.000000000000000000, 0.000000000000000000 ) ) ;
#1164 = DIRECTION ( 'NONE',  ( -0.7071067811865784369, 0.000000000000000000, -0.7071067811865165975 ) ) ;
#1165 = ORIENTED_EDGE ( 'NONE', *, *, #308, .T. ) ;
#1166 = LINE ( 'NONE', #610, #1255 ) ;
#1167 = CARTESIAN_POINT ( 'NONE',  ( 5.151375866824748684, 5.704904510000012863, 42.25527851000001078 ) ) ;
#1168 = EDGE_CURVE ( 'NONE', #750, #1117, #636, .T. ) ;
#1169 = LINE ( 'NONE', #928, #496 ) ;
#1170 = AXIS2_PLACEMENT_3D ( 'NONE', #63, #1225, #1326 ) ;
#1171 = CARTESIAN_POINT ( 'NONE',  ( 6.125002459999994819, 6.204904510000015527, 43.05217851000001161 ) ) ;
#1172 = AXIS2_PLACEMENT_3D ( 'NONE', #540, #751, #892 ) ;
#1173 = VERTEX_POINT ( 'NONE', #1107 ) ;
#1174 = DIRECTION ( 'NONE',  ( -1.000000000000000000, -0.000000000000000000, 0.000000000000000000 ) ) ;
#1175 = DIRECTION ( 'NONE',  ( -0.7071067811865784369, 0.000000000000000000, 0.7071067811865165975 ) ) ;
#1176 = DIRECTION ( 'NONE',  ( 0.000000000000000000, 0.000000000000000000, 1.000000000000000000 ) ) ;
#1177 = CYLINDRICAL_SURFACE ( 'NONE', #929, 0.4999999999999973910 ) ;
#1178 = EDGE_CURVE ( 'NONE', #1444, #703, #832, .T. ) ;
#1179 = EDGE_LOOP ( 'NONE', ( #1420, #767, #609, #260 ) ) ;
#1180 = DIRECTION ( 'NONE',  ( -0.7071067811865537900, 0.000000000000000000, 0.7071067811865413555 ) ) ;
#1181 = VECTOR ( 'NONE', #461, 39.37007874015748143 ) ;
#1182 = DIRECTION ( 'NONE',  ( 1.000000000000000000, -0.000000000000000000, -0.000000000000000000 ) ) ;
#1183 = VECTOR ( 'NONE', #1498, 39.37007874015748143 ) ;
#1184 = EDGE_LOOP ( 'NONE', ( #464, #1277 ) ) ;
#1185 = DIRECTION ( 'NONE',  ( 1.000000000000000000, -0.000000000000000000, -0.000000000000000000 ) ) ;
#1186 = CARTESIAN_POINT ( 'NONE',  ( 5.031252460000002813, 5.704904510000007534, 43.05217851000001161 ) ) ;
#1187 = EDGE_LOOP ( 'NONE', ( #181, #552, #1449, #503 ) ) ;
#1188 = LINE ( 'NONE', #1432, #205 ) ;
#1189 = EDGE_CURVE ( 'NONE', #1086, #584, #709, .T. ) ;
#1190 = LINE ( 'NONE', #612, #923 ) ;
#1191 = ORIENTED_EDGE ( 'NONE', *, *, #1398, .T. ) ;
#1192 = CIRCLE ( 'NONE', #1391, 0.1406000000000034167 ) ;
#1193 = DIRECTION ( 'NONE',  ( 0.000000000000000000, 0.000000000000000000, 1.000000000000000000 ) ) ;
#1194 = AXIS2_PLACEMENT_3D ( 'NONE', #1471, #773, #428 ) ;
#1195 = EDGE_LOOP ( 'NONE', ( #1066, #550, #1298, #305 ) ) ;
#1196 = LINE ( 'NONE', #968, #1009 ) ;
#1197 = DIRECTION ( 'NONE',  ( 0.000000000000000000, 0.000000000000000000, 1.000000000000000000 ) ) ;
#1198 = AXIS2_PLACEMENT_3D ( 'NONE', #225, #1254, #699 ) ;
#1199 = ADVANCED_FACE ( 'NONE', ( #1435 ), #611, .T. ) ;
#1200 = VERTEX_POINT ( 'NONE', #397 ) ;
#1201 = DIRECTION ( 'NONE',  ( 1.000000000000000000, -0.000000000000000000, -0.000000000000000000 ) ) ;
#1202 = ORIENTED_EDGE ( 'NONE', *, *, #1414, .F. ) ;
#1203 = CARTESIAN_POINT ( 'NONE',  ( 5.375002459999995708, 5.142404510000014639, 42.61467851000001161 ) ) ;
#1204 = AXIS2_PLACEMENT_3D ( 'NONE', #1060, #125, #36 ) ;
#1205 = LINE ( 'NONE', #1426, #729 ) ;
#1206 = AXIS2_PLACEMENT_3D ( 'NONE', #160, #1325, #1216 ) ;
#1207 = ORIENTED_EDGE ( 'NONE', *, *, #1364, .F. ) ;
#1208 =( NAMED_UNIT ( * ) PLANE_ANGLE_UNIT ( ) SI_UNIT ( $, .RADIAN. ) );
#1209 = EDGE_CURVE ( 'NONE', #302, #1405, #27, .T. ) ;
#1210 = DIRECTION ( 'NONE',  ( 0.000000000000000000, 0.000000000000000000, -1.000000000000000000 ) ) ;
#1211 = ORIENTED_EDGE ( 'NONE', *, *, #1475, .F. ) ;
#1212 = CARTESIAN_POINT ( 'NONE',  ( 5.437502459999998372, 3.209904510000012756, 43.55217851000001161 ) ) ;
#1213 = ORIENTED_EDGE ( 'NONE', *, *, #1503, .T. ) ;
#1214 = DIRECTION ( 'NONE',  ( 0.000000000000000000, 0.000000000000000000, 1.000000000000000000 ) ) ;
#1215 = ORIENTED_EDGE ( 'NONE', *, *, #141, .F. ) ;
#1216 = DIRECTION ( 'NONE',  ( 1.000000000000000000, 0.000000000000000000, 0.000000000000000000 ) ) ;
#1217 = EDGE_CURVE ( 'NONE', #1026, #48, #559, .T. ) ;
#1218 = CARTESIAN_POINT ( 'NONE',  ( 5.437502459999995708, 3.709904510000012756, 42.30217851000000451 ) ) ;
#1219 = EDGE_CURVE ( 'NONE', #1342, #1243, #630, .T. ) ;
#1220 = ORIENTED_EDGE ( 'NONE', *, *, #150, .T. ) ;
#1221 = CARTESIAN_POINT ( 'NONE',  ( 6.125002459999994819, 3.709904510000012756, 42.30217851000000451 ) ) ;
#1222 = DIRECTION ( 'NONE',  ( 0.000000000000000000, 0.000000000000000000, 1.000000000000000000 ) ) ;
#1223 = VERTEX_POINT ( 'NONE', #867 ) ;
#1224 = PRODUCT_CONTEXT ( 'NONE', #963, 'mechanical' ) ;
#1225 = DIRECTION ( 'NONE',  ( -1.000000000000000000, 0.000000000000000000, 0.000000000000000000 ) ) ;
#1226 = EDGE_LOOP ( 'NONE', ( #219, #1472, #616, #1191 ) ) ;
#1227 = CARTESIAN_POINT ( 'NONE',  ( 6.125002459999994819, 5.704904510000016415, 43.05217851000000451 ) ) ;
#1228 = ADVANCED_FACE ( 'NONE', ( #1457 ), #415, .T. ) ;
#1229 = ORIENTED_EDGE ( 'NONE', *, *, #1162, .F. ) ;
#1230 = DIRECTION ( 'NONE',  ( -0.7071067811865660024, 0.7071067811865289210, 0.000000000000000000 ) ) ;
#1231 = DIRECTION ( 'NONE',  ( 0.000000000000000000, -1.000000000000000000, 0.000000000000000000 ) ) ;
#1232 = DIRECTION ( 'NONE',  ( 0.000000000000000000, 0.000000000000000000, 1.000000000000000000 ) ) ;
#1233 = ORIENTED_EDGE ( 'NONE', *, *, #394, .F. ) ;
#1234 = AXIS2_PLACEMENT_3D ( 'NONE', #340, #1379, #561 ) ;
#1235 = PLANE ( 'NONE',  #989 ) ;
#1236 = EDGE_CURVE ( 'NONE', #1033, #1086, #55, .T. ) ;
#1237 = DIRECTION ( 'NONE',  ( 1.000000000000000000, -0.000000000000000000, -0.000000000000000000 ) ) ;
#1238 = FACE_BOUND ( 'NONE', #1292, .T. ) ;
#1239 = AXIS2_PLACEMENT_3D ( 'NONE', #842, #1294, #268 ) ;
#1240 = CARTESIAN_POINT ( 'NONE',  ( 6.125002459999994819, 3.397404510000013200, 42.30217851000000451 ) ) ;
#1241 = VERTEX_POINT ( 'NONE', #853 ) ;
#1242 = CARTESIAN_POINT ( 'NONE',  ( 5.333290892239542558, 5.366328307280829435, 43.44796694223955313 ) ) ;
#1243 = VERTEX_POINT ( 'NONE', #271 ) ;
#1244 = CARTESIAN_POINT ( 'NONE',  ( 5.437502459999995708, 3.459904510000012756, 41.67717851000001161 ) ) ;
#1245 = ORIENTED_EDGE ( 'NONE', *, *, #1217, .T. ) ;
#1246 = ADVANCED_FACE ( 'NONE', ( #521, #1085 ), #987, .F. ) ;
#1247 = VECTOR ( 'NONE', #696, 39.37007874015748143 ) ;
#1248 = CARTESIAN_POINT ( 'NONE',  ( 6.125002459999994819, 6.204904510000015527, 42.55217851000000451 ) ) ;
#1249 = VECTOR ( 'NONE', #683, 39.37007874015748143 ) ;
#1250 = VERTEX_POINT ( 'NONE', #86 ) ;
#1251 = DIRECTION ( 'NONE',  ( -1.000000000000000000, 0.000000000000000000, 0.000000000000000000 ) ) ;
#1252 = VERTEX_POINT ( 'NONE', #444 ) ;
#1253 = DIRECTION ( 'NONE',  ( 1.000000000000000000, -0.000000000000000000, -0.000000000000000000 ) ) ;
#1254 = DIRECTION ( 'NONE',  ( -0.7071067811865661135, -0.000000000000000000, -0.7071067811865290320 ) ) ;
#1255 = VECTOR ( 'NONE', #960, 39.37007874015748854 ) ;
#1256 = FACE_OUTER_BOUND ( 'NONE', #865, .T. ) ;
#1257 = ORIENTED_EDGE ( 'NONE', *, *, #1030, .F. ) ;
#1258 = DIRECTION ( 'NONE',  ( 0.000000000000000000, -1.000000000000000000, 0.000000000000000000 ) ) ;
#1259 = CIRCLE ( 'NONE', #599, 0.2500000000000030531 ) ;
#1260 = ORIENTED_EDGE ( 'NONE', *, *, #811, .T. ) ;
#1261 = CARTESIAN_POINT ( 'NONE',  ( 5.151375866824748684, 5.704904510000012863, 42.11467851000000451 ) ) ;
#1262 = DIRECTION ( 'NONE',  ( -1.000000000000000000, 0.000000000000000000, 0.000000000000000000 ) ) ;
#1263 = CARTESIAN_POINT ( 'NONE',  ( 5.281252460000000148, 5.704904510000012863, 42.11467851000000451 ) ) ;
#1264 = VECTOR ( 'NONE', #1103, 39.37007874015748143 ) ;
#1265 = EDGE_CURVE ( 'NONE', #315, #1159, #190, .T. ) ;
#1266 = ORIENTED_EDGE ( 'NONE', *, *, #1022, .F. ) ;
#1267 = CARTESIAN_POINT ( 'NONE',  ( 5.218752460000001037, 5.204904510000007534, 42.11467851000000451 ) ) ;
#1268 = EDGE_CURVE ( 'NONE', #1458, #560, #509, .T. ) ;
#1269 = EDGE_LOOP ( 'NONE', ( #710, #762, #1358, #377, #1324 ) ) ;
#1270 = CARTESIAN_POINT ( 'NONE',  ( 5.031252460000002813, 5.704904510000012863, 42.11467851000000451 ) ) ;
#1271 = CIRCLE ( 'NONE', #807, 0.1406000000000034167 ) ;
#1272 = PLANE ( 'NONE',  #1198 ) ;
#1273 = VECTOR ( 'NONE', #651, 39.37007874015748143 ) ;
#1274 = PLANE ( 'NONE',  #535 ) ;
#1275 = EDGE_LOOP ( 'NONE', ( #349, #357, #1381, #429, #1044 ) ) ;
#1276 = CARTESIAN_POINT ( 'NONE',  ( 6.062502459999994819, 6.204904510000015527, 43.05217851000000451 ) ) ;
#1277 = ORIENTED_EDGE ( 'NONE', *, *, #994, .T. ) ;
#1278 = CARTESIAN_POINT ( 'NONE',  ( 6.062502459999994819, 5.704904510000016415, 43.05217851000001161 ) ) ;
#1279 = EDGE_CURVE ( 'NONE', #755, #997, #435, .T. ) ;
#1280 = CARTESIAN_POINT ( 'NONE',  ( 5.031252460000002813, 5.704904510000012863, 42.11467851000000451 ) ) ;
#1281 = CARTESIAN_POINT ( 'NONE',  ( 6.125002459999994819, 5.704904510000012863, 43.33342851000001161 ) ) ;
#1282 = ORIENTED_EDGE ( 'NONE', *, *, #368, .F. ) ;
#1283 = CYLINDRICAL_SURFACE ( 'NONE', #903, 0.2812500000000001665 ) ;
#1284 = CIRCLE ( 'NONE', #746, 0.1329999999999999238 ) ;
#1285 = ORIENTED_EDGE ( 'NONE', *, *, #505, .T. ) ;
#1286 = LINE ( 'NONE', #1485, #587 ) ;
#1287 = EDGE_CURVE ( 'NONE', #107, #637, #344, .T. ) ;
#1288 = CARTESIAN_POINT ( 'NONE',  ( 6.125002459999994819, 3.397404510000013200, 0.000000000000000000 ) ) ;
#1289 = CIRCLE ( 'NONE', #626, 0.2812500000000001665 ) ;
#1290 = CYLINDRICAL_SURFACE ( 'NONE', #866, 0.4999999999999973910 ) ;
#1291 = DIRECTION ( 'NONE',  ( -0.000000000000000000, -1.000000000000000000, -0.000000000000000000 ) ) ;
#1292 = EDGE_LOOP ( 'NONE', ( #88, #135 ) ) ;
#1293 = PLANE ( 'NONE',  #668 ) ;
#1294 = DIRECTION ( 'NONE',  ( 0.000000000000000000, 1.000000000000000000, 0.000000000000000000 ) ) ;
#1295 = CARTESIAN_POINT ( 'NONE',  ( 5.750002459999993043, 3.459904510000012756, 42.05217851000001161 ) ) ;
#1296 = ADVANCED_FACE ( 'NONE', ( #1384 ), #1274, .F. ) ;
#1297 = CARTESIAN_POINT ( 'NONE',  ( 5.281252460000000148, 5.704904510000016415, 43.05217851000000451 ) ) ;
#1298 = ORIENTED_EDGE ( 'NONE', *, *, #276, .T. ) ;
#1299 = FACE_OUTER_BOUND ( 'NONE', #1275, .T. ) ;
#1300 = DIRECTION ( 'NONE',  ( 0.000000000000000000, 0.000000000000000000, -1.000000000000000000 ) ) ;
#1301 = ADVANCED_FACE ( 'NONE', ( #536 ), #1357, .F. ) ;
#1302 = CARTESIAN_POINT ( 'NONE',  ( 5.031252460000002813, 5.704904510000012863, 42.91917851000001605 ) ) ;
#1303 = ORIENTED_EDGE ( 'NONE', *, *, #289, .T. ) ;
#1304 = LINE ( 'NONE', #1081, #83 ) ;
#1305 = VECTOR ( 'NONE', #1394, 39.37007874015748143 ) ;
#1306 = DIRECTION ( 'NONE',  ( -0.7071067811865661135, -0.000000000000000000, -0.7071067811865290320 ) ) ;
#1307 = VECTOR ( 'NONE', #669, 39.37007874015748143 ) ;
#1308 = ORIENTED_EDGE ( 'NONE', *, *, #276, .F. ) ;
#1309 = LINE ( 'NONE', #483, #697 ) ;
#1310 = CARTESIAN_POINT ( 'NONE',  ( 5.437502459999995708, 3.459904510000012756, 42.30217851000000451 ) ) ;
#1311 = ORIENTED_EDGE ( 'NONE', *, *, #180, .T. ) ;
#1312 = DIRECTION ( 'NONE',  ( 0.7071067811865537900, 0.000000000000000000, -0.7071067811865413555 ) ) ;
#1313 = EDGE_CURVE ( 'NONE', #641, #584, #217, .T. ) ;
#1314 = DIRECTION ( 'NONE',  ( 0.000000000000000000, 0.000000000000000000, -1.000000000000000000 ) ) ;
#1315 = VERTEX_POINT ( 'NONE', #780 ) ;
#1316 = PRODUCT ( 'module rail block v2', 'module rail block v2', '', ( #1224 ) ) ;
#1317 = AXIS2_PLACEMENT_3D ( 'NONE', #934, #1509, #466 ) ;
#1318 = CARTESIAN_POINT ( 'NONE',  ( 5.281252460000000148, 5.704904510000012863, 42.11467851000000451 ) ) ;
#1319 = ORIENTED_EDGE ( 'NONE', *, *, #320, .F. ) ;
#1320 = PLANE ( 'NONE',  #1204 ) ;
#1321 = AXIS2_PLACEMENT_3D ( 'NONE', #1270, #230, #1130 ) ;
#1322 = EDGE_CURVE ( 'NONE', #1458, #107, #1010, .T. ) ;
#1323 = AXIS2_PLACEMENT_3D ( 'NONE', #1280, #1161, #705 ) ;
#1324 = ORIENTED_EDGE ( 'NONE', *, *, #1236, .T. ) ;
#1325 = DIRECTION ( 'NONE',  ( 0.000000000000000000, 0.000000000000000000, 1.000000000000000000 ) ) ;
#1326 = DIRECTION ( 'NONE',  ( 0.000000000000000000, 0.000000000000000000, 1.000000000000000000 ) ) ;
#1327 = ORIENTED_EDGE ( 'NONE', *, *, #724, .T. ) ;
#1328 = CARTESIAN_POINT ( 'NONE',  ( 5.375002459999995708, 3.397404510000013200, 42.05217851000001161 ) ) ;
#1329 = VECTOR ( 'NONE', #1335, 39.37007874015748143 ) ;
#1330 = DIRECTION ( 'NONE',  ( 0.000000000000000000, 0.000000000000000000, -1.000000000000000000 ) ) ;
#1331 = ADVANCED_FACE ( 'NONE', ( #666 ), #622, .F. ) ;
#1332 = ORIENTED_EDGE ( 'NONE', *, *, #68, .F. ) ;
#1333 = CARTESIAN_POINT ( 'NONE',  ( 5.281252460000000148, 5.704904510000012863, 42.11467851000000451 ) ) ;
#1334 = ORIENTED_EDGE ( 'NONE', *, *, #1421, .T. ) ;
#1335 = DIRECTION ( 'NONE',  ( 0.000000000000000000, 0.000000000000000000, -1.000000000000000000 ) ) ;
#1336 = FACE_BOUND ( 'NONE', #462, .T. ) ;
#1337 = EDGE_LOOP ( 'NONE', ( #1149, #307, #251, #298, #643, #256, #1213 ) ) ;
#1338 = CARTESIAN_POINT ( 'NONE',  ( 6.125002459999994819, 0.000000000000000000, 42.05217851000001161 ) ) ;
#1339 = ORIENTED_EDGE ( 'NONE', *, *, #800, .F. ) ;
#1340 = DIRECTION ( 'NONE',  ( -0.000000000000000000, 1.000000000000000000, -0.000000000000000000 ) ) ;
#1341 = DIRECTION ( 'NONE',  ( 0.000000000000000000, 0.000000000000000000, 1.000000000000000000 ) ) ;
#1342 = VERTEX_POINT ( 'NONE', #1240 ) ;
#1343 = DIRECTION ( 'NONE',  ( 1.000000000000000000, -0.000000000000000000, -0.000000000000000000 ) ) ;
#1344 = ADVANCED_FACE ( 'NONE', ( #904, #658 ), #1367, .F. ) ;
#1345 = EDGE_LOOP ( 'NONE', ( #1348, #67, #1080, #343 ) ) ;
#1346 = CARTESIAN_POINT ( 'NONE',  ( 6.125002459999994819, 3.209904510000012756, 42.05217851000001161 ) ) ;
#1347 = CARTESIAN_POINT ( 'NONE',  ( 5.281252460000000148, 5.267404510000007534, 42.48967851000000451 ) ) ;
#1348 = ORIENTED_EDGE ( 'NONE', *, *, #1279, .T. ) ;
#1349 = DIRECTION ( 'NONE',  ( 0.000000000000000000, 0.000000000000000000, -1.000000000000000000 ) ) ;
#1350 = ORIENTED_EDGE ( 'NONE', *, *, #1084, .T. ) ;
#1351 = CIRCLE ( 'NONE', #701, 0.4999999999999973910 ) ;
#1352 = LINE ( 'NONE', #660, #427 ) ;
#1353 = ORIENTED_EDGE ( 'NONE', *, *, #406, .T. ) ;
#1354 = DIRECTION ( 'NONE',  ( 1.000000000000000000, -0.000000000000000000, -0.000000000000000000 ) ) ;
#1355 = EDGE_CURVE ( 'NONE', #988, #151, #621, .T. ) ;
#1356 = ORIENTED_EDGE ( 'NONE', *, *, #800, .T. ) ;
#1357 = PLANE ( 'NONE',  #1393 ) ;
#1358 = ORIENTED_EDGE ( 'NONE', *, *, #58, .T. ) ;
#1359 = DIRECTION ( 'NONE',  ( 0.000000000000000000, 0.000000000000000000, -1.000000000000000000 ) ) ;
#1360 = CLOSED_SHELL ( 'NONE', ( #1123, #1104, #519, #534, #526, #1407, #231, #1344, #1296, #5, #778, #1246, #836, #24, #22, #788, #890, #351, #1077, #210, #1331, #77, #1144, #403, #1438, #1091, #1386, #1228, #856, #679, #1301, #1154, #1199, #565, #964, #246, #50, #375, #489, #864, #120, #727, #1376, #761, #359, #114, #602, #1430, #647, #104 ) ) ;
#1361 = ORIENTED_EDGE ( 'NONE', *, *, #657, .T. ) ;
#1362 = AXIS2_PLACEMENT_3D ( 'NONE', #642, #528, #623 ) ;
#1363 = CARTESIAN_POINT ( 'NONE',  ( 6.125002459999994819, 5.704904510000012863, 43.05217851000001161 ) ) ;
#1364 = EDGE_CURVE ( 'NONE', #921, #29, #304, .T. ) ;
#1365 = CARTESIAN_POINT ( 'NONE',  ( 5.031252460000002813, 0.000000000000000000, 0.000000000000000000 ) ) ;
#1366 = AXIS2_PLACEMENT_3D ( 'NONE', #295, #1354, #1222 ) ;
#1367 = PLANE ( 'NONE',  #12 ) ;
#1368 = ORIENTED_EDGE ( 'NONE', *, *, #715, .F. ) ;
#1369 = CARTESIAN_POINT ( 'NONE',  ( 5.354126949605896968, 5.358731726886935220, 43.46880299960590577 ) ) ;
#1370 = PRODUCT_DEFINITION_CONTEXT ( 'detailed design', #341, 'design' ) ;
#1371 = EDGE_LOOP ( 'NONE', ( #1476, #13, #1339, #288 ) ) ;
#1372 = DIRECTION ( 'NONE',  ( 0.000000000000000000, -1.000000000000000000, 0.000000000000000000 ) ) ;
#1373 = CARTESIAN_POINT ( 'NONE',  ( 5.750002459999993931, 0.000000000000000000, 42.05217851000001161 ) ) ;
#1374 = EDGE_CURVE ( 'NONE', #1241, #313, #1463, .T. ) ;
#1375 = DIRECTION ( 'NONE',  ( -0.7071067811865661135, 0.000000000000000000, 0.7071067811865290320 ) ) ;
#1376 = ADVANCED_FACE ( 'NONE', ( #1495 ), #452, .F. ) ;
#1377 = AXIS2_PLACEMENT_3D ( 'NONE', #1, #1185, #367 ) ;
#1378 = EDGE_LOOP ( 'NONE', ( #1462, #64, #677, #242 ) ) ;
#1379 = DIRECTION ( 'NONE',  ( -1.000000000000000000, 0.000000000000000000, 0.000000000000000000 ) ) ;
#1380 = VECTOR ( 'NONE', #546, 39.37007874015748854 ) ;
#1381 = ORIENTED_EDGE ( 'NONE', *, *, #838, .F. ) ;
#1382 = CARTESIAN_POINT ( 'NONE',  ( 5.031252460000002813, 6.204904510000015527, 42.11467851000000451 ) ) ;
#1383 = DIRECTION ( 'NONE',  ( -1.000000000000000000, -0.000000000000000000, -0.000000000000000000 ) ) ;
#1384 = FACE_OUTER_BOUND ( 'NONE', #1051, .T. ) ;
#1385 = AXIS2_PLACEMENT_3D ( 'NONE', #835, #1182, #1197 ) ;
#1386 = ADVANCED_FACE ( 'NONE', ( #1256 ), #208, .T. ) ;
#1387 = VERTEX_POINT ( 'NONE', #1281 ) ;
#1388 = DIRECTION ( 'NONE',  ( 0.5773502691896290617, -0.5773502691896089667, 0.5773502691896392758 ) ) ;
#1389 = ORIENTED_EDGE ( 'NONE', *, *, #1268, .F. ) ;
#1390 = DIRECTION ( 'NONE',  ( -0.000000000000000000, 1.000000000000000000, -0.000000000000000000 ) ) ;
#1391 = AXIS2_PLACEMENT_3D ( 'NONE', #682, #1146, #900 ) ;
#1392 = DIRECTION ( 'NONE',  ( 0.000000000000000000, 2.497689594207308227E-15, 1.000000000000000000 ) ) ;
#1393 = AXIS2_PLACEMENT_3D ( 'NONE', #895, #311, #1017 ) ;
#1394 = DIRECTION ( 'NONE',  ( 1.000000000000000000, -0.000000000000000000, -0.000000000000000000 ) ) ;
#1395 = VERTEX_POINT ( 'NONE', #240 ) ;
#1396 = CARTESIAN_POINT ( 'NONE',  ( 5.750002459999993931, 3.209904510000012756, 42.05217851000001161 ) ) ;
#1397 = CIRCLE ( 'NONE', #737, 0.4375000000000031641 ) ;
#1398 = EDGE_CURVE ( 'NONE', #703, #1444, #670, .T. ) ;
#1399 = VERTEX_POINT ( 'NONE', #106 ) ;
#1400 = DIRECTION ( 'NONE',  ( 0.000000000000000000, 0.000000000000000000, -1.000000000000000000 ) ) ;
#1401 = CYLINDRICAL_SURFACE ( 'NONE', #978, 0.3750000000000002220 ) ;
#1402 = LINE ( 'NONE', #127, #1305 ) ;
#1403 = VECTOR ( 'NONE', #756, 39.37007874015748143 ) ;
#1404 = CARTESIAN_POINT ( 'NONE',  ( 5.375002460000002813, 5.704904510000012863, 43.18517851000001428 ) ) ;
#1405 = VERTEX_POINT ( 'NONE', #1047 ) ;
#1406 = DIRECTION ( 'NONE',  ( 0.000000000000000000, 1.000000000000000000, 0.000000000000000000 ) ) ;
#1407 = ADVANCED_FACE ( 'NONE', ( #253 ), #1409, .T. ) ;
#1408 = CARTESIAN_POINT ( 'NONE',  ( 5.375002459999995708, 3.209904510000012756, 43.48967851000001161 ) ) ;
#1409 = PLANE ( 'NONE',  #155 ) ;
#1410 = DIRECTION ( 'NONE',  ( 0.000000000000000000, 0.000000000000000000, 1.000000000000000000 ) ) ;
#1411 = ORIENTED_EDGE ( 'NONE', *, *, #1217, .F. ) ;
#1412 = DIRECTION ( 'NONE',  ( 0.000000000000000000, 0.000000000000000000, 1.000000000000000000 ) ) ;
#1413 = DIRECTION ( 'NONE',  ( 1.000000000000000000, -0.000000000000000000, -0.000000000000000000 ) ) ;
#1414 = EDGE_CURVE ( 'NONE', #1250, #1086, #1169, .T. ) ;
#1415 = CARTESIAN_POINT ( 'NONE',  ( 5.750002459999993931, 3.397404510000013200, 42.05217851000001161 ) ) ;
#1416 = B_SPLINE_CURVE_WITH_KNOTS ( 'NONE', 3,
 ( #1000, #425, #418, #886 ),
 .UNSPECIFIED., .F., .F.,
 ( 4, 4 ),
 ( 0.000000000000000000, 0.002318772848255738848 ),
 .UNSPECIFIED. ) ;
#1417 = DIRECTION ( 'NONE',  ( -1.000000000000000000, 0.000000000000000000, 0.000000000000000000 ) ) ;
#1418 = ORIENTED_EDGE ( 'NONE', *, *, #1152, .F. ) ;
#1419 = CARTESIAN_POINT ( 'NONE',  ( 5.750002459999993043, 3.209904510000012756, 42.05217851000001161 ) ) ;
#1420 = ORIENTED_EDGE ( 'NONE', *, *, #406, .F. ) ;
#1421 = EDGE_CURVE ( 'NONE', #1095, #970, #793, .T. ) ;
#1422 = EDGE_CURVE ( 'NONE', #997, #641, #1309, .T. ) ;
#1423 = DIRECTION ( 'NONE',  ( 0.000000000000000000, 0.000000000000000000, 1.000000000000000000 ) ) ;
#1424 = VERTEX_POINT ( 'NONE', #113 ) ;
#1425 = DIRECTION ( 'NONE',  ( 0.000000000000000000, 0.000000000000000000, 1.000000000000000000 ) ) ;
#1426 = CARTESIAN_POINT ( 'NONE',  ( 6.125002459999994819, 5.704904510000012863, 42.91917851000001605 ) ) ;
#1427 = CIRCLE ( 'NONE', #525, 0.4375000000000031641 ) ;
#1428 = ORIENTED_EDGE ( 'NONE', *, *, #734, .F. ) ;
#1429 = CYLINDRICAL_SURFACE ( 'NONE', #365, 0.3750000000000002220 ) ;
#1430 = ADVANCED_FACE ( 'NONE', ( #589 ), #85, .T. ) ;
#1431 = ORIENTED_EDGE ( 'NONE', *, *, #770, .F. ) ;
#1432 = CARTESIAN_POINT ( 'NONE',  ( 5.375002459999995708, 3.709904510000012756, 42.61467851000001161 ) ) ;
#1433 = FACE_OUTER_BOUND ( 'NONE', #876, .T. ) ;
#1434 = ORIENTED_EDGE ( 'NONE', *, *, #386, .T. ) ;
#1435 = FACE_OUTER_BOUND ( 'NONE', #592, .T. ) ;
#1436 = ORIENTED_EDGE ( 'NONE', *, *, #874, .F. ) ;
#1437 = CARTESIAN_POINT ( 'NONE',  ( 5.343752460000001925, 5.704904510000016415, 42.55217851000000451 ) ) ;
#1438 = ADVANCED_FACE ( 'NONE', ( #374 ), #1290, .T. ) ;
#1439 = CIRCLE ( 'NONE', #783, 0.2812500000000001665 ) ;
#1440 = CARTESIAN_POINT ( 'NONE',  ( 5.031252460000002813, 5.704904510000012863, 43.05217851000001161 ) ) ;
#1441 = VECTOR ( 'NONE', #1383, 39.37007874015748143 ) ;
#1442 = ORIENTED_EDGE ( 'NONE', *, *, #1364, .T. ) ;
#1443 = LINE ( 'NONE', #278, #168 ) ;
#1444 = VERTEX_POINT ( 'NONE', #582 ) ;
#1445 = CARTESIAN_POINT ( 'NONE',  ( 5.375002459999995708, 5.142404510000014639, 42.61467851000001161 ) ) ;
#1446 = VECTOR ( 'NONE', #371, 39.37007874015748143 ) ;
#1447 = LINE ( 'NONE', #769, #512 ) ;
#1448 = EDGE_CURVE ( 'NONE', #324, #858, #207, .T. ) ;
#1449 = ORIENTED_EDGE ( 'NONE', *, *, #1178, .T. ) ;
#1450 = CIRCLE ( 'NONE', #797, 0.4999999999999973910 ) ;
#1451 = CARTESIAN_POINT ( 'NONE',  ( 6.125002459999994819, 0.000000000000000000, 0.000000000000000000 ) ) ;
#1452 = ORIENTED_EDGE ( 'NONE', *, *, #823, .F. ) ;
#1453 = CARTESIAN_POINT ( 'NONE',  ( 5.343752460000001925, 5.704904510000016415, 42.55217851000000451 ) ) ;
#1454 = CARTESIAN_POINT ( 'NONE',  ( 5.375002459999995708, 3.709904510000012756, 42.61467851000001161 ) ) ;
#1455 = EDGE_LOOP ( 'NONE', ( #944, #439 ) ) ;
#1456 = CIRCLE ( 'NONE', #927, 0.2812500000000001665 ) ;
#1457 = FACE_OUTER_BOUND ( 'NONE', #514, .T. ) ;
#1458 = VERTEX_POINT ( 'NONE', #706 ) ;
#1459 = CARTESIAN_POINT ( 'NONE',  ( 5.375002459999995708, 5.704904510000016415, 43.48967851000001161 ) ) ;
#1460 = AXIS2_PLACEMENT_3D ( 'NONE', #1333, #1343, #169 ) ;
#1461 = CARTESIAN_POINT ( 'NONE',  ( 5.281252460000000148, 5.267404510000007534, 42.11467851000000451 ) ) ;
#1462 = ORIENTED_EDGE ( 'NONE', *, *, #543, .T. ) ;
#1463 = LINE ( 'NONE', #1141, #547 ) ;
#1464 = EDGE_CURVE ( 'NONE', #939, #1075, #1284, .T. ) ;
#1465 = ORIENTED_EDGE ( 'NONE', *, *, #1219, .T. ) ;
#1466 = DIRECTION ( 'NONE',  ( 1.000000000000000000, -0.000000000000000000, -0.000000000000000000 ) ) ;
#1467 = CARTESIAN_POINT ( 'NONE',  ( 6.125002459999994819, 5.704904510000016415, 43.05217851000001161 ) ) ;
#1468 = AXIS2_PLACEMENT_3D ( 'NONE', #252, #1180, #1406 ) ;
#1469 = VERTEX_POINT ( 'NONE', #26 ) ;
#1470 = VECTOR ( 'NONE', #798, 39.37007874015748143 ) ;
#1471 = CARTESIAN_POINT ( 'NONE',  ( 5.031252460000002813, 5.704904510000007534, 42.11467851000000451 ) ) ;
#1472 = ORIENTED_EDGE ( 'NONE', *, *, #453, .F. ) ;
#1473 = CIRCLE ( 'NONE', #16, 0.3750000000000002220 ) ;
#1474 = CARTESIAN_POINT ( 'NONE',  ( 5.375002459999995708, 5.204904510000007534, 42.61467851000001161 ) ) ;
#1475 = EDGE_CURVE ( 'NONE', #48, #1387, #1039, .T. ) ;
#1476 = ORIENTED_EDGE ( 'NONE', *, *, #1414, .T. ) ;
#1477 = CYLINDRICAL_SURFACE ( 'NONE', #1124, 0.4999999999999973910 ) ;
#1478 = LINE ( 'NONE', #404, #244 ) ;
#1479 = CARTESIAN_POINT ( 'NONE',  ( 5.031252460000002813, 5.704904510000007534, 41.61467851000000451 ) ) ;
#1480 = EDGE_LOOP ( 'NONE', ( #577, #1452, #574, #116, #659 ) ) ;
#1481 = DIRECTION ( 'NONE',  ( 1.000000000000000000, -0.000000000000000000, -0.000000000000000000 ) ) ;
#1482 = EDGE_LOOP ( 'NONE', ( #422, #490, #399, #1078 ) ) ;
#1483 = EDGE_CURVE ( 'NONE', #313, #750, #1055, .T. ) ;
#1484 = VECTOR ( 'NONE', #702, 39.37007874015748143 ) ;
#1485 = CARTESIAN_POINT ( 'NONE',  ( 5.281252460000000148, 5.704904510000012863, 41.97407850999999823 ) ) ;
#1486 = EDGE_CURVE ( 'NONE', #1405, #1117, #719, .T. ) ;
#1487 = CARTESIAN_POINT ( 'NONE',  ( 5.218752460000001037, 6.204904510000015527, 43.05217851000001161 ) ) ;
#1488 = CARTESIAN_POINT ( 'NONE',  ( 6.125002459999994819, 3.459904510000012756, 41.67717851000001161 ) ) ;
#1489 = ORIENTED_EDGE ( 'NONE', *, *, #1068, .F. ) ;
#1490 = CARTESIAN_POINT ( 'NONE',  ( 5.750002459999993043, 3.209904510000012756, 42.18517851000000718 ) ) ;
#1491 = EDGE_LOOP ( 'NONE', ( #804, #388, #1431, #273 ) ) ;
#1492 = FACE_OUTER_BOUND ( 'NONE', #976, .T. ) ;
#1493 = CARTESIAN_POINT ( 'NONE',  ( 6.125002459999994819, 6.142404510000016415, 43.05217851000000451 ) ) ;
#1494 = EDGE_CURVE ( 'NONE', #1315, #1075, #1402, .T. ) ;
#1495 = FACE_OUTER_BOUND ( 'NONE', #801, .T. ) ;
#1496 = AXIS2_PLACEMENT_3D ( 'NONE', #1295, #1504, #1176 ) ;
#1497 = VERTEX_POINT ( 'NONE', #597 ) ;
#1498 = DIRECTION ( 'NONE',  ( 1.000000000000000000, 0.000000000000000000, 0.000000000000000000 ) ) ;
#1499 = CONICAL_SURFACE ( 'NONE', #846, 0.4375000000000031641, 0.7853981633974516097 ) ;
#1500 = EDGE_LOOP ( 'NONE', ( #229, #544, #725, #962, #499 ) ) ;
#1501 = LINE ( 'NONE', #925, #608 ) ;
#1502 = PLANE ( 'NONE',  #469 ) ;
#1503 = EDGE_CURVE ( 'NONE', #313, #45, #1064, .T. ) ;
#1504 = DIRECTION ( 'NONE',  ( -0.000000000000000000, 1.000000000000000000, -0.000000000000000000 ) ) ;
#1505 = VECTOR ( 'NONE', #165, 39.37007874015748854 ) ;
#1506 = VERTEX_POINT ( 'NONE', #1071 ) ;
#1507 = CARTESIAN_POINT ( 'NONE',  ( 6.125002459999994819, 5.704904510000016415, 43.55217851000001161 ) ) ;
#1508 = ORIENTED_EDGE ( 'NONE', *, *, #899, .F. ) ;
#1509 = DIRECTION ( 'NONE',  ( 1.000000000000000000, -0.000000000000000000, -0.000000000000000000 ) ) ;
#1510 = DIMENSIONAL_EXPONENTS ( 1.000000000000000000, 0.000000000000000000, 0.000000000000000000, 0.000000000000000000, 0.000000000000000000, 0.000000000000000000, 0.000000000000000000 ) ;
#1511 = DIRECTION ( 'NONE',  ( 0.000000000000000000, 0.000000000000000000, 1.000000000000000000 ) ) ;
ENDSEC;
END-ISO-10303-21;
